gene_id	dataset_index	tip	branch	t	N	S	omega	dN	dS	lnL	kappa	is_terminal	qc_flag
101241at33090	1	c_grandiflora	4..3	0.085	937.4	322.6	0.0987	0.0085	0.086	-2175.915306	1.63646	True	ok
101241at33090	1		4..5	0.075	937.4	322.6	0.0987	0.0074	0.0754	-2175.915306	1.63646	False	ok
101241at33090	1	a_halleri	5..1	0.034	937.4	322.6	0.0987	0.0034	0.0348	-2175.915306	1.63646	True	ok
101241at33090	1	a_thaliana	5..2	0.067	937.4	322.6	0.0987	0.0067	0.0677	-2175.915306	1.63646	True	ok
101701at33090	2	c_grandiflora	4..3	0.108	2012.0	622.0	0.1401	0.0148	0.1053	-4819.518631	1.64555	True	ok
101701at33090	2		4..5	0.092	2012.0	622.0	0.1401	0.0125	0.0893	-4819.518631	1.64555	False	ok
101701at33090	2	a_halleri	5..1	0.061	2012.0	622.0	0.1401	0.0083	0.0589	-4819.518631	1.64555	True	ok
101701at33090	2	a_thaliana	5..2	0.077	2012.0	622.0	0.1401	0.0105	0.0747	-4819.518631	1.64555	True	ok
102307at33090	3	c_grandiflora	4..3	0.046	774.1	254.9	0.0549	0.0029	0.0533	-1707.004549	1.84432	True	ok
102307at33090	3		4..5	0.14	774.1	254.9	0.0549	0.0089	0.1616	-1707.004549	1.84432	False	ok
102307at33090	3	a_halleri	5..1	0.006	774.1	254.9	0.0549	0.0004	0.0074	-1707.004549	1.84432	True	ok
102307at33090	3	a_thaliana	5..2	0.052	774.1	254.9	0.0549	0.0033	0.0597	-1707.004549	1.84432	True	ok
103267at33090	4	c_grandiflora	4..3	0.126	1416.5	473.5	0.3577	0.029	0.0811	-3527.603187	2.42072	True	ok
103267at33090	4		4..5	0.061	1416.5	473.5	0.3577	0.0139	0.0389	-3527.603187	2.42072	False	ok
103267at33090	4	a_halleri	5..1	0.055	1416.5	473.5	0.3577	0.0126	0.0353	-3527.603187	2.42072	True	ok
103267at33090	4	a_thaliana	5..2	0.1	1416.5	473.5	0.3577	0.0231	0.0646	-3527.603187	2.42072	True	ok
103382at33090	5	c_grandiflora	4..3	0.157	830.7	273.3	0.2788	0.0319	0.1143	-2203.148011	2.19523	True	ok
103382at33090	5		4..5	0.108	830.7	273.3	0.2788	0.0219	0.0786	-2203.148011	2.19523	False	ok
103382at33090	5	a_halleri	5..1	0.098	830.7	273.3	0.2788	0.0199	0.0714	-2203.148011	2.19523	True	ok
103382at33090	5	a_thaliana	5..2	0.108	830.7	273.3	0.2788	0.022	0.079	-2203.148011	2.19523	True	ok
104557at33090	6	c_grandiflora	4..3	0.048	1006.8	376.2	0.1538	0.0064	0.0417	-2338.128082	2.99346	True	ok
104557at33090	6		4..5	0.066	1006.8	376.2	0.1538	0.0088	0.0572	-2338.128082	2.99346	False	ok
104557at33090	6	a_halleri	5..1	0.042	1006.8	376.2	0.1538	0.0056	0.0367	-2338.128082	2.99346	True	ok
104557at33090	6	a_thaliana	5..2	0.06	1006.8	376.2	0.1538	0.008	0.052	-2338.128082	2.99346	True	ok
104821at33090	7	c_grandiflora	4..3	0.097	1018.2	310.8	0.1401	0.0132	0.0944	-2331.108294	1.89304	True	ok
104821at33090	7		4..5	0.055	1018.2	310.8	0.1401	0.0075	0.0534	-2331.108294	1.89304	False	ok
104821at33090	7	a_halleri	5..1	0.069	1018.2	310.8	0.1401	0.0095	0.0675	-2331.108294	1.89304	True	ok
104821at33090	7	a_thaliana	5..2	0.081	1018.2	310.8	0.1401	0.0111	0.0794	-2331.108294	1.89304	True	ok
104867at33090	8	c_grandiflora	4..3	0.06	2135.4	612.6	0.1829	0.0099	0.0544	-5039.088516	2.2377	True	ok
104867at33090	8		4..5	0.115	2135.4	612.6	0.1829	0.0193	0.1055	-5039.088516	2.2377	False	ok
104867at33090	8	a_halleri	5..1	0.074	2135.4	612.6	0.1829	0.0123	0.0674	-5039.088516	2.2377	True	ok
104867at33090	8	a_thaliana	5..2	0.088	2135.4	612.6	0.1829	0.0147	0.0804	-5039.088516	2.2377	True	ok
105044at33090	9	c_grandiflora	4..3	0.111	1673.8	489.2	0.0879	0.011	0.1257	-3820.990805	1.26239	True	ok
105044at33090	9		4..5	0.063	1673.8	489.2	0.0879	0.0063	0.0712	-3820.990805	1.26239	False	ok
105044at33090	9	a_halleri	5..1	0.034	1673.8	489.2	0.0879	0.0034	0.039	-3820.990805	1.26239	True	ok
105044at33090	9	a_thaliana	5..2	0.103	1673.8	489.2	0.0879	0.0103	0.1172	-3820.990805	1.26239	True	ok
105782at33090	10	c_grandiflora	4..3	0.075	804.8	284.2	0.1144	0.0083	0.0724	-1797.561745	2.53032	True	ok
105782at33090	10		4..5	0.081	804.8	284.2	0.1144	0.009	0.0783	-1797.561745	2.53032	False	ok
105782at33090	10	a_halleri	5..1	0.019	804.8	284.2	0.1144	0.0021	0.0185	-1797.561745	2.53032	True	ok
105782at33090	10	a_thaliana	5..2	0.043	804.8	284.2	0.1144	0.0047	0.0414	-1797.561745	2.53032	True	ok
105867at33090	11	c_grandiflora	4..3	0.06	949.3	331.7	0.0789	0.0049	0.0626	-2237.490888	2.41594	True	ok
105867at33090	11		4..5	0.117	949.3	331.7	0.0789	0.0097	0.123	-2237.490888	2.41594	False	ok
105867at33090	11	a_halleri	5..1	0.057	949.3	331.7	0.0789	0.0047	0.0599	-2237.490888	2.41594	True	ok
105867at33090	11	a_thaliana	5..2	0.075	949.3	331.7	0.0789	0.0062	0.0785	-2237.490888	2.41594	True	ok
106769at33090	12	c_grandiflora	4..3	0.054	865.2	283.8	0.0823	0.0048	0.0586	-1980.494866	2.11476	True	ok
106769at33090	12		4..5	0.049	865.2	283.8	0.0823	0.0044	0.053	-1980.494866	2.11476	False	ok
106769at33090	12	a_halleri	5..1	0.084	865.2	283.8	0.0823	0.0074	0.0904	-1980.494866	2.11476	True	ok
106769at33090	12	a_thaliana	5..2	0.076	865.2	283.8	0.0823	0.0067	0.082	-1980.494866	2.11476	True	ok
106886at33090	13	c_grandiflora	4..3	0.112	980.5	261.5	0.0408	0.0063	0.1537	-2210.151021	1.55589	True	ok
106886at33090	13		4..5	0.078	980.5	261.5	0.0408	0.0044	0.1071	-2210.151021	1.55589	False	ok
106886at33090	13	a_halleri	5..1	0.037	980.5	261.5	0.0408	0.0021	0.051	-2210.151021	1.55589	True	ok
106886at33090	13	a_thaliana	5..2	0.16	980.5	261.5	0.0408	0.009	0.2199	-2210.151021	1.55589	True	ok
107107at33090	14	c_grandiflora	4..3	0.114	1180.9	343.1	0.3031	0.025	0.0824	-2882.356657	1.41426	True	ok
107107at33090	14		4..5	0.086	1180.9	343.1	0.3031	0.0189	0.0625	-2882.356657	1.41426	False	ok
107107at33090	14	a_halleri	5..1	0.081	1180.9	343.1	0.3031	0.0179	0.059	-2882.356657	1.41426	True	ok
107107at33090	14	a_thaliana	5..2	0.084	1180.9	343.1	0.3031	0.0184	0.0608	-2882.356657	1.41426	True	ok
108705at33090	15	c_grandiflora	4..3	0.055	1017.7	377.3	0.1658	0.0078	0.047	-2600.13194	1.83816	True	ok
108705at33090	15		4..5	0.115	1017.7	377.3	0.1658	0.0162	0.0976	-2600.13194	1.83816	False	ok
108705at33090	15	a_halleri	5..1	0.088	1017.7	377.3	0.1658	0.0124	0.0749	-2600.13194	1.83816	True	ok
108705at33090	15	a_thaliana	5..2	0.103	1017.7	377.3	0.1658	0.0146	0.0881	-2600.13194	1.83816	True	ok
10924at33090	16	c_grandiflora	4..3	0.053	2197.6	694.4	0.2085	0.0092	0.0441	-5047.107418	1.95617	True	ok
10924at33090	16		4..5	0.115	2197.6	694.4	0.2085	0.0201	0.0962	-5047.107418	1.95617	False	ok
10924at33090	16	a_halleri	5..1	0.045	2197.6	694.4	0.2085	0.0079	0.0377	-5047.107418	1.95617	True	ok
10924at33090	16	a_thaliana	5..2	0.042	2197.6	694.4	0.2085	0.0074	0.0353	-5047.107418	1.95617	True	ok
109586at33090	17	c_grandiflora	4..3	0.078	1150.1	391.9	0.1374	0.01	0.0725	-2772.028041	1.67477	True	ok
109586at33090	17		4..5	0.079	1150.1	391.9	0.1374	0.0101	0.0735	-2772.028041	1.67477	False	ok
109586at33090	17	a_halleri	5..1	0.045	1150.1	391.9	0.1374	0.0058	0.042	-2772.028041	1.67477	True	ok
109586at33090	17	a_thaliana	5..2	0.107	1150.1	391.9	0.1374	0.0138	0.1004	-2772.028041	1.67477	True	ok
109823at33090	18	c_grandiflora	4..3	0.105	771.2	296.8	0.1136	0.0111	0.0976	-1825.984601	2.70858	True	ok
109823at33090	18		4..5	0.079	771.2	296.8	0.1136	0.0083	0.0729	-1825.984601	2.70858	False	ok
109823at33090	18	a_halleri	5..1	0.027	771.2	296.8	0.1136	0.0029	0.0253	-1825.984601	2.70858	True	ok
109823at33090	18	a_thaliana	5..2	0.041	771.2	296.8	0.1136	0.0043	0.0382	-1825.984601	2.70858	True	ok
110222at33090	19	c_grandiflora	4..3	0.113	1373.0	391.0	0.1894	0.0193	0.1021	-3257.884513	1.42036	True	ok
110222at33090	19		4..5	0.125	1373.0	391.0	0.1894	0.0214	0.1132	-3257.884513	1.42036	False	ok
110222at33090	19	a_halleri	5..1	0.059	1373.0	391.0	0.1894	0.0102	0.0536	-3257.884513	1.42036	True	ok
110222at33090	19	a_thaliana	5..2	0.08	1373.0	391.0	0.1894	0.0136	0.0718	-3257.884513	1.42036	True	ok
111210at33090	20	c_grandiflora	4..3	0.13	826.4	268.6	0.1268	0.0162	0.1274	-1910.152495	1.9172	True	ok
111210at33090	20		4..5	0.073	826.4	268.6	0.1268	0.009	0.0713	-1910.152495	1.9172	False	ok
111210at33090	20	a_halleri	5..1	0.039	826.4	268.6	0.1268	0.0048	0.0377	-1910.152495	1.9172	True	ok
111210at33090	20	a_thaliana	5..2	0.045	826.4	268.6	0.1268	0.0056	0.0444	-1910.152495	1.9172	True	ok
111213at33090	1	c_grandiflora	4..3	0.027	746.6	294.4	0.1573	0.0035	0.0225	-1813.035312	2.39095	True	ok
111213at33090	1		4..5	0.091	746.6	294.4	0.1573	0.0121	0.0769	-1813.035312	2.39095	False	ok
111213at33090	1	a_halleri	5..1	0.067	746.6	294.4	0.1573	0.0089	0.0568	-1813.035312	2.39095	True	ok
111213at33090	1	a_thaliana	5..2	0.063	746.6	294.4	0.1573	0.0083	0.0528	-1813.035312	2.39095	True	ok
111249at33090	2	c_grandiflora	4..3	0.164	911.9	297.1	0.2748	0.0331	0.1205	-2392.521993	1.49689	True	ok
111249at33090	2		4..5	0.126	911.9	297.1	0.2748	0.0254	0.0926	-2392.521993	1.49689	False	ok
111249at33090	2	a_halleri	5..1	0.067	911.9	297.1	0.2748	0.0135	0.0491	-2392.521993	1.49689	True	ok
111249at33090	2	a_thaliana	5..2	0.11	911.9	297.1	0.2748	0.0222	0.0808	-2392.521993	1.49689	True	ok
111924at33090	3	c_grandiflora	4..3	0.122	742.9	232.1	0.0972	0.0127	0.1308	-1737.955005	1.98351	True	ok
111924at33090	3		4..5	0.081	742.9	232.1	0.0972	0.0084	0.0862	-1737.955005	1.98351	False	ok
111924at33090	3	a_halleri	5..1	0.06	742.9	232.1	0.0972	0.0062	0.0641	-1737.955005	1.98351	True	ok
111924at33090	3	a_thaliana	5..2	0.08	742.9	232.1	0.0972	0.0083	0.0851	-1737.955005	1.98351	True	ok
112325at33090	4	c_grandiflora	4..3	0.152	860.5	255.5	0.1143	0.0183	0.1603	-2095.93358	1.97417	True	ok
112325at33090	4		4..5	0.137	860.5	255.5	0.1143	0.0164	0.1436	-2095.93358	1.97417	False	ok
112325at33090	4	a_halleri	5..1	0.078	860.5	255.5	0.1143	0.0094	0.082	-2095.93358	1.97417	True	ok
112325at33090	4	a_thaliana	5..2	0.084	860.5	255.5	0.1143	0.0101	0.0879	-2095.93358	1.97417	True	ok
112461at33090	5	c_grandiflora	4..3	0.096	1284.8	389.2	0.138	0.013	0.0941	-2938.330218	1.58532	True	ok
112461at33090	5		4..5	0.116	1284.8	389.2	0.138	0.0158	0.1145	-2938.330218	1.58532	False	ok
112461at33090	5	a_halleri	5..1	0.04	1284.8	389.2	0.138	0.0054	0.0394	-2938.330218	1.58532	True	ok
112461at33090	5	a_thaliana	5..2	0.04	1284.8	389.2	0.138	0.0055	0.0397	-2938.330218	1.58532	True	ok
112542at33090	6	c_grandiflora	4..3	0.061	765.1	299.9	0.1804	0.0089	0.0496	-1886.024047	2.59198	True	ok
112542at33090	6		4..5	0.039	765.1	299.9	0.1804	0.0057	0.0315	-1886.024047	2.59198	False	ok
112542at33090	6	a_halleri	5..1	0.089	765.1	299.9	0.1804	0.0131	0.0724	-1886.024047	2.59198	True	ok
112542at33090	6	a_thaliana	5..2	0.086	765.1	299.9	0.1804	0.0126	0.0701	-1886.024047	2.59198	True	ok
114996at33090	7	c_grandiflora	4..3	0.038	2996.5	948.5	0.2029	0.0065	0.0321	-6819.107564	1.76014	True	ok
114996at33090	7		4..5	0.097	2996.5	948.5	0.2029	0.0166	0.0817	-6819.107564	1.76014	False	ok
114996at33090	7	a_halleri	5..1	0.044	2996.5	948.5	0.2029	0.0076	0.0373	-6819.107564	1.76014	True	ok
114996at33090	7	a_thaliana	5..2	0.061	2996.5	948.5	0.2029	0.0105	0.0517	-6819.107564	1.76014	True	ok
115240at33090	8	c_grandiflora	4..3	0.118	922.8	319.2	0.0759	0.0095	0.1253	-2152.606419	2.37862	True	ok
115240at33090	8		4..5	0.096	922.8	319.2	0.0759	0.0078	0.1025	-2152.606419	2.37862	False	ok
115240at33090	8	a_halleri	5..1	0.037	922.8	319.2	0.0759	0.003	0.0389	-2152.606419	2.37862	True	ok
115240at33090	8	a_thaliana	5..2	0.063	922.8	319.2	0.0759	0.0051	0.0666	-2152.606419	2.37862	True	ok
115992at33090	9	c_grandiflora	4..3	0.086	648.8	248.2	0.028	0.0027	0.0962	-1498.095274	3.1969	True	ok
115992at33090	9		4..5	0.066	648.8	248.2	0.028	0.0021	0.0747	-1498.095274	3.1969	False	ok
115992at33090	9	a_halleri	5..1	0.04	648.8	248.2	0.028	0.0012	0.0444	-1498.095274	3.1969	True	ok
115992at33090	9	a_thaliana	5..2	0.058	648.8	248.2	0.028	0.0018	0.0647	-1498.095274	3.1969	True	ok
116411at33090	10	c_grandiflora	4..3	0.038	822.3	272.7	0.098	0.0038	0.0391	-1865.203873	1.94533	True	ok
116411at33090	10		4..5	0.078	822.3	272.7	0.098	0.0079	0.0808	-1865.203873	1.94533	False	ok
116411at33090	10	a_halleri	5..1	0.05	822.3	272.7	0.098	0.005	0.0513	-1865.203873	1.94533	True	ok
116411at33090	10	a_thaliana	5..2	0.068	822.3	272.7	0.098	0.0069	0.0704	-1865.203873	1.94533	True	ok
116516at33090	11	c_grandiflora	4..3	0.038	1216.7	427.3	0.0955	0.0037	0.0383	-2833.476503	2.24072	True	ok
116516at33090	11		4..5	0.072	1216.7	427.3	0.0955	0.007	0.0728	-2833.476503	2.24072	False	ok
116516at33090	11	a_halleri	5..1	0.059	1216.7	427.3	0.0955	0.0056	0.0591	-2833.476503	2.24072	True	ok
116516at33090	11	a_thaliana	5..2	0.083	1216.7	427.3	0.0955	0.0079	0.0832	-2833.476503	2.24072	True	ok
116585at33090	12	c_grandiflora	4..3	0.142	844.8	277.2	0.1479	0.0195	0.1317	-2054.368627	1.70217	True	ok
116585at33090	12		4..5	0.11	844.8	277.2	0.1479	0.0151	0.1021	-2054.368627	1.70217	False	ok
116585at33090	12	a_halleri	5..1	0.037	844.8	277.2	0.1479	0.005	0.0341	-2054.368627	1.70217	True	ok
116585at33090	12	a_thaliana	5..2	0.068	844.8	277.2	0.1479	0.0094	0.0635	-2054.368627	1.70217	True	ok
116623at33090	13	c_grandiflora	4..3	0.067	913.5	298.5	0.2055	0.0114	0.0554	-2360.327642	1.96246	True	ok
116623at33090	13		4..5	0.133	913.5	298.5	0.2055	0.0227	0.1103	-2360.327642	1.96246	False	ok
116623at33090	13	a_halleri	5..1	0.123	913.5	298.5	0.2055	0.021	0.102	-2360.327642	1.96246	True	ok
116623at33090	13	a_thaliana	5..2	0.102	913.5	298.5	0.2055	0.0175	0.0849	-2360.327642	1.96246	True	ok
117191at33090	14	c_grandiflora	4..3	0.073	862.8	343.2	0.0795	0.0057	0.0713	-2060.717234	2.87555	True	ok
117191at33090	14		4..5	0.073	862.8	343.2	0.0795	0.0057	0.0712	-2060.717234	2.87555	False	ok
117191at33090	14	a_halleri	5..1	0.059	862.8	343.2	0.0795	0.0046	0.0577	-2060.717234	2.87555	True	ok
117191at33090	14	a_thaliana	5..2	0.051	862.8	343.2	0.0795	0.004	0.0501	-2060.717234	2.87555	True	ok
117247at33090	15	c_grandiflora	4..3	0.082	776.7	264.3	0.1068	0.0087	0.0816	-1850.574786	2.07418	True	ok
117247at33090	15		4..5	0.06	776.7	264.3	0.1068	0.0065	0.0604	-1850.574786	2.07418	False	ok
117247at33090	15	a_halleri	5..1	0.088	776.7	264.3	0.1068	0.0094	0.0883	-1850.574786	2.07418	True	ok
117247at33090	15	a_thaliana	5..2	0.078	776.7	264.3	0.1068	0.0083	0.0776	-1850.574786	2.07418	True	ok
11800at33090	16	c_grandiflora	4..3	0.126	2848.0	947.0	0.0737	0.0101	0.1375	-6773.043979	2.10462	True	ok
11800at33090	16		4..5	0.079	2848.0	947.0	0.0737	0.0063	0.0861	-6773.043979	2.10462	False	ok
11800at33090	16	a_halleri	5..1	0.075	2848.0	947.0	0.0737	0.0061	0.0825	-6773.043979	2.10462	True	ok
11800at33090	16	a_thaliana	5..2	0.074	2848.0	947.0	0.0737	0.006	0.0814	-6773.043979	2.10462	True	ok
119439at33090	17	c_grandiflora	4..3	0.148	1010.3	393.7	0.0941	0.0133	0.1415	-2510.788875	1.96276	True	ok
119439at33090	17		4..5	0.097	1010.3	393.7	0.0941	0.0087	0.0925	-2510.788875	1.96276	False	ok
119439at33090	17	a_halleri	5..1	0.05	1010.3	393.7	0.0941	0.0045	0.0482	-2510.788875	1.96276	True	ok
119439at33090	17	a_thaliana	5..2	0.067	1010.3	393.7	0.0941	0.006	0.0641	-2510.788875	1.96276	True	ok
120031at33090	18	c_grandiflora	4..3	0.076	922.8	331.2	0.3506	0.0169	0.0482	-2361.894635	2.3555	True	ok
120031at33090	18		4..5	0.133	922.8	331.2	0.3506	0.0297	0.0846	-2361.894635	2.3555	False	ok
120031at33090	18	a_halleri	5..1	0.05	922.8	331.2	0.3506	0.0112	0.032	-2361.894635	2.3555	True	ok
120031at33090	18	a_thaliana	5..2	0.095	922.8	331.2	0.3506	0.0212	0.0605	-2361.894635	2.3555	True	ok
120455at33090	19	c_grandiflora	4..3	0.095	706.3	280.7	0.2151	0.0155	0.0721	-1811.567285	2.80141	True	ok
120455at33090	19		4..5	0.071	706.3	280.7	0.2151	0.0116	0.054	-1811.567285	2.80141	False	ok
120455at33090	19	a_halleri	5..1	0.079	706.3	280.7	0.2151	0.0129	0.0599	-1811.567285	2.80141	True	ok
120455at33090	19	a_thaliana	5..2	0.084	706.3	280.7	0.2151	0.0137	0.0635	-1811.567285	2.80141	True	ok
120589at33090	20	c_grandiflora	4..3	0.063	1227.4	359.6	0.0534	0.0042	0.0778	-2666.334456	1.2678	True	ok
120589at33090	20		4..5	0.051	1227.4	359.6	0.0534	0.0034	0.0629	-2666.334456	1.2678	False	ok
120589at33090	20	a_halleri	5..1	0.06	1227.4	359.6	0.0534	0.004	0.0743	-2666.334456	1.2678	True	ok
120589at33090	20	a_thaliana	5..2	0.075	1227.4	359.6	0.0534	0.005	0.0936	-2666.334456	1.2678	True	ok
121281at33090	1	c_grandiflora	4..3	0.064	771.5	293.5	0.1777	0.0093	0.0525	-1978.930006	2.72125	True	ok
121281at33090	1		4..5	0.129	771.5	293.5	0.1777	0.0189	0.1065	-1978.930006	2.72125	False	ok
121281at33090	1	a_halleri	5..1	0.073	771.5	293.5	0.1777	0.0108	0.0605	-1978.930006	2.72125	True	ok
121281at33090	1	a_thaliana	5..2	0.1	771.5	293.5	0.1777	0.0147	0.0828	-1978.930006	2.72125	True	ok
122367at33090	2	c_grandiflora	4..3	0.113	1009.8	418.2	0.2546	0.0203	0.0797	-2772.514155	2.24004	True	ok
122367at33090	2		4..5	0.094	1009.8	418.2	0.2546	0.0168	0.066	-2772.514155	2.24004	False	ok
122367at33090	2	a_halleri	5..1	0.067	1009.8	418.2	0.2546	0.0121	0.0475	-2772.514155	2.24004	True	ok
122367at33090	2	a_thaliana	5..2	0.125	1009.8	418.2	0.2546	0.0225	0.0883	-2772.514155	2.24004	True	ok
122422at33090	3	c_grandiflora	4..3	0.086	733.1	232.9	0.0777	0.0074	0.0958	-1686.412582	1.76128	True	ok
122422at33090	3		4..5	0.071	733.1	232.9	0.0777	0.0061	0.0787	-1686.412582	1.76128	False	ok
122422at33090	3	a_halleri	5..1	0.065	733.1	232.9	0.0777	0.0056	0.0726	-1686.412582	1.76128	True	ok
122422at33090	3	a_thaliana	5..2	0.082	733.1	232.9	0.0777	0.0071	0.0908	-1686.412582	1.76128	True	ok
122831at33090	4	c_grandiflora	4..3	0.082	1240.9	373.1	0.13	0.0107	0.0827	-2920.855758	1.9915	True	ok
122831at33090	4		4..5	0.065	1240.9	373.1	0.13	0.0085	0.0655	-2920.855758	1.9915	False	ok
122831at33090	4	a_halleri	5..1	0.089	1240.9	373.1	0.13	0.0116	0.0891	-2920.855758	1.9915	True	ok
122831at33090	4	a_thaliana	5..2	0.099	1240.9	373.1	0.13	0.0129	0.0993	-2920.855758	1.9915	True	ok
122958at33090	5	c_grandiflora	4..3	0.075	766.0	230.0	0.1535	0.011	0.0714	-1777.882248	1.1645	True	ok
122958at33090	5		4..5	0.092	766.0	230.0	0.1535	0.0135	0.0883	-1777.882248	1.1645	False	ok
122958at33090	5	a_halleri	5..1	0.048	766.0	230.0	0.1535	0.007	0.0459	-1777.882248	1.1645	True	ok
122958at33090	5	a_thaliana	5..2	0.081	766.0	230.0	0.1535	0.0119	0.0775	-1777.882248	1.1645	True	ok
123838at33090	6	c_grandiflora	4..3	0.159	780.6	254.4	0.1803	0.025	0.1385	-1954.168051	2.34099	True	ok
123838at33090	6		4..5	0.097	780.6	254.4	0.1803	0.0153	0.0846	-1954.168051	2.34099	False	ok
123838at33090	6	a_halleri	5..1	0.072	780.6	254.4	0.1803	0.0114	0.0633	-1954.168051	2.34099	True	ok
123838at33090	6	a_thaliana	5..2	0.093	780.6	254.4	0.1803	0.0147	0.0814	-1954.168051	2.34099	True	ok
125747at33090	7	c_grandiflora	4..3	0.057	759.4	224.6	0.1227	0.0073	0.0592	-1690.996575	1.37877	True	ok
125747at33090	7		4..5	0.086	759.4	224.6	0.1227	0.0109	0.0891	-1690.996575	1.37877	False	ok
125747at33090	7	a_halleri	5..1	0.041	759.4	224.6	0.1227	0.0052	0.0425	-1690.996575	1.37877	True	ok
125747at33090	7	a_thaliana	5..2	0.07	759.4	224.6	0.1227	0.0089	0.0725	-1690.996575	1.37877	True	ok
126138at33090	8	c_grandiflora	4..3	0.092	1208.9	405.1	0.1275	0.0113	0.0883	-2911.269692	1.85251	True	ok
126138at33090	8		4..5	0.114	1208.9	405.1	0.1275	0.014	0.1096	-2911.269692	1.85251	False	ok
126138at33090	8	a_halleri	5..1	0.041	1208.9	405.1	0.1275	0.005	0.0391	-2911.269692	1.85251	True	ok
126138at33090	8	a_thaliana	5..2	0.086	1208.9	405.1	0.1275	0.0105	0.0825	-2911.269692	1.85251	True	ok
126427at33090	9	c_grandiflora	4..3	0.053	721.4	244.6	0.218	0.0092	0.0424	-1864.235382	1.34639	True	ok
126427at33090	9		4..5	0.114	721.4	244.6	0.218	0.0199	0.0915	-1864.235382	1.34639	False	ok
126427at33090	9	a_halleri	5..1	0.069	721.4	244.6	0.218	0.0121	0.0556	-1864.235382	1.34639	True	ok
126427at33090	9	a_thaliana	5..2	0.158	721.4	244.6	0.218	0.0276	0.1266	-1864.235382	1.34639	True	ok
128774at33090	10	c_grandiflora	4..3	0.085	623.0	220.0	0.2292	0.0151	0.0658	-1501.224524	4.1823	True	ok
128774at33090	10		4..5	0.111	623.0	220.0	0.2292	0.0197	0.086	-1501.224524	4.1823	False	ok
128774at33090	10	a_halleri	5..1	0.037	623.0	220.0	0.2292	0.0065	0.0284	-1501.224524	4.1823	True	ok
128774at33090	10	a_thaliana	5..2	0.077	623.0	220.0	0.2292	0.0137	0.0599	-1501.224524	4.1823	True	ok
130268at33090	11	c_grandiflora	4..3	0.103	804.7	260.3	0.1038	0.0111	0.1068	-1953.829949	1.54234	True	ok
130268at33090	11		4..5	0.083	804.7	260.3	0.1038	0.0089	0.0859	-1953.829949	1.54234	False	ok
130268at33090	11	a_halleri	5..1	0.056	804.7	260.3	0.1038	0.006	0.0579	-1953.829949	1.54234	True	ok
130268at33090	11	a_thaliana	5..2	0.111	804.7	260.3	0.1038	0.0119	0.1146	-1953.829949	1.54234	True	ok
130279at33090	12	c_grandiflora	4..3	0.063	904.1	319.9	0.1754	0.0094	0.0535	-2246.098332	3.24621	True	ok
130279at33090	12		4..5	0.077	904.1	319.9	0.1754	0.0116	0.066	-2246.098332	3.24621	False	ok
130279at33090	12	a_halleri	5..1	0.091	904.1	319.9	0.1754	0.0136	0.0777	-2246.098332	3.24621	True	ok
130279at33090	12	a_thaliana	5..2	0.113	904.1	319.9	0.1754	0.0168	0.0959	-2246.098332	3.24621	True	ok
13039at33090	13	c_grandiflora	4..3	0.098	2189.1	726.9	0.1136	0.0111	0.0976	-5129.697092	2.39175	True	ok
13039at33090	13		4..5	0.045	2189.1	726.9	0.1136	0.0051	0.0444	-5129.697092	2.39175	False	ok
13039at33090	13	a_halleri	5..1	0.066	2189.1	726.9	0.1136	0.0075	0.0659	-5129.697092	2.39175	True	ok
13039at33090	13	a_thaliana	5..2	0.08	2189.1	726.9	0.1136	0.0091	0.08	-5129.697092	2.39175	True	ok
130637at33090	14	c_grandiflora	4..3	0.08	1044.3	362.7	0.0865	0.0072	0.0829	-2474.201823	1.77546	True	ok
130637at33090	14		4..5	0.065	1044.3	362.7	0.0865	0.0058	0.067	-2474.201823	1.77546	False	ok
130637at33090	14	a_halleri	5..1	0.081	1044.3	362.7	0.0865	0.0072	0.0836	-2474.201823	1.77546	True	ok
130637at33090	14	a_thaliana	5..2	0.065	1044.3	362.7	0.0865	0.0058	0.0669	-2474.201823	1.77546	True	ok
131556at33090	15	c_grandiflora	4..3	0.113	1068.5	350.5	0.132	0.0143	0.1084	-2627.574951	1.52058	True	ok
131556at33090	15		4..5	0.11	1068.5	350.5	0.132	0.014	0.106	-2627.574951	1.52058	False	ok
131556at33090	15	a_halleri	5..1	0.045	1068.5	350.5	0.132	0.0057	0.0432	-2627.574951	1.52058	True	ok
131556at33090	15	a_thaliana	5..2	0.099	1068.5	350.5	0.132	0.0125	0.095	-2627.574951	1.52058	True	ok
131874at33090	16	c_grandiflora	4..3	0.121	1471.8	553.2	0.1322	0.0145	0.1096	-3607.004226	2.46191	True	ok
131874at33090	16		4..5	0.071	1471.8	553.2	0.1322	0.0085	0.0639	-3607.004226	2.46191	False	ok
131874at33090	16	a_halleri	5..1	0.055	1471.8	553.2	0.1322	0.0065	0.0493	-3607.004226	2.46191	True	ok
131874at33090	16	a_thaliana	5..2	0.059	1471.8	553.2	0.1322	0.007	0.0531	-3607.004226	2.46191	True	ok
131914at33090	17	c_grandiflora	4..3	0.034	713.0	250.0	0.1102	0.0036	0.0331	-1698.381697	1.81233	True	ok
131914at33090	17		4..5	0.119	713.0	250.0	0.1102	0.0128	0.1159	-1698.381697	1.81233	False	ok
131914at33090	17	a_halleri	5..1	0.061	713.0	250.0	0.1102	0.0066	0.0597	-1698.381697	1.81233	True	ok
131914at33090	17	a_thaliana	5..2	0.078	713.0	250.0	0.1102	0.0084	0.0764	-1698.381697	1.81233	True	ok
133112at33090	18	c_grandiflora	4..3	0.044	917.1	324.9	0.1657	0.0063	0.038	-2171.901029	1.50316	True	ok
133112at33090	18		4..5	0.105	917.1	324.9	0.1657	0.0151	0.0912	-2171.901029	1.50316	False	ok
133112at33090	18	a_halleri	5..1	0.062	917.1	324.9	0.1657	0.0089	0.054	-2171.901029	1.50316	True	ok
133112at33090	18	a_thaliana	5..2	0.058	917.1	324.9	0.1657	0.0084	0.0507	-2171.901029	1.50316	True	ok
133622at33090	19	c_grandiflora	4..3	0.142	861.7	254.3	0.2161	0.0258	0.1196	-2195.306292	1.69267	True	ok
133622at33090	19		4..5	0.103	861.7	254.3	0.2161	0.0188	0.0869	-2195.306292	1.69267	False	ok
133622at33090	19	a_halleri	5..1	0.102	861.7	254.3	0.2161	0.0186	0.0862	-2195.306292	1.69267	True	ok
133622at33090	19	a_thaliana	5..2	0.126	861.7	254.3	0.2161	0.0229	0.106	-2195.306292	1.69267	True	ok
134078at33090	20	c_grandiflora	4..3	0.073	729.0	261.0	0.0568	0.0045	0.0793	-1674.124801	1.89582	True	ok
134078at33090	20		4..5	0.069	729.0	261.0	0.0568	0.0042	0.0748	-1674.124801	1.89582	False	ok
134078at33090	20	a_halleri	5..1	0.04	729.0	261.0	0.0568	0.0025	0.0437	-1674.124801	1.89582	True	ok
134078at33090	20	a_thaliana	5..2	0.088	729.0	261.0	0.0568	0.0055	0.0961	-1674.124801	1.89582	True	ok
135419at33090	1	c_grandiflora	4..3	0.081	937.5	313.5	0.1365	0.0104	0.0764	-2249.037792	2.31657	True	ok
135419at33090	1		4..5	0.103	937.5	313.5	0.1365	0.0132	0.097	-2249.037792	2.31657	False	ok
135419at33090	1	a_halleri	5..1	0.057	937.5	313.5	0.1365	0.0073	0.0536	-2249.037792	2.31657	True	ok
135419at33090	1	a_thaliana	5..2	0.091	937.5	313.5	0.1365	0.0118	0.0862	-2249.037792	2.31657	True	ok
135892at33090	2	c_grandiflora	4..3	0.05	1216.5	415.5	0.0925	0.0048	0.0517	-2858.458662	1.72883	True	ok
135892at33090	2		4..5	0.077	1216.5	415.5	0.0925	0.0074	0.0798	-2858.458662	1.72883	False	ok
135892at33090	2	a_halleri	5..1	0.059	1216.5	415.5	0.0925	0.0056	0.0606	-2858.458662	1.72883	True	ok
135892at33090	2	a_thaliana	5..2	0.102	1216.5	415.5	0.0925	0.0097	0.1049	-2858.458662	1.72883	True	ok
136118at33090	3	c_grandiflora	4..3	0.118	1473.1	467.9	0.1106	0.0133	0.1206	-3575.639596	1.24945	True	ok
136118at33090	3		4..5	0.093	1473.1	467.9	0.1106	0.0105	0.095	-3575.639596	1.24945	False	ok
136118at33090	3	a_halleri	5..1	0.074	1473.1	467.9	0.1106	0.0084	0.0763	-3575.639596	1.24945	True	ok
136118at33090	3	a_thaliana	5..2	0.075	1473.1	467.9	0.1106	0.0085	0.0767	-3575.639596	1.24945	True	ok
136267at33090	4	c_grandiflora	4..3	0.09	755.8	267.2	0.3862	0.0211	0.0547	-1895.880188	2.15894	True	ok
136267at33090	4		4..5	0.103	755.8	267.2	0.3862	0.0242	0.0626	-1895.880188	2.15894	False	ok
136267at33090	4	a_halleri	5..1	0.053	755.8	267.2	0.3862	0.0125	0.0323	-1895.880188	2.15894	True	ok
136267at33090	4	a_thaliana	5..2	0.079	755.8	267.2	0.3862	0.0187	0.0484	-1895.880188	2.15894	True	ok
1363at33090	5	c_grandiflora	4..3	0.045	3646.6	1171.4	0.1209	0.0054	0.0448	-8057.399194	2.17733	True	ok
1363at33090	5		4..5	0.091	3646.6	1171.4	0.1209	0.0109	0.0904	-8057.399194	2.17733	False	ok
1363at33090	5	a_halleri	5..1	0.028	3646.6	1171.4	0.1209	0.0034	0.0279	-8057.399194	2.17733	True	ok
1363at33090	5	a_thaliana	5..2	0.055	3646.6	1171.4	0.1209	0.0067	0.0552	-8057.399194	2.17733	True	ok
13643at33090	6	c_grandiflora	4..3	0.04	1841.2	666.8	0.0534	0.0023	0.0432	-4182.248512	1.78728	True	ok
13643at33090	6		4..5	0.083	1841.2	666.8	0.0534	0.0049	0.091	-4182.248512	1.78728	False	ok
13643at33090	6	a_halleri	5..1	0.044	1841.2	666.8	0.0534	0.0026	0.0482	-4182.248512	1.78728	True	ok
13643at33090	6	a_thaliana	5..2	0.058	1841.2	666.8	0.0534	0.0034	0.0637	-4182.248512	1.78728	True	ok
136579at33090	7	c_grandiflora	4..3	0.093	1015.1	310.9	0.1745	0.0147	0.084	-2312.348558	2.8073	True	ok
136579at33090	7		4..5	0.029	1015.1	310.9	0.1745	0.0046	0.0264	-2312.348558	2.8073	False	ok
136579at33090	7	a_halleri	5..1	0.087	1015.1	310.9	0.1745	0.0137	0.0785	-2312.348558	2.8073	True	ok
136579at33090	7	a_thaliana	5..2	0.057	1015.1	310.9	0.1745	0.009	0.0518	-2312.348558	2.8073	True	ok
137018at33090	8	c_grandiflora	4..3	0.09	888.9	320.1	0.0671	0.0064	0.096	-2151.814407	2.408	True	ok
137018at33090	8		4..5	0.103	888.9	320.1	0.0671	0.0073	0.1093	-2151.814407	2.408	False	ok
137018at33090	8	a_halleri	5..1	0.062	888.9	320.1	0.0671	0.0044	0.0663	-2151.814407	2.408	True	ok
137018at33090	8	a_thaliana	5..2	0.076	888.9	320.1	0.0671	0.0054	0.0811	-2151.814407	2.408	True	ok
137771at33090	9	c_grandiflora	4..3	0.055	1559.2	438.8	0.0967	0.006	0.0625	-3352.184752	1.47882	True	ok
137771at33090	9		4..5	0.039	1559.2	438.8	0.0967	0.0042	0.044	-3352.184752	1.47882	False	ok
137771at33090	9	a_halleri	5..1	0.061	1559.2	438.8	0.0967	0.0066	0.0684	-3352.184752	1.47882	True	ok
137771at33090	9	a_thaliana	5..2	0.079	1559.2	438.8	0.0967	0.0086	0.0889	-3352.184752	1.47882	True	ok
137787at33090	10	c_grandiflora	4..3	0.068	1490.5	447.5	0.222	0.0126	0.0567	-3685.931203	2.00057	True	ok
137787at33090	10		4..5	0.118	1490.5	447.5	0.222	0.0218	0.0982	-3685.931203	2.00057	False	ok
137787at33090	10	a_halleri	5..1	0.072	1490.5	447.5	0.222	0.0133	0.06	-3685.931203	2.00057	True	ok
137787at33090	10	a_thaliana	5..2	0.138	1490.5	447.5	0.222	0.0253	0.1141	-3685.931203	2.00057	True	ok
138782at33090	11	c_grandiflora	4..3	0.045	749.1	252.9	0.1412	0.0059	0.0421	-1813.21953	1.86103	True	ok
138782at33090	11		4..5	0.104	749.1	252.9	0.1412	0.0137	0.0968	-1813.21953	1.86103	False	ok
138782at33090	11	a_halleri	5..1	0.088	749.1	252.9	0.1412	0.0116	0.0821	-1813.21953	1.86103	True	ok
138782at33090	11	a_thaliana	5..2	0.082	749.1	252.9	0.1412	0.0108	0.0764	-1813.21953	1.86103	True	ok
139062at33090	12	c_grandiflora	4..3	0.074	832.0	260.0	0.199	0.0126	0.0633	-1851.5687	2.02569	True	ok
139062at33090	12		4..5	0.073	832.0	260.0	0.199	0.0124	0.0623	-1851.5687	2.02569	False	ok
139062at33090	12	a_halleri	5..1	0.059	832.0	260.0	0.199	0.01	0.0503	-1851.5687	2.02569	True	ok
139062at33090	12	a_thaliana	5..2	0.048	832.0	260.0	0.199	0.0083	0.0415	-1851.5687	2.02569	True	ok
139450at33090	13	c_grandiflora	4..3	0.103	1045.8	289.2	0.1878	0.0177	0.0944	-2565.774651	1.29047	True	ok
139450at33090	13		4..5	0.148	1045.8	289.2	0.1878	0.0255	0.1357	-2565.774651	1.29047	False	ok
139450at33090	13	a_halleri	5..1	0.066	1045.8	289.2	0.1878	0.0113	0.0604	-2565.774651	1.29047	True	ok
139450at33090	13	a_thaliana	5..2	0.121	1045.8	289.2	0.1878	0.0208	0.1107	-2565.774651	1.29047	True	ok
139497at33090	14	c_grandiflora	4..3	0.103	2434.6	721.4	0.1779	0.0167	0.094	-5825.719377	1.70097	True	ok
139497at33090	14		4..5	0.089	2434.6	721.4	0.1779	0.0145	0.0813	-5825.719377	1.70097	False	ok
139497at33090	14	a_halleri	5..1	0.071	2434.6	721.4	0.1779	0.0115	0.0648	-5825.719377	1.70097	True	ok
139497at33090	14	a_thaliana	5..2	0.086	2434.6	721.4	0.1779	0.014	0.0787	-5825.719377	1.70097	True	ok
140683at33090	15	c_grandiflora	4..3	0.096	782.6	297.4	0.3257	0.0204	0.0627	-2103.504011	1.33744	True	ok
140683at33090	15		4..5	0.156	782.6	297.4	0.3257	0.0331	0.1017	-2103.504011	1.33744	False	ok
140683at33090	15	a_halleri	5..1	0.081	782.6	297.4	0.3257	0.0173	0.0531	-2103.504011	1.33744	True	ok
140683at33090	15	a_thaliana	5..2	0.067	782.6	297.4	0.3257	0.0141	0.0434	-2103.504011	1.33744	True	ok
140876at33090	16	c_grandiflora	4..3	0.101	651.5	230.5	0.1237	0.0118	0.0952	-1596.987074	2.98807	True	ok
140876at33090	16		4..5	0.111	651.5	230.5	0.1237	0.013	0.1051	-1596.987074	2.98807	False	ok
140876at33090	16	a_halleri	5..1	0.03	651.5	230.5	0.1237	0.0035	0.0285	-1596.987074	2.98807	True	ok
140876at33090	16	a_thaliana	5..2	0.108	651.5	230.5	0.1237	0.0127	0.1025	-1596.987074	2.98807	True	ok
141861at33090	17	c_grandiflora	4..3	0.076	663.2	212.8	0.2757	0.0154	0.0558	-1773.76042	2.3858	True	ok
141861at33090	17		4..5	0.163	663.2	212.8	0.2757	0.0331	0.1201	-1773.76042	2.3858	False	ok
141861at33090	17	a_halleri	5..1	0.11	663.2	212.8	0.2757	0.0224	0.0812	-1773.76042	2.3858	True	ok
141861at33090	17	a_thaliana	5..2	0.137	663.2	212.8	0.2757	0.0279	0.1012	-1773.76042	2.3858	True	ok
1419at33090	18	c_grandiflora	4..3	0.118	4124.4	1443.6	0.2928	0.0241	0.0825	-10281.550738	2.73965	True	ok
1419at33090	18		4..5	0.083	4124.4	1443.6	0.2928	0.017	0.058	-10281.550738	2.73965	False	ok
1419at33090	18	a_halleri	5..1	0.049	4124.4	1443.6	0.2928	0.01	0.0343	-10281.550738	2.73965	True	ok
1419at33090	18	a_thaliana	5..2	0.087	4124.4	1443.6	0.2928	0.0179	0.0611	-10281.550738	2.73965	True	ok
142382at33090	19	c_grandiflora	4..3	0.069	758.4	246.6	0.0892	0.0065	0.0734	-1759.237398	1.98906	True	ok
142382at33090	19		4..5	0.063	758.4	246.6	0.0892	0.006	0.0676	-1759.237398	1.98906	False	ok
142382at33090	19	a_halleri	5..1	0.068	758.4	246.6	0.0892	0.0065	0.0723	-1759.237398	1.98906	True	ok
142382at33090	19	a_thaliana	5..2	0.098	758.4	246.6	0.0892	0.0093	0.1048	-1759.237398	1.98906	True	ok
142433at33090	20	c_grandiflora	4..3	0.148	777.5	278.5	0.3154	0.0313	0.0993	-2140.293477	2.39262	True	ok
142433at33090	20		4..5	0.061	777.5	278.5	0.3154	0.0129	0.0409	-2140.293477	2.39262	False	ok
142433at33090	20	a_halleri	5..1	0.099	777.5	278.5	0.3154	0.021	0.0665	-2140.293477	2.39262	True	ok
142433at33090	20	a_thaliana	5..2	0.168	777.5	278.5	0.3154	0.0356	0.1129	-2140.293477	2.39262	True	ok
143102at33090	1	c_grandiflora	4..3	0.101	893.6	351.4	0.1529	0.0132	0.0861	-2237.363305	2.20837	True	ok
143102at33090	1		4..5	0.088	893.6	351.4	0.1529	0.0114	0.0745	-2237.363305	2.20837	False	ok
143102at33090	1	a_halleri	5..1	0.055	893.6	351.4	0.1529	0.0071	0.0467	-2237.363305	2.20837	True	ok
143102at33090	1	a_thaliana	5..2	0.076	893.6	351.4	0.1529	0.0099	0.0647	-2237.363305	2.20837	True	ok
143347at33090	2	c_grandiflora	4..3	0.085	750.6	242.4	0.0957	0.0086	0.0896	-1748.154955	1.41185	True	ok
143347at33090	2		4..5	0.071	750.6	242.4	0.0957	0.0071	0.0744	-1748.154955	1.41185	False	ok
143347at33090	2	a_halleri	5..1	0.057	750.6	242.4	0.0957	0.0057	0.06	-1748.154955	1.41185	True	ok
143347at33090	2	a_thaliana	5..2	0.086	750.6	242.4	0.0957	0.0086	0.0902	-1748.154955	1.41185	True	ok
143963at33090	3	c_grandiflora	4..3	0.097	716.4	276.6	0.3596	0.0216	0.0601	-1917.597878	2.49197	True	ok
143963at33090	3		4..5	0.079	716.4	276.6	0.3596	0.0177	0.0491	-1917.597878	2.49197	False	ok
143963at33090	3	a_halleri	5..1	0.104	716.4	276.6	0.3596	0.0232	0.0644	-1917.597878	2.49197	True	ok
143963at33090	3	a_thaliana	5..2	0.095	716.4	276.6	0.3596	0.0212	0.0589	-1917.597878	2.49197	True	ok
144144at33090	4	c_grandiflora	4..3	0.083	469.1	145.9	0.1319	0.0108	0.0816	-1040.133672	1.90605	True	ok
144144at33090	4		4..5	0.044	469.1	145.9	0.1319	0.0058	0.0437	-1040.133672	1.90605	False	ok
144144at33090	4	a_halleri	5..1	0.058	469.1	145.9	0.1319	0.0076	0.0576	-1040.133672	1.90605	True	ok
144144at33090	4	a_thaliana	5..2	0.048	469.1	145.9	0.1319	0.0063	0.0476	-1040.133672	1.90605	True	ok
144680at33090	5	c_grandiflora	4..3	3.562	501.3	182.7	0.1423	0.455	3.1975	-1902.901803	1.34461	True	ok
144680at33090	5		4..5	3.512	501.3	182.7	0.1423	0.4486	3.1526	-1902.901803	1.34461	False	ok
144680at33090	5	a_halleri	5..1	0.105	501.3	182.7	0.1423	0.0134	0.0942	-1902.901803	1.34461	True	ok
144680at33090	5	a_thaliana	5..2	0.023	501.3	182.7	0.1423	0.003	0.021	-1902.901803	1.34461	True	ok
144716at33090	6	c_grandiflora	4..3	0.086	651.0	222.0	0.292	0.0178	0.061	-1862.368768	1.78545	True	ok
144716at33090	6		4..5	0.1	651.0	222.0	0.292	0.0207	0.0708	-1862.368768	1.78545	False	ok
144716at33090	6	a_halleri	5..1	0.249	651.0	222.0	0.292	0.0513	0.1757	-1862.368768	1.78545	True	ok
144716at33090	6	a_thaliana	5..2	0.15	651.0	222.0	0.292	0.0308	0.1056	-1862.368768	1.78545	True	ok
144765at33090	7	c_grandiflora	4..3	0.138	743.4	294.6	0.1121	0.0141	0.1262	-1923.786338	2.57465	True	ok
144765at33090	7		4..5	0.085	743.4	294.6	0.1121	0.0087	0.0777	-1923.786338	2.57465	False	ok
144765at33090	7	a_halleri	5..1	0.062	743.4	294.6	0.1121	0.0063	0.0563	-1923.786338	2.57465	True	ok
144765at33090	7	a_thaliana	5..2	0.094	743.4	294.6	0.1121	0.0096	0.086	-1923.786338	2.57465	True	ok
144990at33090	8	c_grandiflora	4..3	0.096	672.0	237.0	0.0823	0.0082	0.1	-1603.148989	1.96209	True	ok
144990at33090	8		4..5	0.084	672.0	237.0	0.0823	0.0072	0.0869	-1603.148989	1.96209	False	ok
144990at33090	8	a_halleri	5..1	0.057	672.0	237.0	0.0823	0.0049	0.0595	-1603.148989	1.96209	True	ok
144990at33090	8	a_thaliana	5..2	0.082	672.0	237.0	0.0823	0.007	0.0853	-1603.148989	1.96209	True	ok
145061at33090	9	c_grandiflora	4..3	0.058	1429.5	517.5	0.1741	0.0085	0.049	-3526.400173	2.22785	True	ok
145061at33090	9		4..5	0.105	1429.5	517.5	0.1741	0.0154	0.0886	-3526.400173	2.22785	False	ok
145061at33090	9	a_halleri	5..1	0.062	1429.5	517.5	0.1741	0.0092	0.0528	-3526.400173	2.22785	True	ok
145061at33090	9	a_thaliana	5..2	0.081	1429.5	517.5	0.1741	0.012	0.0688	-3526.400173	2.22785	True	ok
145734at33090	10	c_grandiflora	4..3	0.087	954.6	251.4	0.0865	0.0091	0.1053	-2243.099938	1.26506	True	ok
145734at33090	10		4..5	0.081	954.6	251.4	0.0865	0.0084	0.0977	-2243.099938	1.26506	False	ok
145734at33090	10	a_halleri	5..1	0.052	954.6	251.4	0.0865	0.0054	0.0627	-2243.099938	1.26506	True	ok
145734at33090	10	a_thaliana	5..2	0.195	954.6	251.4	0.0865	0.0203	0.2353	-2243.099938	1.26506	True	ok
146354at33090	11	c_grandiflora	4..3	0.105	663.0	243.0	0.0896	0.0094	0.105	-1685.421972	2.38824	True	ok
146354at33090	11		4..5	0.14	663.0	243.0	0.0896	0.0125	0.1394	-1685.421972	2.38824	False	ok
146354at33090	11	a_halleri	5..1	0.112	663.0	243.0	0.0896	0.01	0.1116	-1685.421972	2.38824	True	ok
146354at33090	11	a_thaliana	5..2	0.073	663.0	243.0	0.0896	0.0065	0.0729	-1685.421972	2.38824	True	ok
146469at33090	12	c_grandiflora	4..3	0.121	597.0	231.0	0.0996	0.0115	0.1151	-1596.06749	1.831	True	ok
146469at33090	12		4..5	0.145	597.0	231.0	0.0996	0.0137	0.1379	-1596.06749	1.831	False	ok
146469at33090	12	a_halleri	5..1	0.103	597.0	231.0	0.0996	0.0097	0.0975	-1596.06749	1.831	True	ok
146469at33090	12	a_thaliana	5..2	0.109	597.0	231.0	0.0996	0.0103	0.1038	-1596.06749	1.831	True	ok
146772at33090	13	c_grandiflora	4..3	0.102	692.8	237.2	0.2134	0.0176	0.0823	-1747.020069	1.76318	True	ok
146772at33090	13		4..5	0.105	692.8	237.2	0.2134	0.0181	0.0847	-1747.020069	1.76318	False	ok
146772at33090	13	a_halleri	5..1	0.111	692.8	237.2	0.2134	0.019	0.089	-1747.020069	1.76318	True	ok
146772at33090	13	a_thaliana	5..2	0.068	692.8	237.2	0.2134	0.0117	0.0548	-1747.020069	1.76318	True	ok
146921at33090	14	c_grandiflora	4..3	0.102	536.2	198.8	0.0427	0.0048	0.113	-1303.458992	2.37191	True	ok
146921at33090	14		4..5	0.064	536.2	198.8	0.0427	0.003	0.0708	-1303.458992	2.37191	False	ok
146921at33090	14	a_halleri	5..1	0.051	536.2	198.8	0.0427	0.0024	0.0563	-1303.458992	2.37191	True	ok
146921at33090	14	a_thaliana	5..2	0.143	536.2	198.8	0.0427	0.0067	0.1579	-1303.458992	2.37191	True	ok
147083at33090	15	c_grandiflora	4..3	0.144	769.8	265.2	0.2381	0.0264	0.1108	-2030.030565	2.54539	True	ok
147083at33090	15		4..5	0.119	769.8	265.2	0.2381	0.0218	0.0917	-2030.030565	2.54539	False	ok
147083at33090	15	a_halleri	5..1	0.07	769.8	265.2	0.2381	0.0127	0.0535	-2030.030565	2.54539	True	ok
147083at33090	15	a_thaliana	5..2	0.117	769.8	265.2	0.2381	0.0214	0.0899	-2030.030565	2.54539	True	ok
147262at33090	16	c_grandiflora	4..3	0.116	795.6	332.4	0.13	0.013	0.1003	-2122.81565	1.82203	True	ok
147262at33090	16		4..5	0.081	795.6	332.4	0.13	0.0091	0.07	-2122.81565	1.82203	False	ok
147262at33090	16	a_halleri	5..1	0.094	795.6	332.4	0.13	0.0106	0.0815	-2122.81565	1.82203	True	ok
147262at33090	16	a_thaliana	5..2	0.098	795.6	332.4	0.13	0.011	0.085	-2122.81565	1.82203	True	ok
148839at33090	17	c_grandiflora	4..3	0.008	946.8	292.2	0.0975	0.0008	0.0082	-2034.008651	1.34701	True	ok
148839at33090	17		4..5	0.072	946.8	292.2	0.0975	0.0075	0.0768	-2034.008651	1.34701	False	ok
148839at33090	17	a_halleri	5..1	0.028	946.8	292.2	0.0975	0.0029	0.0298	-2034.008651	1.34701	True	ok
148839at33090	17	a_thaliana	5..2	0.077	946.8	292.2	0.0975	0.0081	0.0828	-2034.008651	1.34701	True	ok
149782at33090	18	c_grandiflora	4..3	0.159	572.1	195.9	0.0919	0.0151	0.1641	-1414.254435	0.94664	True	ok
149782at33090	18		4..5	0.145	572.1	195.9	0.0919	0.0138	0.1496	-1414.254435	0.94664	False	ok
149782at33090	18	a_halleri	5..1	0.052	572.1	195.9	0.0919	0.0049	0.0534	-1414.254435	0.94664	True	ok
149782at33090	18	a_thaliana	5..2	0.054	572.1	195.9	0.0919	0.0051	0.0552	-1414.254435	0.94664	True	ok
150559at33090	19	c_grandiflora	4..3	0.116	654.8	164.2	0.1864	0.0207	0.1108	-1604.070653	1.1087	True	ok
150559at33090	19		4..5	0.109	654.8	164.2	0.1864	0.0194	0.1042	-1604.070653	1.1087	False	ok
150559at33090	19	a_halleri	5..1	0.175	654.8	164.2	0.1864	0.0311	0.1667	-1604.070653	1.1087	True	ok
150559at33090	19	a_thaliana	5..2	0.063	654.8	164.2	0.1864	0.0112	0.0603	-1604.070653	1.1087	True	ok
152317at33090	20	c_grandiflora	4..3	0.073	675.3	263.7	0.2097	0.0118	0.0564	-1728.043506	2.55426	True	ok
152317at33090	20		4..5	0.071	675.3	263.7	0.2097	0.0115	0.0549	-1728.043506	2.55426	False	ok
152317at33090	20	a_halleri	5..1	0.071	675.3	263.7	0.2097	0.0115	0.0547	-1728.043506	2.55426	True	ok
152317at33090	20	a_thaliana	5..2	0.114	675.3	263.7	0.2097	0.0185	0.0881	-1728.043506	2.55426	True	ok
153820at33090	1	c_grandiflora	4..3	0.084	980.5	333.5	0.0937	0.0081	0.0864	-2354.571442	1.71947	True	ok
153820at33090	1		4..5	0.091	980.5	333.5	0.0937	0.0087	0.0933	-2354.571442	1.71947	False	ok
153820at33090	1	a_halleri	5..1	0.065	980.5	333.5	0.0937	0.0062	0.0666	-2354.571442	1.71947	True	ok
153820at33090	1	a_thaliana	5..2	0.073	980.5	333.5	0.0937	0.0071	0.0756	-2354.571442	1.71947	True	ok
154870at33090	2	c_grandiflora	4..3	0.079	1504.1	523.9	0.14	0.0102	0.0725	-3567.158709	2.10567	True	ok
154870at33090	2		4..5	0.082	1504.1	523.9	0.14	0.0106	0.0755	-3567.158709	2.10567	False	ok
154870at33090	2	a_halleri	5..1	0.053	1504.1	523.9	0.14	0.0068	0.0488	-3567.158709	2.10567	True	ok
154870at33090	2	a_thaliana	5..2	0.072	1504.1	523.9	0.14	0.0093	0.0662	-3567.158709	2.10567	True	ok
155102at33090	3	c_grandiflora	4..3	0.05	642.5	218.5	0.1837	0.0078	0.0425	-1493.93408	2.06435	True	ok
155102at33090	3		4..5	0.107	642.5	218.5	0.1837	0.0167	0.091	-1493.93408	2.06435	False	ok
155102at33090	3	a_halleri	5..1	0.033	642.5	218.5	0.1837	0.0051	0.0277	-1493.93408	2.06435	True	ok
155102at33090	3	a_thaliana	5..2	0.065	642.5	218.5	0.1837	0.0102	0.0553	-1493.93408	2.06435	True	ok
1557at33090	4	c_grandiflora	4..3	0.091	3871.0	1262.0	0.2315	0.0166	0.0718	-9243.345221	2.15074	True	ok
1557at33090	4		4..5	0.094	3871.0	1262.0	0.2315	0.0172	0.0741	-9243.345221	2.15074	False	ok
1557at33090	4	a_halleri	5..1	0.051	3871.0	1262.0	0.2315	0.0093	0.0403	-9243.345221	2.15074	True	ok
1557at33090	4	a_thaliana	5..2	0.069	3871.0	1262.0	0.2315	0.0127	0.055	-9243.345221	2.15074	True	ok
15682at33090	5	c_grandiflora	4..3	0.07	1890.7	653.3	0.1069	0.0074	0.0694	-4346.815499	2.1037	True	ok
15682at33090	5		4..5	0.078	1890.7	653.3	0.1069	0.0082	0.0769	-4346.815499	2.1037	False	ok
15682at33090	5	a_halleri	5..1	0.038	1890.7	653.3	0.1069	0.004	0.0375	-4346.815499	2.1037	True	ok
15682at33090	5	a_thaliana	5..2	0.063	1890.7	653.3	0.1069	0.0067	0.0628	-4346.815499	2.1037	True	ok
156843at33090	6	c_grandiflora	4..3	0.131	596.1	216.9	0.0606	0.0085	0.1407	-1454.023975	1.45752	True	ok
156843at33090	6		4..5	0.127	596.1	216.9	0.0606	0.0082	0.1358	-1454.023975	1.45752	False	ok
156843at33090	6	a_halleri	5..1	0.047	596.1	216.9	0.0606	0.0031	0.0504	-1454.023975	1.45752	True	ok
156843at33090	6	a_thaliana	5..2	0.063	596.1	216.9	0.0606	0.0041	0.0673	-1454.023975	1.45752	True	ok
156887at33090	7	c_grandiflora	4..3	0.105	611.6	201.4	0.1219	0.0125	0.1028	-1434.194887	2.70193	True	ok
156887at33090	7		4..5	0.097	611.6	201.4	0.1219	0.0116	0.0953	-1434.194887	2.70193	False	ok
156887at33090	7	a_halleri	5..1	0.068	611.6	201.4	0.1219	0.0081	0.0668	-1434.194887	2.70193	True	ok
156887at33090	7	a_thaliana	5..2	0.041	611.6	201.4	0.1219	0.0049	0.0402	-1434.194887	2.70193	True	ok
158492at33090	8	c_grandiflora	4..3	0.076	614.9	174.1	0.08	0.0072	0.0895	-1353.593594	2.44997	True	ok
158492at33090	8		4..5	0.063	614.9	174.1	0.08	0.0059	0.074	-1353.593594	2.44997	False	ok
158492at33090	8	a_halleri	5..1	0.051	614.9	174.1	0.08	0.0048	0.0606	-1353.593594	2.44997	True	ok
158492at33090	8	a_thaliana	5..2	0.092	614.9	174.1	0.08	0.0087	0.1084	-1353.593594	2.44997	True	ok
158957at33090	9	c_grandiflora	4..3	0.087	549.2	167.8	0.3395	0.0199	0.0587	-1331.145661	1.24643	True	ok
158957at33090	9		4..5	0.07	549.2	167.8	0.3395	0.016	0.0472	-1331.145661	1.24643	False	ok
158957at33090	9	a_halleri	5..1	0.08	549.2	167.8	0.3395	0.0183	0.0539	-1331.145661	1.24643	True	ok
158957at33090	9	a_thaliana	5..2	0.084	549.2	167.8	0.3395	0.0192	0.0565	-1331.145661	1.24643	True	ok
160064at33090	10	c_grandiflora	4..3	0.095	423.5	146.5	0.0499	0.0054	0.1078	-980.018571	1.6368	True	ok
160064at33090	10		4..5	0.119	423.5	146.5	0.0499	0.0067	0.1347	-980.018571	1.6368	False	ok
160064at33090	10	a_halleri	5..1	0.063	423.5	146.5	0.0499	0.0036	0.0712	-980.018571	1.6368	True	ok
160064at33090	10	a_thaliana	5..2	0.061	423.5	146.5	0.0499	0.0035	0.0692	-980.018571	1.6368	True	ok
160610at33090	11	c_grandiflora	4..3	0.092	708.3	251.7	0.1827	0.0141	0.0774	-1776.804549	3.12492	True	ok
160610at33090	11		4..5	0.089	708.3	251.7	0.1827	0.0136	0.0746	-1776.804549	3.12492	False	ok
160610at33090	11	a_halleri	5..1	0.097	708.3	251.7	0.1827	0.0148	0.0811	-1776.804549	3.12492	True	ok
160610at33090	11	a_thaliana	5..2	0.089	708.3	251.7	0.1827	0.0136	0.0746	-1776.804549	3.12492	True	ok
160680at33090	12	c_grandiflora	4..3	0.087	1610.8	534.2	0.2514	0.0167	0.0663	-3619.595103	2.43119	True	ok
160680at33090	12		4..5	0.049	1610.8	534.2	0.2514	0.0094	0.0373	-3619.595103	2.43119	False	ok
160680at33090	12	a_halleri	5..1	0.026	1610.8	534.2	0.2514	0.005	0.0201	-3619.595103	2.43119	True	ok
160680at33090	12	a_thaliana	5..2	0.052	1610.8	534.2	0.2514	0.0099	0.0392	-3619.595103	2.43119	True	ok
161054at33090	13	c_grandiflora	4..3	0.107	825.3	305.7	0.2353	0.0189	0.0803	-2190.69385	2.2641	True	ok
161054at33090	13		4..5	0.151	825.3	305.7	0.2353	0.0267	0.1137	-2190.69385	2.2641	False	ok
161054at33090	13	a_halleri	5..1	0.072	825.3	305.7	0.2353	0.0128	0.0543	-2190.69385	2.2641	True	ok
161054at33090	13	a_thaliana	5..2	0.087	825.3	305.7	0.2353	0.0154	0.0654	-2190.69385	2.2641	True	ok
161066at33090	14	c_grandiflora	4..3	0.112	856.5	349.5	0.1935	0.0169	0.0873	-2313.210139	1.76784	True	ok
161066at33090	14		4..5	0.086	856.5	349.5	0.1935	0.013	0.0672	-2313.210139	1.76784	False	ok
161066at33090	14	a_halleri	5..1	0.085	856.5	349.5	0.1935	0.0129	0.0665	-2313.210139	1.76784	True	ok
161066at33090	14	a_thaliana	5..2	0.11	856.5	349.5	0.1935	0.0167	0.0861	-2313.210139	1.76784	True	ok
161269at33090	15	c_grandiflora	4..3	0.133	510.4	179.6	0.1713	0.0196	0.1142	-1313.383388	1.84291	True	ok
161269at33090	15		4..5	0.172	510.4	179.6	0.1713	0.0254	0.1485	-1313.383388	1.84291	False	ok
161269at33090	15	a_halleri	5..1	0.07	510.4	179.6	0.1713	0.0103	0.0602	-1313.383388	1.84291	True	ok
161269at33090	15	a_thaliana	5..2	0.065	510.4	179.6	0.1713	0.0095	0.0556	-1313.383388	1.84291	True	ok
161309at33090	16	c_grandiflora	4..3	0.149	1131.9	350.1	0.1818	0.024	0.1323	-2741.200316	1.77219	True	ok
161309at33090	16		4..5	0.114	1131.9	350.1	0.1818	0.0184	0.1014	-2741.200316	1.77219	False	ok
161309at33090	16	a_halleri	5..1	0.036	1131.9	350.1	0.1818	0.0058	0.0318	-2741.200316	1.77219	True	ok
161309at33090	16	a_thaliana	5..2	0.076	1131.9	350.1	0.1818	0.0122	0.0673	-2741.200316	1.77219	True	ok
161559at33090	17	c_grandiflora	4..3	0.095	665.8	264.2	0.1731	0.0134	0.0774	-1669.451567	2.87405	True	ok
161559at33090	17		4..5	0.081	665.8	264.2	0.1731	0.0115	0.0666	-1669.451567	2.87405	False	ok
161559at33090	17	a_halleri	5..1	0.053	665.8	264.2	0.1731	0.0075	0.0435	-1669.451567	2.87405	True	ok
161559at33090	17	a_thaliana	5..2	0.068	665.8	264.2	0.1731	0.0096	0.0554	-1669.451567	2.87405	True	ok
162794at33090	18	c_grandiflora	4..3	19.186	650.0	217.0	0.0135	0.3317	24.5587	-2299.794674	1.77151	True	ok
162794at33090	18		4..5	19.146	650.0	217.0	0.0135	0.331	24.5075	-2299.794674	1.77151	False	ok
162794at33090	18	a_halleri	5..1	0.0	650.0	217.0	0.0135	0.0	0.0	-2299.794674	1.77151	True	ds_floor
162794at33090	18	a_thaliana	5..2	0.086	650.0	217.0	0.0135	0.0015	0.1106	-2299.794674	1.77151	True	ok
163097at33090	19	c_grandiflora	4..3	0.065	965.0	346.0	0.1317	0.0079	0.06	-2378.442057	1.94631	True	ok
163097at33090	19		4..5	0.127	965.0	346.0	0.1317	0.0155	0.1174	-2378.442057	1.94631	False	ok
163097at33090	19	a_halleri	5..1	0.05	965.0	346.0	0.1317	0.0061	0.0465	-2378.442057	1.94631	True	ok
163097at33090	19	a_thaliana	5..2	0.105	965.0	346.0	0.1317	0.0127	0.0965	-2378.442057	1.94631	True	ok
163701at33090	20	c_grandiflora	4..3	0.173	681.9	215.1	0.1777	0.0274	0.154	-1696.826174	1.8589	True	ok
163701at33090	20		4..5	0.111	681.9	215.1	0.1777	0.0175	0.0985	-1696.826174	1.8589	False	ok
163701at33090	20	a_halleri	5..1	0.064	681.9	215.1	0.1777	0.0102	0.0573	-1696.826174	1.8589	True	ok
163701at33090	20	a_thaliana	5..2	0.065	681.9	215.1	0.1777	0.0103	0.0578	-1696.826174	1.8589	True	ok
163833at33090	1	c_grandiflora	4..3	0.105	952.0	341.0	0.1119	0.0113	0.1008	-2283.609974	2.45989	True	ok
163833at33090	1		4..5	0.152	952.0	341.0	0.1119	0.0163	0.1459	-2283.609974	2.45989	False	ok
163833at33090	1	a_halleri	5..1	0.03	952.0	341.0	0.1119	0.0032	0.0287	-2283.609974	2.45989	True	ok
163833at33090	1	a_thaliana	5..2	0.058	952.0	341.0	0.1119	0.0063	0.0559	-2283.609974	2.45989	True	ok
164019at33090	2	c_grandiflora	4..3	0.078	799.7	253.3	0.2606	0.0154	0.0593	-1949.169303	1.68906	True	ok
164019at33090	2		4..5	0.141	799.7	253.3	0.2606	0.028	0.1075	-1949.169303	1.68906	False	ok
164019at33090	2	a_halleri	5..1	0.042	799.7	253.3	0.2606	0.0083	0.0318	-1949.169303	1.68906	True	ok
164019at33090	2	a_thaliana	5..2	0.074	799.7	253.3	0.2606	0.0146	0.0561	-1949.169303	1.68906	True	ok
164556at33090	3	c_grandiflora	4..3	0.15	593.6	219.4	0.2393	0.0269	0.1124	-1549.006728	2.09839	True	ok
164556at33090	3		4..5	0.083	593.6	219.4	0.2393	0.0148	0.062	-1549.006728	2.09839	False	ok
164556at33090	3	a_halleri	5..1	0.06	593.6	219.4	0.2393	0.0108	0.0451	-1549.006728	2.09839	True	ok
164556at33090	3	a_thaliana	5..2	0.095	593.6	219.4	0.2393	0.017	0.0711	-1549.006728	2.09839	True	ok
165103at33090	4	c_grandiflora	4..3	5.159	666.2	227.8	0.0657	0.3718	5.661	-2500.513979	1.41162	True	ok
165103at33090	4		4..5	5.186	666.2	227.8	0.0657	0.3737	5.6899	-2500.513979	1.41162	False	ok
165103at33090	4	a_halleri	5..1	0.183	666.2	227.8	0.0657	0.0132	0.2012	-2500.513979	1.41162	True	ok
165103at33090	4	a_thaliana	5..2	0.0	666.2	227.8	0.0657	0.0	0.0	-2500.513979	1.41162	True	ds_floor
166645at33090	5	c_grandiflora	4..3	0.087	4121.6	1344.4	0.2032	0.0147	0.0724	-9532.204342	2.18077	True	ok
166645at33090	5		4..5	0.085	4121.6	1344.4	0.2032	0.0144	0.0708	-9532.204342	2.18077	False	ok
166645at33090	5	a_halleri	5..1	0.033	4121.6	1344.4	0.2032	0.0055	0.0272	-9532.204342	2.18077	True	ok
166645at33090	5	a_thaliana	5..2	0.055	4121.6	1344.4	0.2032	0.0093	0.0459	-9532.204342	2.18077	True	ok
167076at33090	6	c_grandiflora	4..3	0.126	520.2	160.8	0.0737	0.0105	0.1431	-1220.935839	2.41908	True	ok
167076at33090	6		4..5	0.073	520.2	160.8	0.0737	0.0062	0.0837	-1220.935839	2.41908	False	ok
167076at33090	6	a_halleri	5..1	0.098	520.2	160.8	0.0737	0.0082	0.1115	-1220.935839	2.41908	True	ok
167076at33090	6	a_thaliana	5..2	0.057	520.2	160.8	0.0737	0.0048	0.0647	-1220.935839	2.41908	True	ok
167217at33090	7	c_grandiflora	4..3	0.077	565.0	188.0	0.0683	0.0058	0.0856	-1356.549652	2.33363	True	ok
167217at33090	7		4..5	0.064	565.0	188.0	0.0683	0.0049	0.0712	-1356.549652	2.33363	False	ok
167217at33090	7	a_halleri	5..1	0.08	565.0	188.0	0.0683	0.006	0.0884	-1356.549652	2.33363	True	ok
167217at33090	7	a_thaliana	5..2	0.134	565.0	188.0	0.0683	0.0101	0.1485	-1356.549652	2.33363	True	ok
16726at33090	8	c_grandiflora	4..3	0.095	2046.1	716.9	0.2161	0.0164	0.0758	-5101.005763	2.09391	True	ok
16726at33090	8		4..5	0.11	2046.1	716.9	0.2161	0.0189	0.0873	-5101.005763	2.09391	False	ok
16726at33090	8	a_halleri	5..1	0.057	2046.1	716.9	0.2161	0.0098	0.0454	-5101.005763	2.09391	True	ok
16726at33090	8	a_thaliana	5..2	0.074	2046.1	716.9	0.2161	0.0127	0.0587	-5101.005763	2.09391	True	ok
167325at33090	9	c_grandiflora	4..3	0.103	572.4	216.6	0.4014	0.0243	0.0606	-1427.994897	2.65849	True	ok
167325at33090	9		4..5	0.052	572.4	216.6	0.4014	0.0124	0.0309	-1427.994897	2.65849	False	ok
167325at33090	9	a_halleri	5..1	0.034	572.4	216.6	0.4014	0.0081	0.0202	-1427.994897	2.65849	True	ok
167325at33090	9	a_thaliana	5..2	0.108	572.4	216.6	0.4014	0.0256	0.0637	-1427.994897	2.65849	True	ok
167809at33090	10	c_grandiflora	4..3	0.094	429.5	167.5	0.0348	0.0036	0.103	-1017.311338	3.98423	True	ok
167809at33090	10		4..5	0.064	429.5	167.5	0.0348	0.0024	0.0693	-1017.311338	3.98423	False	ok
167809at33090	10	a_halleri	5..1	0.059	429.5	167.5	0.0348	0.0023	0.0647	-1017.311338	3.98423	True	ok
167809at33090	10	a_thaliana	5..2	0.092	429.5	167.5	0.0348	0.0035	0.1006	-1017.311338	3.98423	True	ok
167850at33090	11	c_grandiflora	4..3	0.138	508.9	166.1	0.2764	0.028	0.1015	-1327.255615	1.62892	True	ok
167850at33090	11		4..5	0.166	508.9	166.1	0.2764	0.0336	0.1216	-1327.255615	1.62892	False	ok
167850at33090	11	a_halleri	5..1	0.089	508.9	166.1	0.2764	0.0181	0.0656	-1327.255615	1.62892	True	ok
167850at33090	11	a_thaliana	5..2	0.058	508.9	166.1	0.2764	0.0118	0.0428	-1327.255615	1.62892	True	ok
167932at33090	12	c_grandiflora	4..3	0.031	553.6	202.4	0.2577	0.0058	0.0227	-1402.105833	2.01426	True	ok
167932at33090	12		4..5	0.075	553.6	202.4	0.2577	0.0141	0.0547	-1402.105833	2.01426	False	ok
167932at33090	12	a_halleri	5..1	0.055	553.6	202.4	0.2577	0.0104	0.0403	-1402.105833	2.01426	True	ok
167932at33090	12	a_thaliana	5..2	0.165	553.6	202.4	0.2577	0.031	0.1204	-1402.105833	2.01426	True	ok
168269at33090	13	c_grandiflora	4..3	0.084	574.2	181.8	0.1365	0.0112	0.0818	-1286.401454	1.67445	True	ok
168269at33090	13		4..5	0.05	574.2	181.8	0.1365	0.0066	0.048	-1286.401454	1.67445	False	ok
168269at33090	13	a_halleri	5..1	0.055	574.2	181.8	0.1365	0.0072	0.0528	-1286.401454	1.67445	True	ok
168269at33090	13	a_thaliana	5..2	0.062	574.2	181.8	0.1365	0.0081	0.0597	-1286.401454	1.67445	True	ok
168270at33090	14	c_grandiflora	4..3	0.081	856.0	266.0	0.0643	0.0061	0.0948	-1865.543023	1.0766	True	ok
168270at33090	14		4..5	0.063	856.0	266.0	0.0643	0.0047	0.0736	-1865.543023	1.0766	False	ok
168270at33090	14	a_halleri	5..1	0.017	856.0	266.0	0.0643	0.0013	0.0198	-1865.543023	1.0766	True	ok
168270at33090	14	a_thaliana	5..2	0.06	856.0	266.0	0.0643	0.0045	0.0695	-1865.543023	1.0766	True	ok
168563at33090	15	c_grandiflora	4..3	0.102	511.4	190.6	0.1763	0.015	0.0854	-1416.804211	1.24957	True	ok
168563at33090	15		4..5	0.118	511.4	190.6	0.1763	0.0173	0.0983	-1416.804211	1.24957	False	ok
168563at33090	15	a_halleri	5..1	0.067	511.4	190.6	0.1763	0.0098	0.0558	-1416.804211	1.24957	True	ok
168563at33090	15	a_thaliana	5..2	0.208	511.4	190.6	0.1763	0.0305	0.1731	-1416.804211	1.24957	True	ok
169007at33090	16	c_grandiflora	4..3	0.119	475.9	190.1	0.0848	0.0097	0.1144	-1221.69447	4.05121	True	ok
169007at33090	16		4..5	0.153	475.9	190.1	0.0848	0.0125	0.1472	-1221.69447	4.05121	False	ok
169007at33090	16	a_halleri	5..1	0.103	475.9	190.1	0.0848	0.0084	0.0996	-1221.69447	4.05121	True	ok
169007at33090	16	a_thaliana	5..2	0.076	475.9	190.1	0.0848	0.0062	0.0735	-1221.69447	4.05121	True	ok
170939at33090	17	c_grandiflora	4..3	0.079	1075.8	361.2	0.1312	0.0099	0.0754	-2529.851152	1.5968	True	ok
170939at33090	17		4..5	0.088	1075.8	361.2	0.1312	0.011	0.0839	-2529.851152	1.5968	False	ok
170939at33090	17	a_halleri	5..1	0.042	1075.8	361.2	0.1312	0.0052	0.04	-2529.851152	1.5968	True	ok
170939at33090	17	a_thaliana	5..2	0.076	1075.8	361.2	0.1312	0.0095	0.0722	-2529.851152	1.5968	True	ok
170945at33090	18	c_grandiflora	4..3	0.097	1202.1	435.9	0.091	0.0088	0.0972	-2867.037529	2.00761	True	ok
170945at33090	18		4..5	0.038	1202.1	435.9	0.091	0.0035	0.0385	-2867.037529	2.00761	False	ok
170945at33090	18	a_halleri	5..1	0.073	1202.1	435.9	0.091	0.0066	0.073	-2867.037529	2.00761	True	ok
170945at33090	18	a_thaliana	5..2	0.072	1202.1	435.9	0.091	0.0066	0.0721	-2867.037529	2.00761	True	ok
171195at33090	19	c_grandiflora	4..3	0.123	541.4	178.6	0.1275	0.0152	0.1191	-1433.536011	1.97739	True	ok
171195at33090	19		4..5	0.175	541.4	178.6	0.1275	0.0217	0.1698	-1433.536011	1.97739	False	ok
171195at33090	19	a_halleri	5..1	0.106	541.4	178.6	0.1275	0.013	0.1023	-1433.536011	1.97739	True	ok
171195at33090	19	a_thaliana	5..2	0.142	541.4	178.6	0.1275	0.0175	0.1373	-1433.536011	1.97739	True	ok
171627at33090	20	c_grandiflora	4..3	0.08	441.0	129.0	0.0552	0.0055	0.0994	-995.809131	0.7716	True	ok
171627at33090	20		4..5	0.1	441.0	129.0	0.0552	0.0068	0.1239	-995.809131	0.7716	False	ok
171627at33090	20	a_halleri	5..1	0.125	441.0	129.0	0.0552	0.0085	0.1546	-995.809131	0.7716	True	ok
171627at33090	20	a_thaliana	5..2	0.054	441.0	129.0	0.0552	0.0037	0.0664	-995.809131	0.7716	True	ok
171708at33090	1	c_grandiflora	4..3	0.123	711.4	254.6	0.0902	0.0112	0.1239	-1695.787701	1.95277	True	ok
171708at33090	1		4..5	0.092	711.4	254.6	0.0902	0.0084	0.0932	-1695.787701	1.95277	False	ok
171708at33090	1	a_halleri	5..1	0.031	711.4	254.6	0.0902	0.0028	0.0312	-1695.787701	1.95277	True	ok
171708at33090	1	a_thaliana	5..2	0.068	711.4	254.6	0.0902	0.0062	0.0686	-1695.787701	1.95277	True	ok
171767at33090	2	c_grandiflora	4..3	0.106	558.9	221.1	0.1649	0.0145	0.0879	-1417.007626	2.92375	True	ok
171767at33090	2		4..5	0.075	558.9	221.1	0.1649	0.0103	0.0623	-1417.007626	2.92375	False	ok
171767at33090	2	a_halleri	5..1	0.048	558.9	221.1	0.1649	0.0065	0.0397	-1417.007626	2.92375	True	ok
171767at33090	2	a_thaliana	5..2	0.103	558.9	221.1	0.1649	0.014	0.0852	-1417.007626	2.92375	True	ok
172000at33090	3	c_grandiflora	4..3	0.128	980.8	321.2	0.1251	0.0156	0.1248	-2372.283288	1.80515	True	ok
172000at33090	3		4..5	0.126	980.8	321.2	0.1251	0.0155	0.1236	-2372.283288	1.80515	False	ok
172000at33090	3	a_halleri	5..1	0.062	980.8	321.2	0.1251	0.0076	0.061	-2372.283288	1.80515	True	ok
172000at33090	3	a_thaliana	5..2	0.052	980.8	321.2	0.1251	0.0063	0.0505	-2372.283288	1.80515	True	ok
172535at33090	4	c_grandiflora	4..3	0.11	1012.7	334.3	0.1815	0.0173	0.0956	-2492.312742	2.11761	True	ok
172535at33090	4		4..5	0.113	1012.7	334.3	0.1815	0.0177	0.0977	-2492.312742	2.11761	False	ok
172535at33090	4	a_halleri	5..1	0.063	1012.7	334.3	0.1815	0.01	0.0549	-2492.312742	2.11761	True	ok
172535at33090	4	a_thaliana	5..2	0.074	1012.7	334.3	0.1815	0.0116	0.0639	-2492.312742	2.11761	True	ok
172666at33090	5	c_grandiflora	4..3	0.119	604.5	208.5	0.1959	0.0193	0.0984	-1590.773197	1.55604	True	ok
172666at33090	5		4..5	0.115	604.5	208.5	0.1959	0.0186	0.095	-1590.773197	1.55604	False	ok
172666at33090	5	a_halleri	5..1	0.119	604.5	208.5	0.1959	0.0192	0.0982	-1590.773197	1.55604	True	ok
172666at33090	5	a_thaliana	5..2	0.081	604.5	208.5	0.1959	0.0132	0.0674	-1590.773197	1.55604	True	ok
173119at33090	6	c_grandiflora	4..3	0.102	695.0	202.0	0.1596	0.0156	0.0979	-1790.464279	2.13316	True	ok
173119at33090	6		4..5	0.135	695.0	202.0	0.1596	0.0206	0.1289	-1790.464279	2.13316	False	ok
173119at33090	6	a_halleri	5..1	0.106	695.0	202.0	0.1596	0.0162	0.1014	-1790.464279	2.13316	True	ok
173119at33090	6	a_thaliana	5..2	0.148	695.0	202.0	0.1596	0.0226	0.1417	-1790.464279	2.13316	True	ok
173143at33090	7	c_grandiflora	4..3	0.062	1417.2	769.8	0.2876	0.011	0.0382	-3996.621514	2.13693	True	ok
173143at33090	7		4..5	0.153	1417.2	769.8	0.2876	0.0273	0.095	-3996.621514	2.13693	False	ok
173143at33090	7	a_halleri	5..1	0.062	1417.2	769.8	0.2876	0.0111	0.0386	-3996.621514	2.13693	True	ok
173143at33090	7	a_thaliana	5..2	0.109	1417.2	769.8	0.2876	0.0194	0.0673	-3996.621514	2.13693	True	ok
173477at33090	8	c_grandiflora	4..3	0.08	440.6	132.4	0.0354	0.0037	0.1037	-974.245695	1.40888	True	ok
173477at33090	8		4..5	0.119	440.6	132.4	0.0354	0.0054	0.1532	-974.245695	1.40888	False	ok
173477at33090	8	a_halleri	5..1	0.052	440.6	132.4	0.0354	0.0024	0.0673	-974.245695	1.40888	True	ok
173477at33090	8	a_thaliana	5..2	0.049	440.6	132.4	0.0354	0.0022	0.063	-974.245695	1.40888	True	ok
174213at33090	9	c_grandiflora	4..3	0.138	578.3	156.7	0.1725	0.0227	0.1318	-1340.018914	1.44752	True	ok
174213at33090	9		4..5	0.082	578.3	156.7	0.1725	0.0136	0.0787	-1340.018914	1.44752	False	ok
174213at33090	9	a_halleri	5..1	0.051	578.3	156.7	0.1725	0.0084	0.0487	-1340.018914	1.44752	True	ok
174213at33090	9	a_thaliana	5..2	0.098	578.3	156.7	0.1725	0.0162	0.0939	-1340.018914	1.44752	True	ok
174767at33090	10	c_grandiflora	4..3	0.099	508.2	178.8	0.0722	0.0076	0.1052	-1192.970798	1.73367	True	ok
174767at33090	10		4..5	0.084	508.2	178.8	0.0722	0.0064	0.089	-1192.970798	1.73367	False	ok
174767at33090	10	a_halleri	5..1	0.052	508.2	178.8	0.0722	0.004	0.0552	-1192.970798	1.73367	True	ok
174767at33090	10	a_thaliana	5..2	0.052	508.2	178.8	0.0722	0.004	0.0558	-1192.970798	1.73367	True	ok
175583at33090	11	c_grandiflora	4..3	0.095	465.0	147.0	0.2792	0.0196	0.0701	-1149.530759	1.26633	True	ok
175583at33090	11		4..5	0.121	465.0	147.0	0.2792	0.0249	0.0893	-1149.530759	1.26633	False	ok
175583at33090	11	a_halleri	5..1	0.047	465.0	147.0	0.2792	0.0096	0.0344	-1149.530759	1.26633	True	ok
175583at33090	11	a_thaliana	5..2	0.079	465.0	147.0	0.2792	0.0162	0.058	-1149.530759	1.26633	True	ok
175792at33090	12	c_grandiflora	4..3	0.052	541.7	136.3	0.1126	0.0067	0.0591	-1178.994734	1.21857	True	ok
175792at33090	12		4..5	0.118	541.7	136.3	0.1126	0.0153	0.1357	-1178.994734	1.21857	False	ok
175792at33090	12	a_halleri	5..1	0.043	541.7	136.3	0.1126	0.0056	0.0497	-1178.994734	1.21857	True	ok
175792at33090	12	a_thaliana	5..2	0.084	541.7	136.3	0.1126	0.0108	0.0963	-1178.994734	1.21857	True	ok
176016at33090	13	c_grandiflora	4..3	0.003	386.3	135.7	0.0001	0.0	0.0039	-797.022529	2.51505	True	omega_boundary
176016at33090	13		4..5	0.063	386.3	135.7	0.0001	0.0	0.0802	-797.022529	2.51505	False	omega_boundary
176016at33090	13	a_halleri	5..1	0.035	386.3	135.7	0.0001	0.0	0.0451	-797.022529	2.51505	True	omega_boundary
176016at33090	13	a_thaliana	5..2	0.038	386.3	135.7	0.0001	0.0	0.0489	-797.022529	2.51505	True	omega_boundary
176328at33090	14	c_grandiflora	4..3	0.055	1189.4	400.6	0.2012	0.0092	0.0457	-2822.105869	1.88638	True	ok
176328at33090	14		4..5	0.016	1189.4	400.6	0.2012	0.0027	0.0134	-2822.105869	1.88638	False	ok
176328at33090	14	a_halleri	5..1	0.038	1189.4	400.6	0.2012	0.0063	0.0312	-2822.105869	1.88638	True	ok
176328at33090	14	a_thaliana	5..2	0.187	1189.4	400.6	0.2012	0.0311	0.1545	-2822.105869	1.88638	True	ok
177296at33090	15	c_grandiflora	4..3	0.103	368.1	114.9	0.0937	0.0104	0.1109	-854.001109	1.44654	True	ok
177296at33090	15		4..5	0.089	368.1	114.9	0.0937	0.009	0.0957	-854.001109	1.44654	False	ok
177296at33090	15	a_halleri	5..1	0.122	368.1	114.9	0.0937	0.0123	0.1317	-854.001109	1.44654	True	ok
177296at33090	15	a_thaliana	5..2	0.042	368.1	114.9	0.0937	0.0042	0.045	-854.001109	1.44654	True	ok
177720at33090	16	c_grandiflora	4..3	0.134	1584.3	578.7	0.2018	0.0217	0.1075	-4078.780502	2.56686	True	ok
177720at33090	16		4..5	0.089	1584.3	578.7	0.2018	0.0144	0.0715	-4078.780502	2.56686	False	ok
177720at33090	16	a_halleri	5..1	0.071	1584.3	578.7	0.2018	0.0114	0.0566	-4078.780502	2.56686	True	ok
177720at33090	16	a_thaliana	5..2	0.093	1584.3	578.7	0.2018	0.0151	0.0747	-4078.780502	2.56686	True	ok
177964at33090	17	c_grandiflora	4..3	0.11	577.5	190.5	0.0906	0.0105	0.1156	-1391.448004	1.44297	True	ok
177964at33090	17		4..5	0.111	577.5	190.5	0.0906	0.0106	0.1174	-1391.448004	1.44297	False	ok
177964at33090	17	a_halleri	5..1	0.072	577.5	190.5	0.0906	0.0069	0.0764	-1391.448004	1.44297	True	ok
177964at33090	17	a_thaliana	5..2	0.056	577.5	190.5	0.0906	0.0054	0.0594	-1391.448004	1.44297	True	ok
178386at33090	18	c_grandiflora	4..3	0.077	679.8	232.2	0.1672	0.0114	0.0681	-1600.879599	2.28203	True	ok
178386at33090	18		4..5	0.091	679.8	232.2	0.1672	0.0134	0.0802	-1600.879599	2.28203	False	ok
178386at33090	18	a_halleri	5..1	0.068	679.8	232.2	0.1672	0.01	0.0596	-1600.879599	2.28203	True	ok
178386at33090	18	a_thaliana	5..2	0.039	679.8	232.2	0.1672	0.0057	0.0342	-1600.879599	2.28203	True	ok
179975at33090	19	c_grandiflora	4..3	0.032	610.6	229.4	0.0847	0.0027	0.0322	-1484.647661	1.91466	True	ok
179975at33090	19		4..5	0.113	610.6	229.4	0.0847	0.0095	0.1125	-1484.647661	1.91466	False	ok
179975at33090	19	a_halleri	5..1	0.045	610.6	229.4	0.0847	0.0038	0.0452	-1484.647661	1.91466	True	ok
179975at33090	19	a_thaliana	5..2	0.105	610.6	229.4	0.0847	0.0088	0.1045	-1484.647661	1.91466	True	ok
180408at33090	20	c_grandiflora	4..3	0.098	595.7	205.3	0.1364	0.0124	0.0911	-1384.521827	3.62058	True	ok
180408at33090	20		4..5	0.066	595.7	205.3	0.1364	0.0084	0.0614	-1384.521827	3.62058	False	ok
180408at33090	20	a_halleri	5..1	0.067	595.7	205.3	0.1364	0.0085	0.0621	-1384.521827	3.62058	True	ok
180408at33090	20	a_thaliana	5..2	0.045	595.7	205.3	0.1364	0.0057	0.0418	-1384.521827	3.62058	True	ok
180466at33090	1	c_grandiflora	4..3	0.102	726.1	260.9	0.2338	0.0182	0.0779	-1814.662497	2.61533	True	ok
180466at33090	1		4..5	0.105	726.1	260.9	0.2338	0.0187	0.0802	-1814.662497	2.61533	False	ok
180466at33090	1	a_halleri	5..1	0.064	726.1	260.9	0.2338	0.0115	0.0491	-1814.662497	2.61533	True	ok
180466at33090	1	a_thaliana	5..2	0.067	726.1	260.9	0.2338	0.0119	0.0511	-1814.662497	2.61533	True	ok
180674at33090	2	c_grandiflora	4..3	0.079	672.4	263.6	0.1063	0.0078	0.0737	-1595.931009	3.01709	True	ok
180674at33090	2		4..5	0.11	672.4	263.6	0.1063	0.0109	0.1029	-1595.931009	3.01709	False	ok
180674at33090	2	a_halleri	5..1	0.037	672.4	263.6	0.1063	0.0036	0.0343	-1595.931009	3.01709	True	ok
180674at33090	2	a_thaliana	5..2	0.048	672.4	263.6	0.1063	0.0047	0.0446	-1595.931009	3.01709	True	ok
181108at33090	3	c_grandiflora	4..3	0.084	520.3	196.7	0.0923	0.0076	0.0822	-1343.373656	2.3422	True	ok
181108at33090	3		4..5	0.111	520.3	196.7	0.0923	0.01	0.1088	-1343.373656	2.3422	False	ok
181108at33090	3	a_halleri	5..1	0.093	520.3	196.7	0.0923	0.0084	0.0906	-1343.373656	2.3422	True	ok
181108at33090	3	a_thaliana	5..2	0.108	520.3	196.7	0.0923	0.0097	0.1051	-1343.373656	2.3422	True	ok
182493at33090	4	c_grandiflora	4..3	0.167	686.5	264.5	0.1426	0.0208	0.1461	-1875.681732	2.52497	True	ok
182493at33090	4		4..5	0.185	686.5	264.5	0.1426	0.0231	0.1618	-1875.681732	2.52497	False	ok
182493at33090	4	a_halleri	5..1	0.062	686.5	264.5	0.1426	0.0078	0.0545	-1875.681732	2.52497	True	ok
182493at33090	4	a_thaliana	5..2	0.114	686.5	264.5	0.1426	0.0143	0.1001	-1875.681732	2.52497	True	ok
182513at33090	5	c_grandiflora	4..3	0.085	943.5	343.5	0.139	0.0107	0.077	-2322.562523	2.83205	True	ok
182513at33090	5		4..5	0.08	943.5	343.5	0.139	0.0101	0.0723	-2322.562523	2.83205	False	ok
182513at33090	5	a_halleri	5..1	0.071	943.5	343.5	0.139	0.0089	0.0643	-2322.562523	2.83205	True	ok
182513at33090	5	a_thaliana	5..2	0.095	943.5	343.5	0.139	0.0119	0.0858	-2322.562523	2.83205	True	ok
183313at33090	6	c_grandiflora	4..3	0.093	761.4	213.6	0.1668	0.0149	0.0892	-1731.031949	1.53924	True	ok
183313at33090	6		4..5	0.038	761.4	213.6	0.1668	0.0061	0.0366	-1731.031949	1.53924	False	ok
183313at33090	6	a_halleri	5..1	0.069	761.4	213.6	0.1668	0.011	0.0662	-1731.031949	1.53924	True	ok
183313at33090	6	a_thaliana	5..2	0.078	761.4	213.6	0.1668	0.0124	0.0741	-1731.031949	1.53924	True	ok
183396at33090	7	c_grandiflora	4..3	0.105	493.2	142.8	0.13	0.0139	0.1072	-1168.104901	2.12338	True	ok
183396at33090	7		4..5	0.114	493.2	142.8	0.13	0.0151	0.1165	-1168.104901	2.12338	False	ok
183396at33090	7	a_halleri	5..1	0.074	493.2	142.8	0.13	0.0098	0.0755	-1168.104901	2.12338	True	ok
183396at33090	7	a_thaliana	5..2	0.084	493.2	142.8	0.13	0.0112	0.0858	-1168.104901	2.12338	True	ok
183719at33090	8	c_grandiflora	4..3	0.052	1087.0	377.0	0.211	0.0088	0.0419	-2698.60578	1.69233	True	ok
183719at33090	8		4..5	0.108	1087.0	377.0	0.211	0.0184	0.087	-2698.60578	1.69233	False	ok
183719at33090	8	a_halleri	5..1	0.094	1087.0	377.0	0.211	0.0159	0.0753	-2698.60578	1.69233	True	ok
183719at33090	8	a_thaliana	5..2	0.069	1087.0	377.0	0.211	0.0117	0.0553	-2698.60578	1.69233	True	ok
183931at33090	9	c_grandiflora	4..3	0.093	739.5	202.5	0.0286	0.0037	0.1303	-1575.419209	1.77672	True	ok
183931at33090	9		4..5	0.073	739.5	202.5	0.0286	0.0029	0.1021	-1575.419209	1.77672	False	ok
183931at33090	9	a_halleri	5..1	0.042	739.5	202.5	0.0286	0.0017	0.0583	-1575.419209	1.77672	True	ok
183931at33090	9	a_thaliana	5..2	0.065	739.5	202.5	0.0286	0.0026	0.0917	-1575.419209	1.77672	True	ok
184405at33090	10	c_grandiflora	4..3	0.123	1105.8	349.2	0.3746	0.0294	0.0784	-3092.391304	1.57205	True	ok
184405at33090	10		4..5	0.144	1105.8	349.2	0.3746	0.0344	0.0917	-3092.391304	1.57205	False	ok
184405at33090	10	a_halleri	5..1	0.133	1105.8	349.2	0.3746	0.0315	0.0842	-3092.391304	1.57205	True	ok
184405at33090	10	a_thaliana	5..2	0.158	1105.8	349.2	0.3746	0.0375	0.1002	-3092.391304	1.57205	True	ok
18455at33090	11	c_grandiflora	4..3	0.065	1716.6	557.4	0.13	0.0082	0.0629	-3837.920391	2.21761	True	ok
18455at33090	11		4..5	0.064	1716.6	557.4	0.13	0.0081	0.0624	-3837.920391	2.21761	False	ok
18455at33090	11	a_halleri	5..1	0.038	1716.6	557.4	0.13	0.0048	0.0373	-3837.920391	2.21761	True	ok
18455at33090	11	a_thaliana	5..2	0.061	1716.6	557.4	0.13	0.0077	0.0589	-3837.920391	2.21761	True	ok
185172at33090	12	c_grandiflora	4..3	0.067	425.2	144.8	0.105	0.007	0.0671	-970.652472	2.10122	True	ok
185172at33090	12		4..5	0.122	425.2	144.8	0.105	0.0129	0.1225	-970.652472	2.10122	False	ok
185172at33090	12	a_halleri	5..1	0.049	425.2	144.8	0.105	0.0052	0.0494	-970.652472	2.10122	True	ok
185172at33090	12	a_thaliana	5..2	0.037	425.2	144.8	0.105	0.0039	0.0372	-970.652472	2.10122	True	ok
185214at33090	13	c_grandiflora	4..3	0.055	611.6	228.4	0.1688	0.0079	0.0467	-1487.856554	2.10171	True	ok
185214at33090	13		4..5	0.107	611.6	228.4	0.1688	0.0152	0.0903	-1487.856554	2.10171	False	ok
185214at33090	13	a_halleri	5..1	0.038	611.6	228.4	0.1688	0.0054	0.0323	-1487.856554	2.10171	True	ok
185214at33090	13	a_thaliana	5..2	0.073	611.6	228.4	0.1688	0.0104	0.0617	-1487.856554	2.10171	True	ok
1855at33090	14	c_grandiflora	4..3	0.073	4762.1	1609.9	0.205	0.0123	0.0601	-11415.082164	2.41635	True	ok
1855at33090	14		4..5	0.097	4762.1	1609.9	0.205	0.0163	0.0793	-11415.082164	2.41635	False	ok
1855at33090	14	a_halleri	5..1	0.058	4762.1	1609.9	0.205	0.0098	0.0479	-11415.082164	2.41635	True	ok
1855at33090	14	a_thaliana	5..2	0.068	4762.1	1609.9	0.205	0.0115	0.0559	-11415.082164	2.41635	True	ok
185696at33090	15	c_grandiflora	4..3	0.108	1436.8	426.2	0.1783	0.0175	0.0982	-3554.604148	1.49243	True	ok
185696at33090	15		4..5	0.084	1436.8	426.2	0.1783	0.0137	0.0766	-3554.604148	1.49243	False	ok
185696at33090	15	a_halleri	5..1	0.087	1436.8	426.2	0.1783	0.0141	0.0791	-3554.604148	1.49243	True	ok
185696at33090	15	a_thaliana	5..2	0.126	1436.8	426.2	0.1783	0.0205	0.1151	-3554.604148	1.49243	True	ok
185941at33090	16	c_grandiflora	4..3	0.074	537.8	203.2	0.3172	0.0155	0.049	-1373.178462	2.17818	True	ok
185941at33090	16		4..5	0.068	537.8	203.2	0.3172	0.0143	0.0451	-1373.178462	2.17818	False	ok
185941at33090	16	a_halleri	5..1	0.119	537.8	203.2	0.3172	0.025	0.0787	-1373.178462	2.17818	True	ok
185941at33090	16	a_thaliana	5..2	0.066	537.8	203.2	0.3172	0.0138	0.0434	-1373.178462	2.17818	True	ok
186340at33090	17	c_grandiflora	4..3	0.115	616.2	244.8	0.2319	0.0197	0.085	-1630.995428	2.69575	True	ok
186340at33090	17		4..5	0.119	616.2	244.8	0.2319	0.0204	0.088	-1630.995428	2.69575	False	ok
186340at33090	17	a_halleri	5..1	0.083	616.2	244.8	0.2319	0.0143	0.0616	-1630.995428	2.69575	True	ok
186340at33090	17	a_thaliana	5..2	0.081	616.2	244.8	0.2319	0.0139	0.06	-1630.995428	2.69575	True	ok
187462at33090	18	c_grandiflora	4..3	0.114	1060.5	343.5	0.1031	0.0121	0.1177	-2443.46301	2.05239	True	ok
187462at33090	18		4..5	0.025	1060.5	343.5	0.1031	0.0027	0.0262	-2443.46301	2.05239	False	ok
187462at33090	18	a_halleri	5..1	0.04	1060.5	343.5	0.1031	0.0042	0.041	-2443.46301	2.05239	True	ok
187462at33090	18	a_thaliana	5..2	0.107	1060.5	343.5	0.1031	0.0114	0.111	-2443.46301	2.05239	True	ok
187866at33090	19	c_grandiflora	4..3	0.092	290.4	108.6	0.2418	0.0165	0.0681	-783.528151	2.18823	True	ok
187866at33090	19		4..5	0.176	290.4	108.6	0.2418	0.0316	0.1306	-783.528151	2.18823	False	ok
187866at33090	19	a_halleri	5..1	0.057	290.4	108.6	0.2418	0.0103	0.0424	-783.528151	2.18823	True	ok
187866at33090	19	a_thaliana	5..2	0.123	290.4	108.6	0.2418	0.0221	0.0914	-783.528151	2.18823	True	ok
187914at33090	20	c_grandiflora	4..3	0.148	993.2	308.8	0.1377	0.0198	0.144	-2384.127898	2.54612	True	ok
187914at33090	20		4..5	0.102	993.2	308.8	0.1377	0.0137	0.0996	-2384.127898	2.54612	False	ok
187914at33090	20	a_halleri	5..1	0.051	993.2	308.8	0.1377	0.0068	0.0495	-2384.127898	2.54612	True	ok
187914at33090	20	a_thaliana	5..2	0.088	993.2	308.8	0.1377	0.0118	0.0855	-2384.127898	2.54612	True	ok
18801at33090	1	c_grandiflora	4..3	0.068	2327.4	801.6	0.1499	0.0093	0.062	-5736.825579	2.05081	True	ok
18801at33090	1		4..5	0.152	2327.4	801.6	0.1499	0.0206	0.1374	-5736.825579	2.05081	False	ok
18801at33090	1	a_halleri	5..1	0.06	2327.4	801.6	0.1499	0.0082	0.0545	-5736.825579	2.05081	True	ok
18801at33090	1	a_thaliana	5..2	0.081	2327.4	801.6	0.1499	0.011	0.0732	-5736.825579	2.05081	True	ok
188180at33090	2	c_grandiflora	4..3	0.142	513.3	176.7	0.142	0.0185	0.1305	-1241.884149	2.47802	True	ok
188180at33090	2		4..5	0.065	513.3	176.7	0.142	0.0085	0.06	-1241.884149	2.47802	False	ok
188180at33090	2	a_halleri	5..1	0.06	513.3	176.7	0.142	0.0078	0.0552	-1241.884149	2.47802	True	ok
188180at33090	2	a_thaliana	5..2	0.053	513.3	176.7	0.142	0.0069	0.0489	-1241.884149	2.47802	True	ok
188436at33090	3	c_grandiflora	4..3	0.085	511.1	184.9	0.0405	0.0039	0.0959	-1216.089731	2.33767	True	ok
188436at33090	3		4..5	0.095	511.1	184.9	0.0405	0.0043	0.1067	-1216.089731	2.33767	False	ok
188436at33090	3	a_halleri	5..1	0.074	511.1	184.9	0.0405	0.0034	0.0841	-1216.089731	2.33767	True	ok
188436at33090	3	a_thaliana	5..2	0.052	511.1	184.9	0.0405	0.0024	0.0582	-1216.089731	2.33767	True	ok
188583at33090	4	c_grandiflora	4..3	0.111	894.5	311.5	0.1855	0.0173	0.0932	-2317.526721	1.82026	True	ok
188583at33090	4		4..5	0.159	894.5	311.5	0.1855	0.0249	0.1341	-2317.526721	1.82026	False	ok
188583at33090	4	a_halleri	5..1	0.081	894.5	311.5	0.1855	0.0127	0.0684	-2317.526721	1.82026	True	ok
188583at33090	4	a_thaliana	5..2	0.078	894.5	311.5	0.1855	0.0123	0.0661	-2317.526721	1.82026	True	ok
188938at33090	5	c_grandiflora	4..3	0.095	609.8	221.2	0.2506	0.0176	0.0704	-1756.306357	1.60375	True	ok
188938at33090	5		4..5	0.087	609.8	221.2	0.2506	0.0161	0.0644	-1756.306357	1.60375	False	ok
188938at33090	5	a_halleri	5..1	0.128	609.8	221.2	0.2506	0.0237	0.0945	-1756.306357	1.60375	True	ok
188938at33090	5	a_thaliana	5..2	0.256	609.8	221.2	0.2506	0.0475	0.1897	-1756.306357	1.60375	True	ok
189891at33090	6	c_grandiflora	4..3	0.019	815.2	288.8	0.0676	0.0014	0.0209	-1897.949658	1.85367	True	ok
189891at33090	6		4..5	0.082	815.2	288.8	0.0676	0.006	0.0881	-1897.949658	1.85367	False	ok
189891at33090	6	a_halleri	5..1	0.085	815.2	288.8	0.0676	0.0062	0.091	-1897.949658	1.85367	True	ok
189891at33090	6	a_thaliana	5..2	0.071	815.2	288.8	0.0676	0.0052	0.0765	-1897.949658	1.85367	True	ok
190390at33090	7	c_grandiflora	4..3	0.116	732.8	245.2	0.2793	0.0235	0.084	-1883.297277	1.22419	True	ok
190390at33090	7		4..5	0.129	732.8	245.2	0.2793	0.0261	0.0933	-1883.297277	1.22419	False	ok
190390at33090	7	a_halleri	5..1	0.054	732.8	245.2	0.2793	0.0108	0.0388	-1883.297277	1.22419	True	ok
190390at33090	7	a_thaliana	5..2	0.1	732.8	245.2	0.2793	0.0201	0.0722	-1883.297277	1.22419	True	ok
191396at33090	8	c_grandiflora	4..3	0.043	884.6	264.4	0.1309	0.0056	0.0428	-2097.53103	1.92521	True	ok
191396at33090	8		4..5	0.127	884.6	264.4	0.1309	0.0167	0.1277	-2097.53103	1.92521	False	ok
191396at33090	8	a_halleri	5..1	0.09	884.6	264.4	0.1309	0.0118	0.0903	-2097.53103	1.92521	True	ok
191396at33090	8	a_thaliana	5..2	0.091	884.6	264.4	0.1309	0.0121	0.0921	-2097.53103	1.92521	True	ok
191581at33090	9	c_grandiflora	4..3	0.071	593.5	198.5	0.1165	0.0081	0.0695	-1400.870695	1.45225	True	ok
191581at33090	9		4..5	0.082	593.5	198.5	0.1165	0.0094	0.0807	-1400.870695	1.45225	False	ok
191581at33090	9	a_halleri	5..1	0.046	593.5	198.5	0.1165	0.0053	0.0455	-1400.870695	1.45225	True	ok
191581at33090	9	a_thaliana	5..2	0.101	593.5	198.5	0.1165	0.0117	0.1001	-1400.870695	1.45225	True	ok
192090at33090	10	c_grandiflora	4..3	0.084	1798.7	517.3	0.1797	0.0139	0.0775	-4291.252532	1.56404	True	ok
192090at33090	10		4..5	0.143	1798.7	517.3	0.1797	0.0237	0.1318	-4291.252532	1.56404	False	ok
192090at33090	10	a_halleri	5..1	0.067	1798.7	517.3	0.1797	0.0111	0.0615	-4291.252532	1.56404	True	ok
192090at33090	10	a_thaliana	5..2	0.08	1798.7	517.3	0.1797	0.0133	0.0738	-4291.252532	1.56404	True	ok
192456at33090	11	c_grandiflora	4..3	0.094	476.5	144.5	0.1529	0.0137	0.0898	-1785.657555	1.38658	True	ok
192456at33090	11		4..5	0.118	476.5	144.5	0.1529	0.0171	0.1121	-1785.657555	1.38658	False	ok
192456at33090	11	a_halleri	5..1	0.017	476.5	144.5	0.1529	0.0025	0.0161	-1785.657555	1.38658	True	ok
192456at33090	11	a_thaliana	5..2	5.325	476.5	144.5	0.1529	0.7754	5.0721	-1785.657555	1.38658	True	ok
192750at33090	12	c_grandiflora	4..3	0.04	640.7	196.3	0.026	0.0014	0.0522	-1354.192787	1.23674	True	ok
192750at33090	12		4..5	0.042	640.7	196.3	0.026	0.0014	0.0548	-1354.192787	1.23674	False	ok
192750at33090	12	a_halleri	5..1	0.049	640.7	196.3	0.026	0.0017	0.0639	-1354.192787	1.23674	True	ok
192750at33090	12	a_thaliana	5..2	0.053	640.7	196.3	0.026	0.0018	0.0693	-1354.192787	1.23674	True	ok
193351at33090	13	c_grandiflora	4..3	0.088	260.5	78.5	0.0627	0.0066	0.1052	-602.196448	1.46322	True	ok
193351at33090	13		4..5	0.027	260.5	78.5	0.0627	0.002	0.032	-602.196448	1.46322	False	ok
193351at33090	13	a_halleri	5..1	0.088	260.5	78.5	0.0627	0.0066	0.1049	-602.196448	1.46322	True	ok
193351at33090	13	a_thaliana	5..2	0.159	260.5	78.5	0.0627	0.0119	0.1893	-602.196448	1.46322	True	ok
193437at33090	14	c_grandiflora	4..3	0.067	608.6	180.4	0.214	0.0121	0.0566	-1550.519187	1.31234	True	ok
193437at33090	14		4..5	0.115	608.6	180.4	0.214	0.0208	0.0973	-1550.519187	1.31234	False	ok
193437at33090	14	a_halleri	5..1	0.071	608.6	180.4	0.214	0.0129	0.0604	-1550.519187	1.31234	True	ok
193437at33090	14	a_thaliana	5..2	0.186	608.6	180.4	0.214	0.0337	0.1573	-1550.519187	1.31234	True	ok
193683at33090	15	c_grandiflora	4..3	0.102	554.5	156.5	0.095	0.011	0.1159	-1242.040797	1.59394	True	ok
193683at33090	15		4..5	0.093	554.5	156.5	0.095	0.01	0.1055	-1242.040797	1.59394	False	ok
193683at33090	15	a_halleri	5..1	0.056	554.5	156.5	0.095	0.006	0.063	-1242.040797	1.59394	True	ok
193683at33090	15	a_thaliana	5..2	0.094	554.5	156.5	0.095	0.0102	0.1069	-1242.040797	1.59394	True	ok
193777at33090	16	c_grandiflora	4..3	0.085	714.1	263.9	0.1341	0.0103	0.0768	-1746.870985	1.57339	True	ok
193777at33090	16		4..5	0.073	714.1	263.9	0.1341	0.0089	0.0662	-1746.870985	1.57339	False	ok
193777at33090	16	a_halleri	5..1	0.086	714.1	263.9	0.1341	0.0104	0.0778	-1746.870985	1.57339	True	ok
193777at33090	16	a_thaliana	5..2	0.05	714.1	263.9	0.1341	0.0061	0.0453	-1746.870985	1.57339	True	ok
193982at33090	17	c_grandiflora	4..3	0.085	503.6	168.4	0.2497	0.0162	0.0648	-1256.791448	1.66326	True	ok
193982at33090	17		4..5	0.089	503.6	168.4	0.2497	0.0169	0.0678	-1256.791448	1.66326	False	ok
193982at33090	17	a_halleri	5..1	0.081	503.6	168.4	0.2497	0.0154	0.0616	-1256.791448	1.66326	True	ok
193982at33090	17	a_thaliana	5..2	0.09	503.6	168.4	0.2497	0.0171	0.0687	-1256.791448	1.66326	True	ok
194002at33090	18	c_grandiflora	4..3	0.104	529.5	163.5	0.2809	0.0216	0.0769	-1280.575331	0.61409	True	ok
194002at33090	18		4..5	0.057	529.5	163.5	0.2809	0.0119	0.0424	-1280.575331	0.61409	False	ok
194002at33090	18	a_halleri	5..1	0.032	529.5	163.5	0.2809	0.0067	0.0238	-1280.575331	0.61409	True	ok
194002at33090	18	a_thaliana	5..2	0.126	529.5	163.5	0.2809	0.0262	0.0933	-1280.575331	0.61409	True	ok
194293at33090	19	c_grandiflora	4..3	0.152	758.4	243.6	0.3229	0.0335	0.1038	-2029.708955	1.10847	True	ok
194293at33090	19		4..5	0.06	758.4	243.6	0.3229	0.0133	0.041	-2029.708955	1.10847	False	ok
194293at33090	19	a_halleri	5..1	0.055	758.4	243.6	0.3229	0.0121	0.0374	-2029.708955	1.10847	True	ok
194293at33090	19	a_thaliana	5..2	0.188	758.4	243.6	0.3229	0.0415	0.1285	-2029.708955	1.10847	True	ok
194372at33090	20	c_grandiflora	4..3	0.081	344.6	108.4	0.0916	0.008	0.087	-844.151433	1.43582	True	ok
194372at33090	20		4..5	0.099	344.6	108.4	0.0916	0.0098	0.1071	-844.151433	1.43582	False	ok
194372at33090	20	a_halleri	5..1	0.08	344.6	108.4	0.0916	0.0079	0.0863	-844.151433	1.43582	True	ok
194372at33090	20	a_thaliana	5..2	0.134	344.6	108.4	0.0916	0.0133	0.1448	-844.151433	1.43582	True	ok
194467at33090	1	c_grandiflora	4..3	0.128	569.7	243.3	0.1556	0.0162	0.1041	-1445.623931	2.89872	True	ok
194467at33090	1		4..5	0.052	569.7	243.3	0.1556	0.0066	0.0423	-1445.623931	2.89872	False	ok
194467at33090	1	a_halleri	5..1	0.032	569.7	243.3	0.1556	0.004	0.026	-1445.623931	2.89872	True	ok
194467at33090	1	a_thaliana	5..2	0.086	569.7	243.3	0.1556	0.011	0.0705	-1445.623931	2.89872	True	ok
195185at33090	2	c_grandiflora	4..3	0.094	631.1	211.9	0.0991	0.0096	0.0965	-1594.678874	1.39684	True	ok
195185at33090	2		4..5	0.127	631.1	211.9	0.0991	0.0129	0.1305	-1594.678874	1.39684	False	ok
195185at33090	2	a_halleri	5..1	0.098	631.1	211.9	0.0991	0.01	0.1005	-1594.678874	1.39684	True	ok
195185at33090	2	a_thaliana	5..2	0.125	631.1	211.9	0.0991	0.0126	0.1276	-1594.678874	1.39684	True	ok
195354at33090	3	c_grandiflora	4..3	0.113	464.4	162.6	0.1597	0.0159	0.0995	-1144.868046	1.37052	True	ok
195354at33090	3		4..5	0.032	464.4	162.6	0.1597	0.0045	0.0282	-1144.868046	1.37052	False	ok
195354at33090	3	a_halleri	5..1	0.086	464.4	162.6	0.1597	0.0122	0.0762	-1144.868046	1.37052	True	ok
195354at33090	3	a_thaliana	5..2	0.083	464.4	162.6	0.1597	0.0117	0.0731	-1144.868046	1.37052	True	ok
195527at33090	4	c_grandiflora	4..3	0.113	942.6	317.4	0.1195	0.0132	0.1105	-2217.856003	2.24211	True	ok
195527at33090	4		4..5	0.074	942.6	317.4	0.1195	0.0086	0.0722	-2217.856003	2.24211	False	ok
195527at33090	4	a_halleri	5..1	0.037	942.6	317.4	0.1195	0.0043	0.036	-2217.856003	2.24211	True	ok
195527at33090	4	a_thaliana	5..2	0.072	942.6	317.4	0.1195	0.0084	0.0701	-2217.856003	2.24211	True	ok
195843at33090	5	c_grandiflora	4..3	0.095	526.8	163.2	0.1079	0.0107	0.0994	-1242.219959	1.66263	True	ok
195843at33090	5		4..5	0.088	526.8	163.2	0.1079	0.0099	0.0922	-1242.219959	1.66263	False	ok
195843at33090	5	a_halleri	5..1	0.099	526.8	163.2	0.1079	0.0112	0.1038	-1242.219959	1.66263	True	ok
195843at33090	5	a_thaliana	5..2	0.062	526.8	163.2	0.1079	0.007	0.0648	-1242.219959	1.66263	True	ok
196198at33090	6	c_grandiflora	4..3	0.16	387.2	161.8	0.2092	0.0253	0.1207	-1016.529202	2.23362	True	ok
196198at33090	6		4..5	0.123	387.2	161.8	0.2092	0.0194	0.0929	-1016.529202	2.23362	False	ok
196198at33090	6	a_halleri	5..1	0.03	387.2	161.8	0.2092	0.0047	0.0223	-1016.529202	2.23362	True	ok
196198at33090	6	a_thaliana	5..2	0.058	387.2	161.8	0.2092	0.0091	0.0435	-1016.529202	2.23362	True	ok
196324at33090	7	c_grandiflora	4..3	0.176	639.9	182.1	0.1843	0.0295	0.1603	-1629.54428	1.90079	True	ok
196324at33090	7		4..5	0.099	639.9	182.1	0.1843	0.0166	0.0903	-1629.54428	1.90079	False	ok
196324at33090	7	a_halleri	5..1	0.079	639.9	182.1	0.1843	0.0132	0.0718	-1629.54428	1.90079	True	ok
196324at33090	7	a_thaliana	5..2	0.143	639.9	182.1	0.1843	0.0241	0.1307	-1629.54428	1.90079	True	ok
196325at33090	8	c_grandiflora	4..3	0.109	761.9	267.1	0.1074	0.0115	0.1067	-1834.576719	1.87779	True	ok
196325at33090	8		4..5	0.063	761.9	267.1	0.1074	0.0066	0.0617	-1834.576719	1.87779	False	ok
196325at33090	8	a_halleri	5..1	0.08	761.9	267.1	0.1074	0.0084	0.0786	-1834.576719	1.87779	True	ok
196325at33090	8	a_thaliana	5..2	0.063	761.9	267.1	0.1074	0.0067	0.0622	-1834.576719	1.87779	True	ok
196410at33090	9	c_grandiflora	4..3	0.11	525.4	137.6	0.128	0.0151	0.1182	-1347.928862	1.25104	True	ok
196410at33090	9		4..5	0.132	525.4	137.6	0.128	0.0182	0.1422	-1347.928862	1.25104	False	ok
196410at33090	9	a_halleri	5..1	0.053	525.4	137.6	0.128	0.0073	0.057	-1347.928862	1.25104	True	ok
196410at33090	9	a_thaliana	5..2	0.319	525.4	137.6	0.128	0.0441	0.3444	-1347.928862	1.25104	True	ok
196443at33090	10	c_grandiflora	4..3	0.082	471.0	192.0	0.2283	0.0137	0.0602	-1192.435142	3.49647	True	ok
196443at33090	10		4..5	0.057	471.0	192.0	0.2283	0.0096	0.0422	-1192.435142	3.49647	False	ok
196443at33090	10	a_halleri	5..1	0.072	471.0	192.0	0.2283	0.0121	0.053	-1192.435142	3.49647	True	ok
196443at33090	10	a_thaliana	5..2	0.079	471.0	192.0	0.2283	0.0133	0.0581	-1192.435142	3.49647	True	ok
196490at33090	11	c_grandiflora	4..3	0.107	771.0	282.0	0.2111	0.0178	0.0843	-1961.016554	1.83767	True	ok
196490at33090	11		4..5	0.069	771.0	282.0	0.2111	0.0115	0.0543	-1961.016554	1.83767	False	ok
196490at33090	11	a_halleri	5..1	0.077	771.0	282.0	0.2111	0.0128	0.0604	-1961.016554	1.83767	True	ok
196490at33090	11	a_thaliana	5..2	0.082	771.0	282.0	0.2111	0.0136	0.0646	-1961.016554	1.83767	True	ok
196512at33090	12	c_grandiflora	4..3	0.071	1112.7	348.3	0.0865	0.0068	0.0781	-2734.054615	2.20379	True	ok
196512at33090	12		4..5	0.14	1112.7	348.3	0.0865	0.0132	0.1531	-2734.054615	2.20379	False	ok
196512at33090	12	a_halleri	5..1	0.088	1112.7	348.3	0.0865	0.0084	0.0968	-2734.054615	2.20379	True	ok
196512at33090	12	a_thaliana	5..2	0.111	1112.7	348.3	0.0865	0.0106	0.122	-2734.054615	2.20379	True	ok
196850at33090	13	c_grandiflora	4..3	0.11	479.2	165.8	0.1307	0.0135	0.1034	-1162.617901	1.39514	True	ok
196850at33090	13		4..5	0.045	479.2	165.8	0.1307	0.0055	0.0423	-1162.617901	1.39514	False	ok
196850at33090	13	a_halleri	5..1	0.028	479.2	165.8	0.1307	0.0034	0.0259	-1162.617901	1.39514	True	ok
196850at33090	13	a_thaliana	5..2	0.141	479.2	165.8	0.1307	0.0173	0.1327	-1162.617901	1.39514	True	ok
196873at33090	14	c_grandiflora	4..3	0.134	418.8	151.2	0.3276	0.0289	0.0882	-1084.492897	1.79823	True	ok
196873at33090	14		4..5	0.16	418.8	151.2	0.3276	0.0346	0.1057	-1084.492897	1.79823	False	ok
196873at33090	14	a_halleri	5..1	0.081	418.8	151.2	0.3276	0.0174	0.0531	-1084.492897	1.79823	True	ok
196873at33090	14	a_thaliana	5..2	0.021	418.8	151.2	0.3276	0.0044	0.0135	-1084.492897	1.79823	True	ok
196991at33090	15	c_grandiflora	4..3	0.151	647.7	147.3	0.095	0.0182	0.1916	-1425.521698	0.91023	True	ok
196991at33090	15		4..5	0.119	647.7	147.3	0.095	0.0143	0.1505	-1425.521698	0.91023	False	ok
196991at33090	15	a_halleri	5..1	0.03	647.7	147.3	0.095	0.0036	0.0376	-1425.521698	0.91023	True	ok
196991at33090	15	a_thaliana	5..2	0.101	647.7	147.3	0.095	0.0121	0.1278	-1425.521698	0.91023	True	ok
197780at33090	16	c_grandiflora	4..3	0.124	779.9	261.1	0.1916	0.0201	0.1047	-2019.808733	1.55475	True	ok
197780at33090	16		4..5	0.124	779.9	261.1	0.1916	0.02	0.1044	-2019.808733	1.55475	False	ok
197780at33090	16	a_halleri	5..1	0.077	779.9	261.1	0.1916	0.0124	0.065	-2019.808733	1.55475	True	ok
197780at33090	16	a_thaliana	5..2	0.1	779.9	261.1	0.1916	0.0162	0.0846	-2019.808733	1.55475	True	ok
197838at33090	17	c_grandiflora	4..3	0.114	397.4	127.6	0.2467	0.0219	0.0888	-985.327628	1.55383	True	ok
197838at33090	17		4..5	0.12	397.4	127.6	0.2467	0.0229	0.0927	-985.327628	1.55383	False	ok
197838at33090	17	a_halleri	5..1	0.039	397.4	127.6	0.2467	0.0074	0.03	-985.327628	1.55383	True	ok
197838at33090	17	a_thaliana	5..2	0.097	397.4	127.6	0.2467	0.0185	0.0749	-985.327628	1.55383	True	ok
198012at33090	18	c_grandiflora	4..3	0.081	335.9	123.1	0.0704	0.0059	0.0843	-815.096063	2.8062	True	ok
198012at33090	18		4..5	0.098	335.9	123.1	0.0704	0.0072	0.1018	-815.096063	2.8062	False	ok
198012at33090	18	a_halleri	5..1	0.09	335.9	123.1	0.0704	0.0066	0.0943	-815.096063	2.8062	True	ok
198012at33090	18	a_thaliana	5..2	0.102	335.9	123.1	0.0704	0.0075	0.1061	-815.096063	2.8062	True	ok
198570at33090	19	c_grandiflora	4..3	0.088	751.2	229.8	0.138	0.0119	0.086	-1751.900914	1.49595	True	ok
198570at33090	19		4..5	0.077	751.2	229.8	0.138	0.0104	0.0756	-1751.900914	1.49595	False	ok
198570at33090	19	a_halleri	5..1	0.056	751.2	229.8	0.138	0.0076	0.0549	-1751.900914	1.49595	True	ok
198570at33090	19	a_thaliana	5..2	0.073	751.2	229.8	0.138	0.0099	0.072	-1751.900914	1.49595	True	ok
199163at33090	20	c_grandiflora	4..3	0.092	846.5	314.5	0.2697	0.0177	0.0655	-2213.171333	2.35527	True	ok
199163at33090	20		4..5	0.088	846.5	314.5	0.2697	0.017	0.0629	-2213.171333	2.35527	False	ok
199163at33090	20	a_halleri	5..1	0.098	846.5	314.5	0.2697	0.0189	0.07	-2213.171333	2.35527	True	ok
199163at33090	20	a_thaliana	5..2	0.12	846.5	314.5	0.2697	0.0231	0.0855	-2213.171333	2.35527	True	ok
199618at33090	1	c_grandiflora	4..3	0.087	994.7	298.3	0.1102	0.0101	0.0918	-2454.348459	1.65661	True	ok
199618at33090	1		4..5	0.109	994.7	298.3	0.1102	0.0127	0.1148	-2454.348459	1.65661	False	ok
199618at33090	1	a_halleri	5..1	0.097	994.7	298.3	0.1102	0.0113	0.1029	-2454.348459	1.65661	True	ok
199618at33090	1	a_thaliana	5..2	0.12	994.7	298.3	0.1102	0.0139	0.1264	-2454.348459	1.65661	True	ok
199795at33090	2	c_grandiflora	4..3	0.07	482.1	183.9	0.1988	0.011	0.0552	-1265.676645	2.639	True	ok
199795at33090	2		4..5	0.094	482.1	183.9	0.1988	0.0149	0.0748	-1265.676645	2.639	False	ok
199795at33090	2	a_halleri	5..1	0.124	482.1	183.9	0.1988	0.0195	0.0983	-1265.676645	2.639	True	ok
199795at33090	2	a_thaliana	5..2	0.104	482.1	183.9	0.1988	0.0164	0.0827	-1265.676645	2.639	True	ok
200316at33090	3	c_grandiflora	4..3	0.089	1032.0	360.0	0.1627	0.0128	0.0787	-2552.397318	1.90745	True	ok
200316at33090	3		4..5	0.11	1032.0	360.0	0.1627	0.0158	0.0969	-2552.397318	1.90745	False	ok
200316at33090	3	a_halleri	5..1	0.037	1032.0	360.0	0.1627	0.0053	0.0328	-2552.397318	1.90745	True	ok
200316at33090	3	a_thaliana	5..2	0.112	1032.0	360.0	0.1627	0.016	0.0982	-2552.397318	1.90745	True	ok
200488at33090	4	c_grandiflora	4..3	0.101	968.9	306.1	0.2315	0.0188	0.0813	-2325.238313	1.50209	True	ok
200488at33090	4		4..5	0.084	968.9	306.1	0.2315	0.0155	0.067	-2325.238313	1.50209	False	ok
200488at33090	4	a_halleri	5..1	0.077	968.9	306.1	0.2315	0.0143	0.062	-2325.238313	1.50209	True	ok
200488at33090	4	a_thaliana	5..2	0.051	968.9	306.1	0.2315	0.0094	0.0408	-2325.238313	1.50209	True	ok
200499at33090	5	c_grandiflora	4..3	0.093	853.3	310.7	0.1316	0.0113	0.0857	-2141.977995	1.61458	True	ok
200499at33090	5		4..5	0.12	853.3	310.7	0.1316	0.0145	0.11	-2141.977995	1.61458	False	ok
200499at33090	5	a_halleri	5..1	0.048	853.3	310.7	0.1316	0.0058	0.0444	-2141.977995	1.61458	True	ok
200499at33090	5	a_thaliana	5..2	0.106	853.3	310.7	0.1316	0.0128	0.097	-2141.977995	1.61458	True	ok
200687at33090	6	c_grandiflora	4..3	0.148	536.1	171.9	0.0718	0.0119	0.1656	-1338.92643	1.4821	True	ok
200687at33090	6		4..5	0.08	536.1	171.9	0.0718	0.0065	0.09	-1338.92643	1.4821	False	ok
200687at33090	6	a_halleri	5..1	0.059	536.1	171.9	0.0718	0.0047	0.066	-1338.92643	1.4821	True	ok
200687at33090	6	a_thaliana	5..2	0.183	536.1	171.9	0.0718	0.0148	0.2058	-1338.92643	1.4821	True	ok
201861at33090	7	c_grandiflora	4..3	0.089	481.0	179.0	0.0633	0.0059	0.0939	-1106.606251	2.54605	True	ok
201861at33090	7		4..5	0.065	481.0	179.0	0.0633	0.0043	0.0682	-1106.606251	2.54605	False	ok
201861at33090	7	a_halleri	5..1	0.025	481.0	179.0	0.0633	0.0016	0.0259	-1106.606251	2.54605	True	ok
201861at33090	7	a_thaliana	5..2	0.072	481.0	179.0	0.0633	0.0048	0.0752	-1106.606251	2.54605	True	ok
203023at33090	8	c_grandiflora	4..3	0.101	427.0	137.0	0.1026	0.0108	0.1051	-1064.742258	1.71395	True	ok
203023at33090	8		4..5	0.151	427.0	137.0	0.1026	0.0161	0.1571	-1064.742258	1.71395	False	ok
203023at33090	8	a_halleri	5..1	0.113	427.0	137.0	0.1026	0.012	0.1174	-1064.742258	1.71395	True	ok
203023at33090	8	a_thaliana	5..2	0.083	427.0	137.0	0.1026	0.0088	0.086	-1064.742258	1.71395	True	ok
203383at33090	9	c_grandiflora	4..3	0.085	823.3	232.7	0.1179	0.0107	0.0906	-1999.688985	1.4411	True	ok
203383at33090	9		4..5	0.154	823.3	232.7	0.1179	0.0194	0.1644	-1999.688985	1.4411	False	ok
203383at33090	9	a_halleri	5..1	0.051	823.3	232.7	0.1179	0.0065	0.0549	-1999.688985	1.4411	True	ok
203383at33090	9	a_thaliana	5..2	0.127	823.3	232.7	0.1179	0.0159	0.1351	-1999.688985	1.4411	True	ok
203818at33090	10	c_grandiflora	4..3	0.133	427.4	145.6	0.1108	0.0146	0.1313	-1021.697776	1.94429	True	ok
203818at33090	10		4..5	0.088	427.4	145.6	0.1108	0.0097	0.0874	-1021.697776	1.94429	False	ok
203818at33090	10	a_halleri	5..1	0.028	427.4	145.6	0.1108	0.003	0.0273	-1021.697776	1.94429	True	ok
203818at33090	10	a_thaliana	5..2	0.076	427.4	145.6	0.1108	0.0083	0.0752	-1021.697776	1.94429	True	ok
204117at33090	11	c_grandiflora	4..3	0.092	718.6	235.4	0.2281	0.0167	0.0731	-1963.142443	1.18796	True	ok
204117at33090	11		4..5	0.118	718.6	235.4	0.2281	0.0214	0.0939	-1963.142443	1.18796	False	ok
204117at33090	11	a_halleri	5..1	0.187	718.6	235.4	0.2281	0.034	0.1488	-1963.142443	1.18796	True	ok
204117at33090	11	a_thaliana	5..2	0.122	718.6	235.4	0.2281	0.0221	0.0968	-1963.142443	1.18796	True	ok
204880at33090	12	c_grandiflora	4..3	0.093	609.2	230.8	0.1711	0.0133	0.0778	-1560.891302	2.47579	True	ok
204880at33090	12		4..5	0.119	609.2	230.8	0.1711	0.017	0.0992	-1560.891302	2.47579	False	ok
204880at33090	12	a_halleri	5..1	0.068	609.2	230.8	0.1711	0.0098	0.0571	-1560.891302	2.47579	True	ok
204880at33090	12	a_thaliana	5..2	0.1	609.2	230.8	0.1711	0.0143	0.0836	-1560.891302	2.47579	True	ok
205308at33090	13	c_grandiflora	4..3	0.092	635.8	186.2	0.1731	0.0147	0.0851	-1505.801157	1.52067	True	ok
205308at33090	13		4..5	0.105	635.8	186.2	0.1731	0.0168	0.0968	-1505.801157	1.52067	False	ok
205308at33090	13	a_halleri	5..1	0.04	635.8	186.2	0.1731	0.0064	0.037	-1505.801157	1.52067	True	ok
205308at33090	13	a_thaliana	5..2	0.108	635.8	186.2	0.1731	0.0173	0.1	-1505.801157	1.52067	True	ok
206164at33090	14	c_grandiflora	4..3	0.07	394.0	149.0	0.0575	0.0042	0.0736	-917.081834	2.05961	True	ok
206164at33090	14		4..5	0.045	394.0	149.0	0.0575	0.0027	0.0472	-917.081834	2.05961	False	ok
206164at33090	14	a_halleri	5..1	0.063	394.0	149.0	0.0575	0.0038	0.0665	-917.081834	2.05961	True	ok
206164at33090	14	a_thaliana	5..2	0.072	394.0	149.0	0.0575	0.0043	0.0754	-917.081834	2.05961	True	ok
206170at33090	15	c_grandiflora	4..3	0.105	514.5	181.5	0.1033	0.0107	0.1036	-1288.424267	1.62933	True	ok
206170at33090	15		4..5	0.076	514.5	181.5	0.1033	0.0077	0.0749	-1288.424267	1.62933	False	ok
206170at33090	15	a_halleri	5..1	0.072	514.5	181.5	0.1033	0.0074	0.0713	-1288.424267	1.62933	True	ok
206170at33090	15	a_thaliana	5..2	0.13	514.5	181.5	0.1033	0.0133	0.1285	-1288.424267	1.62933	True	ok
207179at33090	16	c_grandiflora	4..3	0.086	859.6	286.4	0.2002	0.0144	0.0721	-2358.624301	1.38763	True	ok
207179at33090	16		4..5	0.07	859.6	286.4	0.2002	0.0117	0.0585	-2358.624301	1.38763	False	ok
207179at33090	16	a_halleri	5..1	0.031	859.6	286.4	0.2002	0.0052	0.026	-2358.624301	1.38763	True	ok
207179at33090	16	a_thaliana	5..2	0.393	859.6	286.4	0.2002	0.0656	0.3277	-2358.624301	1.38763	True	ok
208706at33090	17	c_grandiflora	4..3	0.061	625.0	191.0	0.1208	0.0076	0.0627	-1473.027611	1.1248	True	ok
208706at33090	17		4..5	0.124	625.0	191.0	0.1208	0.0153	0.127	-1473.027611	1.1248	False	ok
208706at33090	17	a_halleri	5..1	0.06	625.0	191.0	0.1208	0.0074	0.0609	-1473.027611	1.1248	True	ok
208706at33090	17	a_thaliana	5..2	0.072	625.0	191.0	0.1208	0.0089	0.074	-1473.027611	1.1248	True	ok
208707at33090	18	c_grandiflora	4..3	0.185	315.0	114.0	0.2145	0.0313	0.1457	-872.680438	1.90951	True	ok
208707at33090	18		4..5	0.124	315.0	114.0	0.2145	0.0209	0.0974	-872.680438	1.90951	False	ok
208707at33090	18	a_halleri	5..1	0.11	315.0	114.0	0.2145	0.0186	0.0869	-872.680438	1.90951	True	ok
208707at33090	18	a_thaliana	5..2	0.108	315.0	114.0	0.2145	0.0182	0.0851	-872.680438	1.90951	True	ok
208849at33090	19	c_grandiflora	4..3	0.08	253.4	82.6	0.1259	0.0099	0.0785	-637.923856	1.2912	True	ok
208849at33090	19		4..5	0.13	253.4	82.6	0.1259	0.016	0.1268	-637.923856	1.2912	False	ok
208849at33090	19	a_halleri	5..1	0.069	253.4	82.6	0.1259	0.0085	0.0672	-637.923856	1.2912	True	ok
208849at33090	19	a_thaliana	5..2	0.111	253.4	82.6	0.1259	0.0136	0.1083	-637.923856	1.2912	True	ok
209015at33090	20	c_grandiflora	4..3	0.123	588.7	173.3	0.0732	0.0105	0.1441	-1351.04831	1.6187	True	ok
209015at33090	20		4..5	0.077	588.7	173.3	0.0732	0.0066	0.0902	-1351.04831	1.6187	False	ok
209015at33090	20	a_halleri	5..1	0.048	588.7	173.3	0.0732	0.0041	0.0567	-1351.04831	1.6187	True	ok
209015at33090	20	a_thaliana	5..2	0.099	588.7	173.3	0.0732	0.0085	0.1166	-1351.04831	1.6187	True	ok
209301at33090	1	c_grandiflora	4..3	0.1	816.5	263.5	0.2224	0.018	0.081	-1998.608377	1.54327	True	ok
209301at33090	1		4..5	0.118	816.5	263.5	0.2224	0.0213	0.0956	-1998.608377	1.54327	False	ok
209301at33090	1	a_halleri	5..1	0.066	816.5	263.5	0.2224	0.0118	0.0532	-1998.608377	1.54327	True	ok
209301at33090	1	a_thaliana	5..2	0.065	816.5	263.5	0.2224	0.0117	0.0525	-1998.608377	1.54327	True	ok
209302at33090	2	c_grandiflora	4..3	0.116	588.6	215.4	0.2666	0.0223	0.0836	-1560.823113	1.97958	True	ok
209302at33090	2		4..5	0.168	588.6	215.4	0.2666	0.0321	0.1206	-1560.823113	1.97958	False	ok
209302at33090	2	a_halleri	5..1	0.082	588.6	215.4	0.2666	0.0157	0.0588	-1560.823113	1.97958	True	ok
209302at33090	2	a_thaliana	5..2	0.066	588.6	215.4	0.2666	0.0126	0.0474	-1560.823113	1.97958	True	ok
209516at33090	3	c_grandiflora	4..3	0.122	562.4	163.6	0.1148	0.0148	0.129	-1281.860288	1.00797	True	ok
209516at33090	3		4..5	0.045	562.4	163.6	0.1148	0.0055	0.0476	-1281.860288	1.00797	False	ok
209516at33090	3	a_halleri	5..1	0.048	562.4	163.6	0.1148	0.0059	0.0513	-1281.860288	1.00797	True	ok
209516at33090	3	a_thaliana	5..2	0.066	562.4	163.6	0.1148	0.0081	0.0702	-1281.860288	1.00797	True	ok
210493at33090	4	c_grandiflora	4..3	0.089	348.2	71.8	0.0309	0.0047	0.1509	-712.281897	0.62051	True	ok
210493at33090	4		4..5	0.108	348.2	71.8	0.0309	0.0057	0.1837	-712.281897	0.62051	False	ok
210493at33090	4	a_halleri	5..1	0.021	348.2	71.8	0.0309	0.0011	0.0357	-712.281897	0.62051	True	ok
210493at33090	4	a_thaliana	5..2	0.112	348.2	71.8	0.0309	0.0058	0.1892	-712.281897	0.62051	True	ok
210551at33090	5	c_grandiflora	4..3	0.093	566.7	189.3	0.1399	0.0123	0.0877	-1368.954176	1.84078	True	ok
210551at33090	5		4..5	0.096	566.7	189.3	0.1399	0.0126	0.0901	-1368.954176	1.84078	False	ok
210551at33090	5	a_halleri	5..1	0.052	566.7	189.3	0.1399	0.0068	0.0486	-1368.954176	1.84078	True	ok
210551at33090	5	a_thaliana	5..2	0.09	566.7	189.3	0.1399	0.0119	0.0849	-1368.954176	1.84078	True	ok
210851at33090	6	c_grandiflora	4..3	0.147	432.7	152.3	0.137	0.0186	0.1356	-1101.966846	3.6122	True	ok
210851at33090	6		4..5	0.147	432.7	152.3	0.137	0.0186	0.1358	-1101.966846	3.6122	False	ok
210851at33090	6	a_halleri	5..1	0.093	432.7	152.3	0.137	0.0118	0.0859	-1101.966846	3.6122	True	ok
210851at33090	6	a_thaliana	5..2	0.065	432.7	152.3	0.137	0.0082	0.0601	-1101.966846	3.6122	True	ok
21163at33090	7	c_grandiflora	4..3	0.083	2195.1	678.9	0.2196	0.015	0.0682	-5194.821824	1.60716	True	ok
21163at33090	7		4..5	0.068	2195.1	678.9	0.2196	0.0122	0.0557	-5194.821824	1.60716	False	ok
21163at33090	7	a_halleri	5..1	0.067	2195.1	678.9	0.2196	0.0122	0.0554	-5194.821824	1.60716	True	ok
21163at33090	7	a_thaliana	5..2	0.084	2195.1	678.9	0.2196	0.0152	0.0692	-5194.821824	1.60716	True	ok
211645at33090	8	c_grandiflora	4..3	0.15	453.8	134.2	0.0957	0.0158	0.1653	-1044.44768	2.18322	True	ok
211645at33090	8		4..5	0.075	453.8	134.2	0.0957	0.008	0.0832	-1044.44768	2.18322	False	ok
211645at33090	8	a_halleri	5..1	0.053	453.8	134.2	0.0957	0.0056	0.0588	-1044.44768	2.18322	True	ok
211645at33090	8	a_thaliana	5..2	0.064	453.8	134.2	0.0957	0.0068	0.0707	-1044.44768	2.18322	True	ok
212331at33090	9	c_grandiflora	4..3	0.086	793.7	319.3	0.0963	0.0078	0.0809	-1976.513319	2.43977	True	ok
212331at33090	9		4..5	0.106	793.7	319.3	0.0963	0.0096	0.0993	-1976.513319	2.43977	False	ok
212331at33090	9	a_halleri	5..1	0.069	793.7	319.3	0.0963	0.0062	0.0646	-1976.513319	2.43977	True	ok
212331at33090	9	a_thaliana	5..2	0.065	793.7	319.3	0.0963	0.0059	0.0609	-1976.513319	2.43977	True	ok
212845at33090	10	c_grandiflora	4..3	0.165	597.2	239.8	0.1372	0.0196	0.1429	-1646.951053	2.62093	True	ok
212845at33090	10		4..5	0.099	597.2	239.8	0.1372	0.0118	0.0862	-1646.951053	2.62093	False	ok
212845at33090	10	a_halleri	5..1	0.093	597.2	239.8	0.1372	0.0111	0.0806	-1646.951053	2.62093	True	ok
212845at33090	10	a_thaliana	5..2	0.128	597.2	239.8	0.1372	0.0152	0.1107	-1646.951053	2.62093	True	ok
213827at33090	11	c_grandiflora	4..3	0.106	483.7	185.3	0.1682	0.0149	0.0887	-1298.935769	2.12445	True	ok
213827at33090	11		4..5	0.149	483.7	185.3	0.1682	0.0209	0.1245	-1298.935769	2.12445	False	ok
213827at33090	11	a_halleri	5..1	0.088	483.7	185.3	0.1682	0.0124	0.0737	-1298.935769	2.12445	True	ok
213827at33090	11	a_thaliana	5..2	0.111	483.7	185.3	0.1682	0.0155	0.0924	-1298.935769	2.12445	True	ok
213828at33090	12	c_grandiflora	4..3	0.126	415.3	169.7	0.0902	0.0107	0.1182	-1116.522103	2.29007	True	ok
213828at33090	12		4..5	0.148	415.3	169.7	0.0902	0.0126	0.1394	-1116.522103	2.29007	False	ok
213828at33090	12	a_halleri	5..1	0.081	415.3	169.7	0.0902	0.0069	0.0764	-1116.522103	2.29007	True	ok
213828at33090	12	a_thaliana	5..2	0.118	415.3	169.7	0.0902	0.01	0.1114	-1116.522103	2.29007	True	ok
214313at33090	13	c_grandiflora	4..3	0.094	424.2	91.8	0.146	0.0154	0.1055	-1001.482792	1.22664	True	ok
214313at33090	13		4..5	0.157	424.2	91.8	0.146	0.0256	0.1757	-1001.482792	1.22664	False	ok
214313at33090	13	a_halleri	5..1	0.129	424.2	91.8	0.146	0.0211	0.1448	-1001.482792	1.22664	True	ok
214313at33090	13	a_thaliana	5..2	0.097	424.2	91.8	0.146	0.0158	0.1084	-1001.482792	1.22664	True	ok
215062at33090	14	c_grandiflora	4..3	0.115	491.9	162.1	0.1681	0.0172	0.1026	-1253.627361	1.6003	True	ok
215062at33090	14		4..5	0.096	491.9	162.1	0.1681	0.0143	0.0852	-1253.627361	1.6003	False	ok
215062at33090	14	a_halleri	5..1	0.133	491.9	162.1	0.1681	0.0199	0.1181	-1253.627361	1.6003	True	ok
215062at33090	14	a_thaliana	5..2	0.1	491.9	162.1	0.1681	0.015	0.089	-1253.627361	1.6003	True	ok
215487at33090	15	c_grandiflora	4..3	0.114	293.7	114.3	0.1892	0.0172	0.0909	-821.61825	1.8093	True	ok
215487at33090	15		4..5	0.146	293.7	114.3	0.1892	0.0221	0.1167	-821.61825	1.8093	False	ok
215487at33090	15	a_halleri	5..1	0.105	293.7	114.3	0.1892	0.016	0.0843	-821.61825	1.8093	True	ok
215487at33090	15	a_thaliana	5..2	0.163	293.7	114.3	0.1892	0.0247	0.1305	-821.61825	1.8093	True	ok
215817at33090	16	c_grandiflora	4..3	0.137	864.7	281.3	0.0861	0.0127	0.1475	-2037.583886	1.4324	True	ok
215817at33090	16		4..5	0.081	864.7	281.3	0.0861	0.0075	0.0873	-2037.583886	1.4324	False	ok
215817at33090	16	a_halleri	5..1	0.037	864.7	281.3	0.0861	0.0035	0.0402	-2037.583886	1.4324	True	ok
215817at33090	16	a_thaliana	5..2	0.087	864.7	281.3	0.0861	0.008	0.0934	-2037.583886	1.4324	True	ok
216228at33090	17	c_grandiflora	4..3	0.038	551.7	204.3	0.1249	0.0044	0.0354	-1380.759429	1.71708	True	ok
216228at33090	17		4..5	0.118	551.7	204.3	0.1249	0.0135	0.1085	-1380.759429	1.71708	False	ok
216228at33090	17	a_halleri	5..1	0.089	551.7	204.3	0.1249	0.0103	0.0825	-1380.759429	1.71708	True	ok
216228at33090	17	a_thaliana	5..2	0.091	551.7	204.3	0.1249	0.0105	0.0839	-1380.759429	1.71708	True	ok
216601at33090	18	c_grandiflora	4..3	0.059	459.3	134.7	0.1662	0.0092	0.0551	-1108.86767	1.89858	True	ok
216601at33090	18		4..5	0.13	459.3	134.7	0.1662	0.0202	0.1216	-1108.86767	1.89858	False	ok
216601at33090	18	a_halleri	5..1	0.079	459.3	134.7	0.1662	0.0123	0.0739	-1108.86767	1.89858	True	ok
216601at33090	18	a_thaliana	5..2	0.094	459.3	134.7	0.1662	0.0147	0.0883	-1108.86767	1.89858	True	ok
217014at33090	19	c_grandiflora	4..3	0.157	651.6	236.4	0.2253	0.0273	0.1212	-1781.225846	2.24778	True	ok
217014at33090	19		4..5	0.118	651.6	236.4	0.2253	0.0206	0.0914	-1781.225846	2.24778	False	ok
217014at33090	19	a_halleri	5..1	0.089	651.6	236.4	0.2253	0.0155	0.0687	-1781.225846	2.24778	True	ok
217014at33090	19	a_thaliana	5..2	0.123	651.6	236.4	0.2253	0.0214	0.095	-1781.225846	2.24778	True	ok
21751at33090	20	c_grandiflora	4..3	0.088	2308.1	892.9	0.1659	0.0123	0.074	-5460.858124	3.0474	True	ok
21751at33090	20		4..5	0.055	2308.1	892.9	0.1659	0.0076	0.0457	-5460.858124	3.0474	False	ok
21751at33090	20	a_halleri	5..1	0.043	2308.1	892.9	0.1659	0.006	0.0363	-5460.858124	3.0474	True	ok
21751at33090	20	a_thaliana	5..2	0.05	2308.1	892.9	0.1659	0.0069	0.0417	-5460.858124	3.0474	True	ok
21857at33090	1	c_grandiflora	4..3	0.118	1660.7	550.3	0.1622	0.0172	0.1062	-4015.96898	2.31101	True	ok
21857at33090	1		4..5	0.089	1660.7	550.3	0.1622	0.013	0.0803	-4015.96898	2.31101	False	ok
21857at33090	1	a_halleri	5..1	0.059	1660.7	550.3	0.1622	0.0086	0.0529	-4015.96898	2.31101	True	ok
21857at33090	1	a_thaliana	5..2	0.071	1660.7	550.3	0.1622	0.0104	0.064	-4015.96898	2.31101	True	ok
218947at33090	2	c_grandiflora	4..3	0.112	272.8	84.2	0.0696	0.009	0.1293	-639.972465	2.24114	True	ok
218947at33090	2		4..5	0.158	272.8	84.2	0.0696	0.0127	0.1823	-639.972465	2.24114	False	ok
218947at33090	2	a_halleri	5..1	0.09	272.8	84.2	0.0696	0.0072	0.1035	-639.972465	2.24114	True	ok
218947at33090	2	a_thaliana	5..2	0.064	272.8	84.2	0.0696	0.0052	0.074	-639.972465	2.24114	True	ok
219128at33090	3	c_grandiflora	4..3	0.118	253.0	89.0	0.1177	0.0133	0.1132	-650.157608	2.6416	True	ok
219128at33090	3		4..5	0.127	253.0	89.0	0.1177	0.0144	0.1222	-650.157608	2.6416	False	ok
219128at33090	3	a_halleri	5..1	0.064	253.0	89.0	0.1177	0.0073	0.0617	-650.157608	2.6416	True	ok
219128at33090	3	a_thaliana	5..2	0.125	253.0	89.0	0.1177	0.0142	0.1203	-650.157608	2.6416	True	ok
219839at33090	4	c_grandiflora	4..3	0.028	378.1	131.9	0.0567	0.0018	0.0314	-881.721883	1.78761	True	ok
219839at33090	4		4..5	0.113	378.1	131.9	0.0567	0.0071	0.1256	-881.721883	1.78761	False	ok
219839at33090	4	a_halleri	5..1	0.051	378.1	131.9	0.0567	0.0032	0.056	-881.721883	1.78761	True	ok
219839at33090	4	a_thaliana	5..2	0.064	378.1	131.9	0.0567	0.004	0.0714	-881.721883	1.78761	True	ok
220316at33090	5	c_grandiflora	4..3	0.111	561.1	194.9	0.1956	0.0179	0.0917	-1419.014313	2.09284	True	ok
220316at33090	5		4..5	0.088	561.1	194.9	0.1956	0.0142	0.0727	-1419.014313	2.09284	False	ok
220316at33090	5	a_halleri	5..1	0.078	561.1	194.9	0.1956	0.0127	0.0649	-1419.014313	2.09284	True	ok
220316at33090	5	a_thaliana	5..2	0.088	561.1	194.9	0.1956	0.0143	0.073	-1419.014313	2.09284	True	ok
220587at33090	6	c_grandiflora	4..3	0.125	632.8	207.2	0.1922	0.0204	0.1063	-1570.772711	1.83272	True	ok
220587at33090	6		4..5	0.107	632.8	207.2	0.1922	0.0176	0.0913	-1570.772711	1.83272	False	ok
220587at33090	6	a_halleri	5..1	0.081	632.8	207.2	0.1922	0.0132	0.0687	-1570.772711	1.83272	True	ok
220587at33090	6	a_thaliana	5..2	0.063	632.8	207.2	0.1922	0.0103	0.0536	-1570.772711	1.83272	True	ok
220589at33090	7	c_grandiflora	4..3	0.126	1082.7	375.3	0.2574	0.0242	0.0939	-2895.960132	2.6286	True	ok
220589at33090	7		4..5	0.122	1082.7	375.3	0.2574	0.0234	0.0908	-2895.960132	2.6286	False	ok
220589at33090	7	a_halleri	5..1	0.086	1082.7	375.3	0.2574	0.0164	0.0638	-2895.960132	2.6286	True	ok
220589at33090	7	a_thaliana	5..2	0.129	1082.7	375.3	0.2574	0.0247	0.0959	-2895.960132	2.6286	True	ok
22109at33090	8	c_grandiflora	4..3	0.114	1591.5	553.5	0.1165	0.0128	0.1099	-3940.144484	2.1882	True	ok
22109at33090	8		4..5	0.11	1591.5	553.5	0.1165	0.0124	0.106	-3940.144484	2.1882	False	ok
22109at33090	8	a_halleri	5..1	0.071	1591.5	553.5	0.1165	0.008	0.0685	-3940.144484	2.1882	True	ok
22109at33090	8	a_thaliana	5..2	0.081	1591.5	553.5	0.1165	0.0092	0.0785	-3940.144484	2.1882	True	ok
223902at33090	9	c_grandiflora	4..3	0.13	326.5	111.5	0.1124	0.0144	0.1282	-792.876265	2.70957	True	ok
223902at33090	9		4..5	0.149	326.5	111.5	0.1124	0.0165	0.1466	-792.876265	2.70957	False	ok
223902at33090	9	a_halleri	5..1	0.097	326.5	111.5	0.1124	0.0107	0.0955	-792.876265	2.70957	True	ok
223902at33090	9	a_thaliana	5..2	0.053	326.5	111.5	0.1124	0.0059	0.0526	-792.876265	2.70957	True	ok
225336at33090	10	c_grandiflora	4..3	0.137	483.5	182.5	0.2001	0.0218	0.1091	-1314.579511	1.65815	True	ok
225336at33090	10		4..5	0.135	483.5	182.5	0.2001	0.0214	0.107	-1314.579511	1.65815	False	ok
225336at33090	10	a_halleri	5..1	0.049	483.5	182.5	0.2001	0.0077	0.0386	-1314.579511	1.65815	True	ok
225336at33090	10	a_thaliana	5..2	0.132	483.5	182.5	0.2001	0.021	0.1048	-1314.579511	1.65815	True	ok
22618at33090	11	c_grandiflora	4..3	0.074	1797.8	629.2	0.2021	0.0122	0.0605	-4262.605819	2.65228	True	ok
22618at33090	11		4..5	0.06	1797.8	629.2	0.2021	0.0098	0.0486	-4262.605819	2.65228	False	ok
22618at33090	11	a_halleri	5..1	0.042	1797.8	629.2	0.2021	0.0068	0.0338	-4262.605819	2.65228	True	ok
22618at33090	11	a_thaliana	5..2	0.087	1797.8	629.2	0.2021	0.0143	0.0708	-4262.605819	2.65228	True	ok
227848at33090	12	c_grandiflora	4..3	0.083	571.3	184.7	0.1761	0.0129	0.0732	-1321.49979	1.46486	True	ok
227848at33090	12		4..5	0.103	571.3	184.7	0.1761	0.0159	0.0906	-1321.49979	1.46486	False	ok
227848at33090	12	a_halleri	5..1	0.079	571.3	184.7	0.1761	0.0123	0.07	-1321.49979	1.46486	True	ok
227848at33090	12	a_thaliana	5..2	0.048	571.3	184.7	0.1761	0.0074	0.0421	-1321.49979	1.46486	True	ok
228201at33090	13	c_grandiflora	4..3	0.059	738.4	269.6	0.2221	0.0102	0.0457	-1921.736399	1.73852	True	ok
228201at33090	13		4..5	0.099	738.4	269.6	0.2221	0.0171	0.0771	-1921.736399	1.73852	False	ok
228201at33090	13	a_halleri	5..1	0.074	738.4	269.6	0.2221	0.0127	0.0572	-1921.736399	1.73852	True	ok
228201at33090	13	a_thaliana	5..2	0.158	738.4	269.6	0.2221	0.0272	0.1223	-1921.736399	1.73852	True	ok
22958at33090	14	c_grandiflora	4..3	0.083	2049.9	680.1	0.115	0.0095	0.0827	-4635.889339	1.72347	True	ok
22958at33090	14		4..5	0.072	2049.9	680.1	0.115	0.0082	0.0714	-4635.889339	1.72347	False	ok
22958at33090	14	a_halleri	5..1	0.049	2049.9	680.1	0.115	0.0056	0.0484	-4635.889339	1.72347	True	ok
22958at33090	14	a_thaliana	5..2	0.046	2049.9	680.1	0.115	0.0052	0.0453	-4635.889339	1.72347	True	ok
229764at33090	15	c_grandiflora	4..3	0.088	841.7	301.3	0.1314	0.0107	0.0818	-2089.923115	1.78213	True	ok
229764at33090	15		4..5	0.072	841.7	301.3	0.1314	0.0088	0.0668	-2089.923115	1.78213	False	ok
229764at33090	15	a_halleri	5..1	0.079	841.7	301.3	0.1314	0.0096	0.0728	-2089.923115	1.78213	True	ok
229764at33090	15	a_thaliana	5..2	0.092	841.7	301.3	0.1314	0.0112	0.0854	-2089.923115	1.78213	True	ok
229778at33090	16	c_grandiflora	4..3	0.208	383.0	166.0	0.1962	0.031	0.1581	-1116.054599	2.16171	True	ok
229778at33090	16		4..5	0.167	383.0	166.0	0.1962	0.0248	0.1264	-1116.054599	2.16171	False	ok
229778at33090	16	a_halleri	5..1	0.073	383.0	166.0	0.1962	0.0108	0.0553	-1116.054599	2.16171	True	ok
229778at33090	16	a_thaliana	5..2	0.125	383.0	166.0	0.1962	0.0187	0.0951	-1116.054599	2.16171	True	ok
229782at33090	17	c_grandiflora	4..3	0.188	369.8	125.2	0.4804	0.0493	0.1025	-1074.352404	1.7974	True	ok
229782at33090	17		4..5	0.209	369.8	125.2	0.4804	0.0547	0.1139	-1074.352404	1.7974	False	ok
229782at33090	17	a_halleri	5..1	0.122	369.8	125.2	0.4804	0.032	0.0666	-1074.352404	1.7974	True	ok
229782at33090	17	a_thaliana	5..2	0.103	369.8	125.2	0.4804	0.0271	0.0563	-1074.352404	1.7974	True	ok
230103at33090	18	c_grandiflora	4..3	0.058	1069.8	361.2	0.1311	0.0072	0.055	-2548.943103	1.6061	True	ok
230103at33090	18		4..5	0.127	1069.8	361.2	0.1311	0.0158	0.1207	-2548.943103	1.6061	False	ok
230103at33090	18	a_halleri	5..1	0.044	1069.8	361.2	0.1311	0.0055	0.0423	-2548.943103	1.6061	True	ok
230103at33090	18	a_thaliana	5..2	0.068	1069.8	361.2	0.1311	0.0085	0.0651	-2548.943103	1.6061	True	ok
231151at33090	19	c_grandiflora	4..3	0.093	699.2	230.8	0.2506	0.0177	0.0707	-1666.496168	2.31622	True	ok
231151at33090	19		4..5	0.075	699.2	230.8	0.2506	0.0144	0.0573	-1666.496168	2.31622	False	ok
231151at33090	19	a_halleri	5..1	0.054	699.2	230.8	0.2506	0.0104	0.0416	-1666.496168	2.31622	True	ok
231151at33090	19	a_thaliana	5..2	0.079	699.2	230.8	0.2506	0.0151	0.0601	-1666.496168	2.31622	True	ok
231707at33090	20	c_grandiflora	4..3	0.076	607.4	208.6	0.1228	0.0089	0.0728	-1484.863293	1.79841	True	ok
231707at33090	20		4..5	0.122	607.4	208.6	0.1228	0.0144	0.1169	-1484.863293	1.79841	False	ok
231707at33090	20	a_halleri	5..1	0.068	607.4	208.6	0.1228	0.008	0.065	-1484.863293	1.79841	True	ok
231707at33090	20	a_thaliana	5..2	0.077	607.4	208.6	0.1228	0.0091	0.0743	-1484.863293	1.79841	True	ok
233744at33090	1	c_grandiflora	4..3	0.16	390.6	143.4	0.1994	0.0256	0.1285	-1008.130101	2.60585	True	ok
233744at33090	1		4..5	0.103	390.6	143.4	0.1994	0.0165	0.083	-1008.130101	2.60585	False	ok
233744at33090	1	a_halleri	5..1	0.047	390.6	143.4	0.1994	0.0075	0.0377	-1008.130101	2.60585	True	ok
233744at33090	1	a_thaliana	5..2	0.093	390.6	143.4	0.1994	0.015	0.0751	-1008.130101	2.60585	True	ok
23444at33090	2	c_grandiflora	4..3	0.068	1679.8	507.2	0.1851	0.0112	0.0606	-3850.71901	2.28196	True	ok
23444at33090	2		4..5	0.075	1679.8	507.2	0.1851	0.0123	0.0667	-3850.71901	2.28196	False	ok
23444at33090	2	a_halleri	5..1	0.062	1679.8	507.2	0.1851	0.0101	0.0548	-3850.71901	2.28196	True	ok
23444at33090	2	a_thaliana	5..2	0.069	1679.8	507.2	0.1851	0.0114	0.0615	-3850.71901	2.28196	True	ok
23853at33090	3	c_grandiflora	4..3	0.036	2009.3	720.7	0.1467	0.0048	0.0325	-4789.988924	2.47917	True	ok
23853at33090	3		4..5	0.111	2009.3	720.7	0.1467	0.0146	0.0997	-4789.988924	2.47917	False	ok
23853at33090	3	a_halleri	5..1	0.047	2009.3	720.7	0.1467	0.0062	0.0424	-4789.988924	2.47917	True	ok
23853at33090	3	a_thaliana	5..2	0.078	2009.3	720.7	0.1467	0.0102	0.0698	-4789.988924	2.47917	True	ok
24838at33090	4	c_grandiflora	4..3	0.117	2099.2	675.8	0.1562	0.0168	0.1074	-4913.924605	1.97931	True	ok
24838at33090	4		4..5	0.058	2099.2	675.8	0.1562	0.0083	0.0533	-4913.924605	1.97931	False	ok
24838at33090	4	a_halleri	5..1	0.051	2099.2	675.8	0.1562	0.0073	0.0468	-4913.924605	1.97931	True	ok
24838at33090	4	a_thaliana	5..2	0.069	2099.2	675.8	0.1562	0.0099	0.0632	-4913.924605	1.97931	True	ok
24at33090	5	c_grandiflora	4..3	0.115	11341.7	3868.3	0.1511	0.0158	0.1043	-25929.480253	2.15127	True	ok
24at33090	5		4..5	0.05	11341.7	3868.3	0.1511	0.0069	0.0458	-25929.480253	2.15127	False	ok
24at33090	5	a_halleri	5..1	0.032	11341.7	3868.3	0.1511	0.0044	0.029	-25929.480253	2.15127	True	ok
24at33090	5	a_thaliana	5..2	0.039	11341.7	3868.3	0.1511	0.0054	0.0356	-25929.480253	2.15127	True	ok
25435at33090	6	c_grandiflora	4..3	0.107	2172.2	656.8	0.1601	0.016	0.1002	-5053.699725	1.6301	True	ok
25435at33090	6		4..5	0.074	2172.2	656.8	0.1601	0.0111	0.0695	-5053.699725	1.6301	False	ok
25435at33090	6	a_halleri	5..1	0.048	2172.2	656.8	0.1601	0.0072	0.0452	-5053.699725	1.6301	True	ok
25435at33090	6	a_thaliana	5..2	0.073	2172.2	656.8	0.1601	0.011	0.0684	-5053.699725	1.6301	True	ok
255at33090	7	c_grandiflora	4..3	0.129	5732.7	1980.3	0.0982	0.0129	0.1309	-13075.347013	2.25041	True	ok
255at33090	7		4..5	0.052	5732.7	1980.3	0.0982	0.0051	0.0522	-13075.347013	2.25041	False	ok
255at33090	7	a_halleri	5..1	0.028	5732.7	1980.3	0.0982	0.0028	0.0286	-13075.347013	2.25041	True	ok
255at33090	7	a_thaliana	5..2	0.046	5732.7	1980.3	0.0982	0.0045	0.0463	-13075.347013	2.25041	True	ok
26868at33090	8	c_grandiflora	4..3	0.101	1553.8	540.2	0.224	0.0178	0.0796	-3942.673046	2.48568	True	ok
26868at33090	8		4..5	0.098	1553.8	540.2	0.224	0.0172	0.0769	-3942.673046	2.48568	False	ok
26868at33090	8	a_halleri	5..1	0.072	1553.8	540.2	0.224	0.0127	0.0567	-3942.673046	2.48568	True	ok
26868at33090	8	a_thaliana	5..2	0.098	1553.8	540.2	0.224	0.0172	0.0768	-3942.673046	2.48568	True	ok
27237at33090	9	c_grandiflora	4..3	0.053	1793.6	615.4	0.1635	0.0076	0.0466	-4201.177516	1.92778	True	ok
27237at33090	9		4..5	0.09	1793.6	615.4	0.1635	0.013	0.0795	-4201.177516	1.92778	False	ok
27237at33090	9	a_halleri	5..1	0.047	1793.6	615.4	0.1635	0.0069	0.042	-4201.177516	1.92778	True	ok
27237at33090	9	a_thaliana	5..2	0.066	1793.6	615.4	0.1635	0.0095	0.0582	-4201.177516	1.92778	True	ok
27607at33090	10	c_grandiflora	4..3	0.04	1532.4	555.6	0.0585	0.0025	0.0434	-3445.391728	2.23131	True	ok
27607at33090	10		4..5	0.088	1532.4	555.6	0.0585	0.0056	0.0952	-3445.391728	2.23131	False	ok
27607at33090	10	a_halleri	5..1	0.037	1532.4	555.6	0.0585	0.0024	0.0402	-3445.391728	2.23131	True	ok
27607at33090	10	a_thaliana	5..2	0.043	1532.4	555.6	0.0585	0.0027	0.046	-3445.391728	2.23131	True	ok
28920at33090	11	c_grandiflora	4..3	0.071	1787.7	606.3	0.1332	0.0089	0.0671	-4152.487527	2.10705	True	ok
28920at33090	11		4..5	0.086	1787.7	606.3	0.1332	0.0108	0.0808	-4152.487527	2.10705	False	ok
28920at33090	11	a_halleri	5..1	0.045	1787.7	606.3	0.1332	0.0057	0.0424	-4152.487527	2.10705	True	ok
28920at33090	11	a_thaliana	5..2	0.062	1787.7	606.3	0.1332	0.0079	0.059	-4152.487527	2.10705	True	ok
31855at33090	12	c_grandiflora	4..3	0.068	1560.1	602.9	0.1637	0.0094	0.0575	-3841.881451	1.87537	True	ok
31855at33090	12		4..5	0.06	1560.1	602.9	0.1637	0.0083	0.0507	-3841.881451	1.87537	False	ok
31855at33090	12	a_halleri	5..1	0.055	1560.1	602.9	0.1637	0.0076	0.0465	-3841.881451	1.87537	True	ok
31855at33090	12	a_thaliana	5..2	0.092	1560.1	602.9	0.1637	0.0126	0.0771	-3841.881451	1.87537	True	ok
32730at33090	13	c_grandiflora	4..3	0.096	1391.4	396.6	0.0903	0.0099	0.1099	-3089.659686	1.48079	True	ok
32730at33090	13		4..5	0.078	1391.4	396.6	0.0903	0.0081	0.0892	-3089.659686	1.48079	False	ok
32730at33090	13	a_halleri	5..1	0.067	1391.4	396.6	0.0903	0.0069	0.0762	-3089.659686	1.48079	True	ok
32730at33090	13	a_thaliana	5..2	0.042	1391.4	396.6	0.0903	0.0043	0.0477	-3089.659686	1.48079	True	ok
32923at33090	14	c_grandiflora	4..3	0.115	1564.7	505.3	0.2578	0.0226	0.0876	-3799.692706	1.95278	True	ok
32923at33090	14		4..5	0.114	1564.7	505.3	0.2578	0.0223	0.0863	-3799.692706	1.95278	False	ok
32923at33090	14	a_halleri	5..1	0.047	1564.7	505.3	0.2578	0.0092	0.0356	-3799.692706	1.95278	True	ok
32923at33090	14	a_thaliana	5..2	0.062	1564.7	505.3	0.2578	0.0121	0.0469	-3799.692706	1.95278	True	ok
33264at33090	15	c_grandiflora	4..3	0.137	1347.2	467.8	0.1717	0.0203	0.1185	-3392.487588	2.84001	True	ok
33264at33090	15		4..5	0.063	1347.2	467.8	0.1717	0.0093	0.0541	-3392.487588	2.84001	False	ok
33264at33090	15	a_halleri	5..1	0.087	1347.2	467.8	0.1717	0.013	0.0756	-3392.487588	2.84001	True	ok
33264at33090	15	a_thaliana	5..2	0.088	1347.2	467.8	0.1717	0.0131	0.0763	-3392.487588	2.84001	True	ok
34517at33090	16	c_grandiflora	4..3	0.081	1766.4	714.6	0.095	0.0072	0.0758	-4388.295308	2.4932	True	ok
34517at33090	16		4..5	0.087	1766.4	714.6	0.095	0.0078	0.082	-4388.295308	2.4932	False	ok
34517at33090	16	a_halleri	5..1	0.056	1766.4	714.6	0.095	0.005	0.0529	-4388.295308	2.4932	True	ok
34517at33090	16	a_thaliana	5..2	0.08	1766.4	714.6	0.095	0.0071	0.0746	-4388.295308	2.4932	True	ok
35499at33090	17	c_grandiflora	4..3	0.05	1560.0	561.0	0.1374	0.0063	0.0459	-3586.533044	3.69675	True	ok
35499at33090	17		4..5	0.073	1560.0	561.0	0.1374	0.0091	0.0665	-3586.533044	3.69675	False	ok
35499at33090	17	a_halleri	5..1	0.054	1560.0	561.0	0.1374	0.0068	0.0495	-3586.533044	3.69675	True	ok
35499at33090	17	a_thaliana	5..2	0.049	1560.0	561.0	0.1374	0.0061	0.0444	-3586.533044	3.69675	True	ok
35887at33090	18	c_grandiflora	4..3	0.114	1940.3	600.7	0.3444	0.0261	0.0758	-4865.699429	1.82288	True	ok
35887at33090	18		4..5	0.151	1940.3	600.7	0.3444	0.0347	0.1006	-4865.699429	1.82288	False	ok
35887at33090	18	a_halleri	5..1	0.056	1940.3	600.7	0.3444	0.0128	0.0373	-4865.699429	1.82288	True	ok
35887at33090	18	a_thaliana	5..2	0.079	1940.3	600.7	0.3444	0.0181	0.0524	-4865.699429	1.82288	True	ok
36284at33090	19	c_grandiflora	4..3	0.058	1709.2	609.8	0.0662	0.0041	0.0617	-3942.770045	2.04746	True	ok
36284at33090	19		4..5	0.067	1709.2	609.8	0.0662	0.0047	0.0714	-3942.770045	2.04746	False	ok
36284at33090	19	a_halleri	5..1	0.043	1709.2	609.8	0.0662	0.003	0.0457	-3942.770045	2.04746	True	ok
36284at33090	19	a_thaliana	5..2	0.077	1709.2	609.8	0.0662	0.0054	0.0818	-3942.770045	2.04746	True	ok
37663at33090	20	c_grandiflora	4..3	0.118	1452.7	551.3	0.1354	0.0143	0.1055	-3569.149281	2.47804	True	ok
37663at33090	20		4..5	0.081	1452.7	551.3	0.1354	0.0097	0.072	-3569.149281	2.47804	False	ok
37663at33090	20	a_halleri	5..1	0.052	1452.7	551.3	0.1354	0.0063	0.0463	-3569.149281	2.47804	True	ok
37663at33090	20	a_thaliana	5..2	0.072	1452.7	551.3	0.1354	0.0087	0.0639	-3569.149281	2.47804	True	ok
37699at33090	1	c_grandiflora	4..3	0.104	1882.7	592.3	0.3468	0.024	0.0691	-4774.611906	1.94552	True	ok
37699at33090	1		4..5	0.073	1882.7	592.3	0.3468	0.0168	0.0486	-4774.611906	1.94552	False	ok
37699at33090	1	a_halleri	5..1	0.063	1882.7	592.3	0.3468	0.0145	0.0418	-4774.611906	1.94552	True	ok
37699at33090	1	a_thaliana	5..2	0.161	1882.7	592.3	0.3468	0.037	0.1066	-4774.611906	1.94552	True	ok
39913at33090	2	c_grandiflora	4..3	0.081	1628.6	594.4	0.0646	0.0055	0.0856	-3693.1882	2.50357	True	ok
39913at33090	2		4..5	0.074	1628.6	594.4	0.0646	0.005	0.0779	-3693.1882	2.50357	False	ok
39913at33090	2	a_halleri	5..1	0.026	1628.6	594.4	0.0646	0.0018	0.0272	-3693.1882	2.50357	True	ok
39913at33090	2	a_thaliana	5..2	0.056	1628.6	594.4	0.0646	0.0038	0.0591	-3693.1882	2.50357	True	ok
4034at33090	3	c_grandiflora	4..3	0.094	3101.7	1044.3	0.1828	0.0147	0.0805	-7359.067101	2.34223	True	ok
4034at33090	3		4..5	0.095	3101.7	1044.3	0.1828	0.0149	0.0817	-7359.067101	2.34223	False	ok
4034at33090	3	a_halleri	5..1	0.044	3101.7	1044.3	0.1828	0.0069	0.038	-7359.067101	2.34223	True	ok
4034at33090	3	a_thaliana	5..2	0.061	3101.7	1044.3	0.1828	0.0095	0.0521	-7359.067101	2.34223	True	ok
40630at33090	4	c_grandiflora	4..3	0.056	1761.5	599.5	0.1508	0.0077	0.0512	-4043.885196	2.38656	True	ok
40630at33090	4		4..5	0.1	1761.5	599.5	0.1508	0.0138	0.0913	-4043.885196	2.38656	False	ok
40630at33090	4	a_halleri	5..1	0.051	1761.5	599.5	0.1508	0.007	0.0466	-4043.885196	2.38656	True	ok
40630at33090	4	a_thaliana	5..2	0.054	1761.5	599.5	0.1508	0.0075	0.0495	-4043.885196	2.38656	True	ok
41146at33090	5	c_grandiflora	4..3	0.099	1404.0	468.0	0.1278	0.0122	0.0957	-3369.922509	2.20097	True	ok
41146at33090	5		4..5	0.114	1404.0	468.0	0.1278	0.014	0.1096	-3369.922509	2.20097	False	ok
41146at33090	5	a_halleri	5..1	0.061	1404.0	468.0	0.1278	0.0075	0.059	-3369.922509	2.20097	True	ok
41146at33090	5	a_thaliana	5..2	0.054	1404.0	468.0	0.1278	0.0066	0.0518	-3369.922509	2.20097	True	ok
4115at33090	6	c_grandiflora	4..3	0.047	2478.8	839.2	0.1675	0.007	0.0418	-5621.409139	2.7289	True	ok
4115at33090	6		4..5	0.066	2478.8	839.2	0.1675	0.0098	0.0585	-5621.409139	2.7289	False	ok
4115at33090	6	a_halleri	5..1	0.048	2478.8	839.2	0.1675	0.0071	0.0426	-5621.409139	2.7289	True	ok
4115at33090	6	a_thaliana	5..2	0.058	2478.8	839.2	0.1675	0.0086	0.0516	-5621.409139	2.7289	True	ok
41244at33090	7	c_grandiflora	4..3	0.08	1295.5	462.5	0.1039	0.0082	0.0784	-3089.434221	2.26288	True	ok
41244at33090	7		4..5	0.097	1295.5	462.5	0.1039	0.0099	0.0949	-3089.434221	2.26288	False	ok
41244at33090	7	a_halleri	5..1	0.055	1295.5	462.5	0.1039	0.0056	0.0543	-3089.434221	2.26288	True	ok
41244at33090	7	a_thaliana	5..2	0.057	1295.5	462.5	0.1039	0.0058	0.0556	-3089.434221	2.26288	True	ok
42407at33090	8	c_grandiflora	4..3	0.083	1288.1	373.9	0.2184	0.0153	0.0701	-3026.121603	1.71601	True	ok
42407at33090	8		4..5	0.07	1288.1	373.9	0.2184	0.0128	0.0588	-3026.121603	1.71601	False	ok
42407at33090	8	a_halleri	5..1	0.049	1288.1	373.9	0.2184	0.009	0.041	-3026.121603	1.71601	True	ok
42407at33090	8	a_thaliana	5..2	0.121	1288.1	373.9	0.2184	0.0224	0.1025	-3026.121603	1.71601	True	ok
43683at33090	9	c_grandiflora	4..3	0.11	1472.8	495.2	0.1897	0.0177	0.0935	-3568.220388	1.9871	True	ok
43683at33090	9		4..5	0.091	1472.8	495.2	0.1897	0.0146	0.077	-3568.220388	1.9871	False	ok
43683at33090	9	a_halleri	5..1	0.049	1472.8	495.2	0.1897	0.0079	0.0418	-3568.220388	1.9871	True	ok
43683at33090	9	a_thaliana	5..2	0.07	1472.8	495.2	0.1897	0.0112	0.0593	-3568.220388	1.9871	True	ok
43957at33090	10	c_grandiflora	4..3	0.099	2026.1	670.9	0.1512	0.0137	0.0906	-5008.909553	1.77324	True	ok
43957at33090	10		4..5	0.1	2026.1	670.9	0.1512	0.0139	0.092	-5008.909553	1.77324	False	ok
43957at33090	10	a_halleri	5..1	0.058	2026.1	670.9	0.1512	0.0081	0.0537	-5008.909553	1.77324	True	ok
43957at33090	10	a_thaliana	5..2	0.102	2026.1	670.9	0.1512	0.0142	0.0938	-5008.909553	1.77324	True	ok
44063at33090	11	c_grandiflora	4..3	0.069	1304.6	411.4	0.1482	0.0096	0.065	-3110.793773	1.34957	True	ok
44063at33090	11		4..5	0.09	1304.6	411.4	0.1482	0.0126	0.085	-3110.793773	1.34957	False	ok
44063at33090	11	a_halleri	5..1	0.072	1304.6	411.4	0.1482	0.0101	0.0682	-3110.793773	1.34957	True	ok
44063at33090	11	a_thaliana	5..2	0.077	1304.6	411.4	0.1482	0.0108	0.073	-3110.793773	1.34957	True	ok
44526at33090	12	c_grandiflora	4..3	0.078	1442.8	483.2	0.1472	0.0106	0.0719	-3525.736639	1.77318	True	ok
44526at33090	12		4..5	0.125	1442.8	483.2	0.1472	0.017	0.1155	-3525.736639	1.77318	False	ok
44526at33090	12	a_halleri	5..1	0.052	1442.8	483.2	0.1472	0.0071	0.0484	-3525.736639	1.77318	True	ok
44526at33090	12	a_thaliana	5..2	0.088	1442.8	483.2	0.1472	0.012	0.0814	-3525.736639	1.77318	True	ok
46307at33090	13	c_grandiflora	4..3	0.101	1310.6	450.4	0.0687	0.0075	0.1092	-3092.066799	2.04273	True	ok
46307at33090	13		4..5	0.098	1310.6	450.4	0.0687	0.0073	0.1066	-3092.066799	2.04273	False	ok
46307at33090	13	a_halleri	5..1	0.054	1310.6	450.4	0.0687	0.004	0.0583	-3092.066799	2.04273	True	ok
46307at33090	13	a_thaliana	5..2	0.069	1310.6	450.4	0.0687	0.0052	0.0754	-3092.066799	2.04273	True	ok
48027at33090	14	c_grandiflora	4..3	0.11	1278.9	431.1	0.0698	0.0084	0.1206	-2971.211792	2.26701	True	ok
48027at33090	14		4..5	0.06	1278.9	431.1	0.0698	0.0046	0.0662	-2971.211792	2.26701	False	ok
48027at33090	14	a_halleri	5..1	0.058	1278.9	431.1	0.0698	0.0044	0.0631	-2971.211792	2.26701	True	ok
48027at33090	14	a_thaliana	5..2	0.065	1278.9	431.1	0.0698	0.0049	0.0707	-2971.211792	2.26701	True	ok
48290at33090	15	c_grandiflora	4..3	0.088	1454.7	480.3	0.1693	0.0133	0.0783	-3726.671014	2.16033	True	ok
48290at33090	15		4..5	0.044	1454.7	480.3	0.1693	0.0067	0.0395	-3726.671014	2.16033	False	ok
48290at33090	15	a_halleri	5..1	0.1	1454.7	480.3	0.1693	0.0151	0.089	-3726.671014	2.16033	True	ok
48290at33090	15	a_thaliana	5..2	0.185	1454.7	480.3	0.1693	0.0278	0.1639	-3726.671014	2.16033	True	ok
48645at33090	16	c_grandiflora	4..3	0.048	1364.1	420.9	0.0987	0.0051	0.0513	-2993.579274	2.44228	True	ok
48645at33090	16		4..5	0.08	1364.1	420.9	0.0987	0.0084	0.0852	-2993.579274	2.44228	False	ok
48645at33090	16	a_halleri	5..1	0.034	1364.1	420.9	0.0987	0.0036	0.0362	-2993.579274	2.44228	True	ok
48645at33090	16	a_thaliana	5..2	0.069	1364.1	420.9	0.0987	0.0073	0.0735	-2993.579274	2.44228	True	ok
49092at33090	17	c_grandiflora	4..3	0.045	1241.7	426.3	0.0328	0.0018	0.0541	-2756.210902	1.89242	True	ok
49092at33090	17		4..5	0.078	1241.7	426.3	0.0328	0.003	0.0927	-2756.210902	1.89242	False	ok
49092at33090	17	a_halleri	5..1	0.057	1241.7	426.3	0.0328	0.0022	0.0678	-2756.210902	1.89242	True	ok
49092at33090	17	a_thaliana	5..2	0.047	1241.7	426.3	0.0328	0.0018	0.0561	-2756.210902	1.89242	True	ok
50512at33090	18	c_grandiflora	4..3	0.153	1181.5	339.5	0.2057	0.0275	0.1336	-3036.590026	2.3004	True	ok
50512at33090	18		4..5	0.117	1181.5	339.5	0.2057	0.021	0.102	-3036.590026	2.3004	False	ok
50512at33090	18	a_halleri	5..1	0.129	1181.5	339.5	0.2057	0.0232	0.1127	-3036.590026	2.3004	True	ok
50512at33090	18	a_thaliana	5..2	0.1	1181.5	339.5	0.2057	0.018	0.0874	-3036.590026	2.3004	True	ok
50528at33090	19	c_grandiflora	4..3	0.139	1243.2	370.8	0.103	0.0155	0.1504	-2993.896292	1.66825	True	ok
50528at33090	19		4..5	0.07	1243.2	370.8	0.103	0.0078	0.0755	-2993.896292	1.66825	False	ok
50528at33090	19	a_halleri	5..1	0.082	1243.2	370.8	0.103	0.0091	0.0887	-2993.896292	1.66825	True	ok
50528at33090	19	a_thaliana	5..2	0.1	1243.2	370.8	0.103	0.0111	0.1075	-2993.896292	1.66825	True	ok
51214at33090	20	c_grandiflora	4..3	0.076	1390.4	439.6	0.1215	0.0093	0.0763	-3237.521922	1.84295	True	ok
51214at33090	20		4..5	0.08	1390.4	439.6	0.1215	0.0098	0.0807	-3237.521922	1.84295	False	ok
51214at33090	20	a_halleri	5..1	0.044	1390.4	439.6	0.1215	0.0054	0.0445	-3237.521922	1.84295	True	ok
51214at33090	20	a_thaliana	5..2	0.09	1390.4	439.6	0.1215	0.0109	0.09	-3237.521922	1.84295	True	ok
51262at33090	1	c_grandiflora	4..3	0.08	1564.0	545.0	0.2359	0.0145	0.0616	-3828.597737	2.83424	True	ok
51262at33090	1		4..5	0.151	1564.0	545.0	0.2359	0.0274	0.1162	-3828.597737	2.83424	False	ok
51262at33090	1	a_halleri	5..1	0.047	1564.0	545.0	0.2359	0.0085	0.0362	-3828.597737	2.83424	True	ok
51262at33090	1	a_thaliana	5..2	0.052	1564.0	545.0	0.2359	0.0094	0.0398	-3828.597737	2.83424	True	ok
52795at33090	2	c_grandiflora	4..3	0.104	1335.6	467.4	0.111	0.0112	0.1012	-3162.357728	2.28184	True	ok
52795at33090	2		4..5	0.044	1335.6	467.4	0.111	0.0048	0.0433	-3162.357728	2.28184	False	ok
52795at33090	2	a_halleri	5..1	0.058	1335.6	467.4	0.111	0.0063	0.0566	-3162.357728	2.28184	True	ok
52795at33090	2	a_thaliana	5..2	0.075	1335.6	467.4	0.111	0.0081	0.073	-3162.357728	2.28184	True	ok
5305at33090	3	c_grandiflora	4..3	0.147	2396.8	693.2	0.2	0.0258	0.1289	-9124.258607	1.54816	True	ok
5305at33090	3		4..5	0.009	2396.8	693.2	0.2	0.0016	0.0079	-9124.258607	1.54816	False	ok
5305at33090	3	a_halleri	5..1	6.04	2396.8	693.2	0.2	1.061	5.3064	-9124.258607	1.54816	True	ok
5305at33090	3	a_thaliana	5..2	0.103	2396.8	693.2	0.2	0.0182	0.0908	-9124.258607	1.54816	True	ok
53416at33090	4	c_grandiflora	4..3	0.077	1075.9	439.1	0.2078	0.0121	0.0583	-2955.162651	2.28292	True	ok
53416at33090	4		4..5	0.156	1075.9	439.1	0.2078	0.0247	0.1187	-2955.162651	2.28292	False	ok
53416at33090	4	a_halleri	5..1	0.095	1075.9	439.1	0.2078	0.0151	0.0727	-2955.162651	2.28292	True	ok
53416at33090	4	a_thaliana	5..2	0.118	1075.9	439.1	0.2078	0.0187	0.0899	-2955.162651	2.28292	True	ok
53527at33090	5	c_grandiflora	4..3	0.086	2158.8	697.2	0.1035	0.0091	0.0884	-4946.038692	1.86414	True	ok
53527at33090	5		4..5	0.075	2158.8	697.2	0.1035	0.008	0.0777	-4946.038692	1.86414	False	ok
53527at33090	5	a_halleri	5..1	0.044	2158.8	697.2	0.1035	0.0047	0.0456	-4946.038692	1.86414	True	ok
53527at33090	5	a_thaliana	5..2	0.064	2158.8	697.2	0.1035	0.0068	0.0662	-4946.038692	1.86414	True	ok
58672at33090	6	c_grandiflora	4..3	0.083	1018.8	349.2	0.0855	0.0075	0.0871	-2444.044701	1.93493	True	ok
58672at33090	6		4..5	0.12	1018.8	349.2	0.0855	0.0108	0.1258	-2444.044701	1.93493	False	ok
58672at33090	6	a_halleri	5..1	0.089	1018.8	349.2	0.0855	0.008	0.0931	-2444.044701	1.93493	True	ok
58672at33090	6	a_thaliana	5..2	0.051	1018.8	349.2	0.0855	0.0046	0.0536	-2444.044701	1.93493	True	ok
5927at33090	7	c_grandiflora	4..3	0.093	2922.3	1052.7	0.2274	0.0163	0.0717	-7487.368465	2.20771	True	ok
5927at33090	7		4..5	0.134	2922.3	1052.7	0.2274	0.0235	0.1032	-7487.368465	2.20771	False	ok
5927at33090	7	a_halleri	5..1	0.058	2922.3	1052.7	0.2274	0.0102	0.0447	-7487.368465	2.20771	True	ok
5927at33090	7	a_thaliana	5..2	0.088	2922.3	1052.7	0.2274	0.0154	0.0677	-7487.368465	2.20771	True	ok
60262at33090	8	c_grandiflora	4..3	0.011	1033.8	340.2	0.0122	0.0002	0.014	-2271.725111	1.72354	True	ok
60262at33090	8		4..5	0.114	1033.8	340.2	0.0122	0.0018	0.1482	-2271.725111	1.72354	False	ok
60262at33090	8	a_halleri	5..1	0.056	1033.8	340.2	0.0122	0.0009	0.0731	-2271.725111	1.72354	True	ok
60262at33090	8	a_thaliana	5..2	0.063	1033.8	340.2	0.0122	0.001	0.0815	-2271.725111	1.72354	True	ok
62262at33090	9	c_grandiflora	4..3	0.107	1035.0	360.0	0.266	0.0207	0.078	-2544.266845	1.9589	True	ok
62262at33090	9		4..5	0.07	1035.0	360.0	0.266	0.0135	0.0509	-2544.266845	1.9589	False	ok
62262at33090	9	a_halleri	5..1	0.043	1035.0	360.0	0.266	0.0084	0.0314	-2544.266845	1.9589	True	ok
62262at33090	9	a_thaliana	5..2	0.087	1035.0	360.0	0.266	0.0169	0.0634	-2544.266845	1.9589	True	ok
63411at33090	10	c_grandiflora	4..3	0.113	1159.6	421.4	0.1064	0.0116	0.1095	-2848.90231	1.5589	True	ok
63411at33090	10		4..5	0.065	1159.6	421.4	0.1064	0.0067	0.0631	-2848.90231	1.5589	False	ok
63411at33090	10	a_halleri	5..1	0.082	1159.6	421.4	0.1064	0.0085	0.0797	-2848.90231	1.5589	True	ok
63411at33090	10	a_thaliana	5..2	0.067	1159.6	421.4	0.1064	0.0069	0.0647	-2848.90231	1.5589	True	ok
63853at33090	11	c_grandiflora	4..3	0.109	1067.5	348.5	0.0835	0.0098	0.1178	-2562.770534	1.43413	True	ok
63853at33090	11		4..5	0.108	1067.5	348.5	0.0835	0.0097	0.1165	-2562.770534	1.43413	False	ok
63853at33090	11	a_halleri	5..1	0.061	1067.5	348.5	0.0835	0.0055	0.0655	-2562.770534	1.43413	True	ok
63853at33090	11	a_thaliana	5..2	0.071	1067.5	348.5	0.0835	0.0064	0.0768	-2562.770534	1.43413	True	ok
64272at33090	12	c_grandiflora	4..3	0.123	2067.2	611.8	0.2116	0.0221	0.1046	-4939.208977	1.70544	True	ok
64272at33090	12		4..5	0.098	2067.2	611.8	0.2116	0.0176	0.0832	-4939.208977	1.70544	False	ok
64272at33090	12	a_halleri	5..1	0.06	2067.2	611.8	0.2116	0.0108	0.0511	-4939.208977	1.70544	True	ok
64272at33090	12	a_thaliana	5..2	0.085	2067.2	611.8	0.2116	0.0153	0.0724	-4939.208977	1.70544	True	ok
6512at33090	13	c_grandiflora	4..3	0.093	2628.8	839.2	0.2164	0.0164	0.076	-6337.032315	2.47377	True	ok
6512at33090	13		4..5	0.106	2628.8	839.2	0.2164	0.0188	0.0871	-6337.032315	2.47377	False	ok
6512at33090	13	a_halleri	5..1	0.062	2628.8	839.2	0.2164	0.011	0.051	-6337.032315	2.47377	True	ok
6512at33090	13	a_thaliana	5..2	0.081	2628.8	839.2	0.2164	0.0144	0.0666	-6337.032315	2.47377	True	ok
65263at33090	14	c_grandiflora	4..3	0.126	1355.3	411.7	0.1838	0.0206	0.1123	-3337.606401	1.37149	True	ok
65263at33090	14		4..5	0.105	1355.3	411.7	0.1838	0.0173	0.0939	-3337.606401	1.37149	False	ok
65263at33090	14	a_halleri	5..1	0.055	1355.3	411.7	0.1838	0.009	0.0488	-3337.606401	1.37149	True	ok
65263at33090	14	a_thaliana	5..2	0.1	1355.3	411.7	0.1838	0.0164	0.0895	-3337.606401	1.37149	True	ok
67132at33090	15	c_grandiflora	4..3	0.106	1513.7	496.3	0.068	0.008	0.1181	-3309.624043	2.09139	True	ok
67132at33090	15		4..5	0.046	1513.7	496.3	0.068	0.0035	0.0516	-3309.624043	2.09139	False	ok
67132at33090	15	a_halleri	5..1	0.029	1513.7	496.3	0.068	0.0022	0.0326	-3309.624043	2.09139	True	ok
67132at33090	15	a_thaliana	5..2	0.039	1513.7	496.3	0.068	0.003	0.0442	-3309.624043	2.09139	True	ok
67389at33090	16	c_grandiflora	4..3	0.063	1223.4	381.6	0.0864	0.006	0.0693	-2861.112929	1.44263	True	ok
67389at33090	16		4..5	0.142	1223.4	381.6	0.0864	0.0135	0.1562	-2861.112929	1.44263	False	ok
67389at33090	16	a_halleri	5..1	0.04	1223.4	381.6	0.0864	0.0037	0.0434	-2861.112929	1.44263	True	ok
67389at33090	16	a_thaliana	5..2	0.079	1223.4	381.6	0.0864	0.0075	0.0867	-2861.112929	1.44263	True	ok
68169at33090	17	c_grandiflora	4..3	0.045	1774.1	655.9	0.226	0.0077	0.0342	-4306.054355	2.1784	True	ok
68169at33090	17		4..5	0.078	1774.1	655.9	0.226	0.0134	0.0594	-4306.054355	2.1784	False	ok
68169at33090	17	a_halleri	5..1	0.056	1774.1	655.9	0.226	0.0098	0.0432	-4306.054355	2.1784	True	ok
68169at33090	17	a_thaliana	5..2	0.083	1774.1	655.9	0.226	0.0144	0.0636	-4306.054355	2.1784	True	ok
6843at33090	18	c_grandiflora	4..3	0.111	1803.1	608.9	0.122	0.0131	0.1075	-4138.739901	2.26815	True	ok
6843at33090	18		4..5	0.02	1803.1	608.9	0.122	0.0024	0.0197	-4138.739901	2.26815	False	ok
6843at33090	18	a_halleri	5..1	0.049	1803.1	608.9	0.122	0.0058	0.0471	-4138.739901	2.26815	True	ok
6843at33090	18	a_thaliana	5..2	0.071	1803.1	608.9	0.122	0.0084	0.0692	-4138.739901	2.26815	True	ok
68537at33090	19	c_grandiflora	4..3	0.028	1018.2	373.8	0.1503	0.0037	0.0248	-2403.69749	2.90384	True	ok
68537at33090	19		4..5	0.118	1018.2	373.8	0.1503	0.0156	0.1038	-2403.69749	2.90384	False	ok
68537at33090	19	a_halleri	5..1	0.064	1018.2	373.8	0.1503	0.0084	0.0561	-2403.69749	2.90384	True	ok
68537at33090	19	a_thaliana	5..2	0.047	1018.2	373.8	0.1503	0.0063	0.0417	-2403.69749	2.90384	True	ok
68957at33090	20	c_grandiflora	4..3	0.096	1266.9	443.1	0.1341	0.012	0.0897	-2975.176638	1.72752	True	ok
68957at33090	20		4..5	0.045	1266.9	443.1	0.1341	0.0057	0.0423	-2975.176638	1.72752	False	ok
68957at33090	20	a_halleri	5..1	0.042	1266.9	443.1	0.1341	0.0053	0.0394	-2975.176638	1.72752	True	ok
68957at33090	20	a_thaliana	5..2	0.07	1266.9	443.1	0.1341	0.0087	0.0651	-2975.176638	1.72752	True	ok
69073at33090	1	c_grandiflora	4..3	0.027	1041.5	371.5	0.1314	0.0033	0.0252	-2502.230437	2.57519	True	ok
69073at33090	1		4..5	0.113	1041.5	371.5	0.1314	0.0138	0.105	-2502.230437	2.57519	False	ok
69073at33090	1	a_halleri	5..1	0.073	1041.5	371.5	0.1314	0.0089	0.068	-2502.230437	2.57519	True	ok
69073at33090	1	a_thaliana	5..2	0.08	1041.5	371.5	0.1314	0.0098	0.0743	-2502.230437	2.57519	True	ok
69137at33090	2	c_grandiflora	4..3	0.041	1263.7	383.3	0.1279	0.0053	0.0412	-2832.157668	1.58484	True	ok
69137at33090	2		4..5	0.093	1263.7	383.3	0.1279	0.0119	0.0933	-2832.157668	1.58484	False	ok
69137at33090	2	a_halleri	5..1	0.058	1263.7	383.3	0.1279	0.0075	0.0584	-2832.157668	1.58484	True	ok
69137at33090	2	a_thaliana	5..2	0.061	1263.7	383.3	0.1279	0.0078	0.061	-2832.157668	1.58484	True	ok
69505at33090	3	c_grandiflora	4..3	0.097	1094.6	288.4	0.2048	0.0178	0.0871	-2758.144163	1.38433	True	ok
69505at33090	3		4..5	0.144	1094.6	288.4	0.2048	0.0265	0.1296	-2758.144163	1.38433	False	ok
69505at33090	3	a_halleri	5..1	0.118	1094.6	288.4	0.2048	0.0217	0.1058	-2758.144163	1.38433	True	ok
69505at33090	3	a_thaliana	5..2	0.112	1094.6	288.4	0.2048	0.0207	0.1008	-2758.144163	1.38433	True	ok
70613at33090	4	c_grandiflora	4..3	0.09	1026.9	353.1	0.1092	0.0098	0.0894	-2406.624356	3.09154	True	ok
70613at33090	4		4..5	0.054	1026.9	353.1	0.1092	0.0059	0.0537	-2406.624356	3.09154	False	ok
70613at33090	4	a_halleri	5..1	0.04	1026.9	353.1	0.1092	0.0043	0.0398	-2406.624356	3.09154	True	ok
70613at33090	4	a_thaliana	5..2	0.101	1026.9	353.1	0.1092	0.0109	0.0995	-2406.624356	3.09154	True	ok
71620at33090	5	c_grandiflora	4..3	0.078	1035.0	327.0	0.0685	0.0061	0.0887	-2337.285587	1.90243	True	ok
71620at33090	5		4..5	0.053	1035.0	327.0	0.0685	0.0041	0.0603	-2337.285587	1.90243	False	ok
71620at33090	5	a_halleri	5..1	0.054	1035.0	327.0	0.0685	0.0042	0.0619	-2337.285587	1.90243	True	ok
71620at33090	5	a_thaliana	5..2	0.078	1035.0	327.0	0.0685	0.0061	0.0895	-2337.285587	1.90243	True	ok
72992at33090	6	c_grandiflora	4..3	0.114	1302.2	386.8	0.0876	0.0112	0.1282	-2999.084578	2.06465	True	ok
72992at33090	6		4..5	0.049	1302.2	386.8	0.0876	0.0048	0.0547	-2999.084578	2.06465	False	ok
72992at33090	6	a_halleri	5..1	0.071	1302.2	386.8	0.0876	0.007	0.0795	-2999.084578	2.06465	True	ok
72992at33090	6	a_thaliana	5..2	0.109	1302.2	386.8	0.0876	0.0108	0.1228	-2999.084578	2.06465	True	ok
7366at33090	7	c_grandiflora	4..3	0.12	2497.1	724.9	0.0911	0.0123	0.1348	-5468.917682	1.72303	True	ok
7366at33090	7		4..5	0.061	2497.1	724.9	0.0911	0.0063	0.0693	-5468.917682	1.72303	False	ok
7366at33090	7	a_halleri	5..1	0.036	2497.1	724.9	0.0911	0.0037	0.0403	-5468.917682	1.72303	True	ok
7366at33090	7	a_thaliana	5..2	0.058	2497.1	724.9	0.0911	0.006	0.0656	-5468.917682	1.72303	True	ok
74230at33090	8	c_grandiflora	4..3	0.077	1071.4	332.6	0.1267	0.0098	0.077	-2565.004613	2.39366	True	ok
74230at33090	8		4..5	0.074	1071.4	332.6	0.1267	0.0094	0.0743	-2565.004613	2.39366	False	ok
74230at33090	8	a_halleri	5..1	0.099	1071.4	332.6	0.1267	0.0125	0.0985	-2565.004613	2.39366	True	ok
74230at33090	8	a_thaliana	5..2	0.104	1071.4	332.6	0.1267	0.0132	0.104	-2565.004613	2.39366	True	ok
74742at33090	9	c_grandiflora	4..3	0.127	1042.2	358.8	0.1951	0.0206	0.1054	-2568.27217	1.96566	True	ok
74742at33090	9		4..5	0.08	1042.2	358.8	0.1951	0.013	0.0666	-2568.27217	1.96566	False	ok
74742at33090	9	a_halleri	5..1	0.044	1042.2	358.8	0.1951	0.0072	0.0368	-2568.27217	1.96566	True	ok
74742at33090	9	a_thaliana	5..2	0.093	1042.2	358.8	0.1951	0.0151	0.0772	-2568.27217	1.96566	True	ok
76849at33090	10	c_grandiflora	4..3	0.074	1312.5	454.5	0.1314	0.0091	0.0691	-3187.61385	2.01073	True	ok
76849at33090	10		4..5	0.118	1312.5	454.5	0.1314	0.0145	0.1105	-3187.61385	2.01073	False	ok
76849at33090	10	a_halleri	5..1	0.055	1312.5	454.5	0.1314	0.0068	0.052	-3187.61385	2.01073	True	ok
76849at33090	10	a_thaliana	5..2	0.083	1312.5	454.5	0.1314	0.0102	0.0779	-3187.61385	2.01073	True	ok
79950at33090	11	c_grandiflora	4..3	0.096	976.7	337.3	0.2832	0.0195	0.0688	-2572.783456	2.8515	True	ok
79950at33090	11		4..5	0.128	976.7	337.3	0.2832	0.0258	0.091	-2572.783456	2.8515	False	ok
79950at33090	11	a_halleri	5..1	0.077	976.7	337.3	0.2832	0.0155	0.0548	-2572.783456	2.8515	True	ok
79950at33090	11	a_thaliana	5..2	0.132	976.7	337.3	0.2832	0.0266	0.0939	-2572.783456	2.8515	True	ok
8072at33090	12	c_grandiflora	4..3	0.018	2133.2	740.8	0.1388	0.0023	0.0163	-4774.968436	2.3864	True	ok
8072at33090	12		4..5	0.109	2133.2	740.8	0.1388	0.014	0.101	-4774.968436	2.3864	False	ok
8072at33090	12	a_halleri	5..1	0.023	2133.2	740.8	0.1388	0.003	0.0216	-4774.968436	2.3864	True	ok
8072at33090	12	a_thaliana	5..2	0.059	2133.2	740.8	0.1388	0.0075	0.0543	-4774.968436	2.3864	True	ok
83749at33090	13	c_grandiflora	4..3	0.068	1029.5	350.5	0.1275	0.0083	0.0648	-2373.587588	2.21844	True	ok
83749at33090	13		4..5	0.074	1029.5	350.5	0.1275	0.009	0.0705	-2373.587588	2.21844	False	ok
83749at33090	13	a_halleri	5..1	0.041	1029.5	350.5	0.1275	0.005	0.0391	-2373.587588	2.21844	True	ok
83749at33090	13	a_thaliana	5..2	0.07	1029.5	350.5	0.1275	0.0086	0.0671	-2373.587588	2.21844	True	ok
84264at33090	14	c_grandiflora	4..3	0.113	1727.6	567.4	0.3498	0.0258	0.0738	-4425.373034	2.49968	True	ok
84264at33090	14		4..5	0.119	1727.6	567.4	0.3498	0.0271	0.0774	-4425.373034	2.49968	False	ok
84264at33090	14	a_halleri	5..1	0.069	1727.6	567.4	0.3498	0.0158	0.0453	-4425.373034	2.49968	True	ok
84264at33090	14	a_thaliana	5..2	0.115	1727.6	567.4	0.3498	0.0264	0.0753	-4425.373034	2.49968	True	ok
87347at33090	15	c_grandiflora	4..3	0.114	2141.9	714.1	0.1962	0.0188	0.0957	-5157.68196	2.12403	True	ok
87347at33090	15		4..5	0.054	2141.9	714.1	0.1962	0.0088	0.045	-5157.68196	2.12403	False	ok
87347at33090	15	a_halleri	5..1	0.061	2141.9	714.1	0.1962	0.01	0.051	-5157.68196	2.12403	True	ok
87347at33090	15	a_thaliana	5..2	0.083	2141.9	714.1	0.1962	0.0137	0.0696	-5157.68196	2.12403	True	ok
87734at33090	16	c_grandiflora	4..3	0.125	1035.4	362.6	0.1891	0.0197	0.1041	-2559.330038	1.59637	True	ok
87734at33090	16		4..5	0.074	1035.4	362.6	0.1891	0.0116	0.0613	-2559.330038	1.59637	False	ok
87734at33090	16	a_halleri	5..1	0.057	1035.4	362.6	0.1891	0.0089	0.0473	-2559.330038	1.59637	True	ok
87734at33090	16	a_thaliana	5..2	0.076	1035.4	362.6	0.1891	0.012	0.0636	-2559.330038	1.59637	True	ok
88295at33090	17	c_grandiflora	4..3	0.026	1008.8	356.2	0.0556	0.0016	0.0285	-2397.429548	2.13032	True	ok
88295at33090	17		4..5	0.118	1008.8	356.2	0.0556	0.0072	0.1302	-2397.429548	2.13032	False	ok
88295at33090	17	a_halleri	5..1	0.058	1008.8	356.2	0.0556	0.0036	0.0643	-2397.429548	2.13032	True	ok
88295at33090	17	a_thaliana	5..2	0.096	1008.8	356.2	0.0556	0.0059	0.106	-2397.429548	2.13032	True	ok
88687at33090	18	c_grandiflora	4..3	0.123	988.3	322.7	0.1854	0.0198	0.1066	-2277.215005	1.88806	True	ok
88687at33090	18		4..5	0.048	988.3	322.7	0.1854	0.0078	0.0418	-2277.215005	1.88806	False	ok
88687at33090	18	a_halleri	5..1	0.032	988.3	322.7	0.1854	0.0051	0.0277	-2277.215005	1.88806	True	ok
88687at33090	18	a_thaliana	5..2	0.059	988.3	322.7	0.1854	0.0094	0.0508	-2277.215005	1.88806	True	ok
88771at33090	19	c_grandiflora	4..3	0.048	1233.0	432.0	0.1477	0.0064	0.0431	-2995.429246	1.46828	True	ok
88771at33090	19		4..5	0.105	1233.0	432.0	0.1477	0.0141	0.0953	-2995.429246	1.46828	False	ok
88771at33090	19	a_halleri	5..1	0.052	1233.0	432.0	0.1477	0.007	0.0473	-2995.429246	1.46828	True	ok
88771at33090	19	a_thaliana	5..2	0.09	1233.0	432.0	0.1477	0.0121	0.0817	-2995.429246	1.46828	True	ok
89796at33090	20	c_grandiflora	4..3	0.075	1484.1	555.9	0.0705	0.0055	0.0776	-3587.847181	2.4216	True	ok
89796at33090	20		4..5	0.06	1484.1	555.9	0.0705	0.0043	0.0617	-3587.847181	2.4216	False	ok
89796at33090	20	a_halleri	5..1	0.082	1484.1	555.9	0.0705	0.006	0.0846	-3587.847181	2.4216	True	ok
89796at33090	20	a_thaliana	5..2	0.077	1484.1	555.9	0.0705	0.0056	0.079	-3587.847181	2.4216	True	ok
90301at33090	1	c_grandiflora	4..3	0.129	1024.3	361.7	0.0887	0.0117	0.1315	-2444.390726	1.82156	True	ok
90301at33090	1		4..5	0.073	1024.3	361.7	0.0887	0.0066	0.0745	-2444.390726	1.82156	False	ok
90301at33090	1	a_halleri	5..1	0.037	1024.3	361.7	0.0887	0.0034	0.038	-2444.390726	1.82156	True	ok
90301at33090	1	a_thaliana	5..2	0.084	1024.3	361.7	0.0887	0.0076	0.0856	-2444.390726	1.82156	True	ok
9044at33090	2	c_grandiflora	4..3	0.08	2349.9	815.1	0.1128	0.0088	0.0783	-5765.119672	2.33272	True	ok
9044at33090	2		4..5	0.128	2349.9	815.1	0.1128	0.0142	0.1255	-5765.119672	2.33272	False	ok
9044at33090	2	a_halleri	5..1	0.058	2349.9	815.1	0.1128	0.0064	0.0571	-5765.119672	2.33272	True	ok
9044at33090	2	a_thaliana	5..2	0.088	2349.9	815.1	0.1128	0.0097	0.0858	-5765.119672	2.33272	True	ok
9058at33090	3	c_grandiflora	4..3	0.106	3281.2	1029.8	0.3158	0.0234	0.0741	-7782.791086	2.51945	True	ok
9058at33090	3		4..5	0.09	3281.2	1029.8	0.3158	0.0197	0.0624	-7782.791086	2.51945	False	ok
9058at33090	3	a_halleri	5..1	0.049	3281.2	1029.8	0.3158	0.0107	0.034	-7782.791086	2.51945	True	ok
9058at33090	3	a_thaliana	5..2	0.073	3281.2	1029.8	0.3158	0.0159	0.0505	-7782.791086	2.51945	True	ok
90872at33090	4	c_grandiflora	4..3	0.091	1030.9	331.1	0.1343	0.0118	0.0879	-2442.076248	1.71192	True	ok
90872at33090	4		4..5	0.097	1030.9	331.1	0.1343	0.0125	0.0933	-2442.076248	1.71192	False	ok
90872at33090	4	a_halleri	5..1	0.063	1030.9	331.1	0.1343	0.0082	0.0612	-2442.076248	1.71192	True	ok
90872at33090	4	a_thaliana	5..2	0.07	1030.9	331.1	0.1343	0.009	0.0673	-2442.076248	1.71192	True	ok
92579at33090	5	c_grandiflora	4..3	0.109	857.1	351.9	0.1887	0.0162	0.0856	-2203.563836	2.34634	True	ok
92579at33090	5		4..5	0.067	857.1	351.9	0.1887	0.01	0.0529	-2203.563836	2.34634	False	ok
92579at33090	5	a_halleri	5..1	0.056	857.1	351.9	0.1887	0.0083	0.0441	-2203.563836	2.34634	True	ok
92579at33090	5	a_thaliana	5..2	0.088	857.1	351.9	0.1887	0.013	0.0691	-2203.563836	2.34634	True	ok
95807at33090	6	c_grandiflora	4..3	0.067	955.4	340.6	0.3383	0.0146	0.0433	-2478.980952	1.92188	True	ok
95807at33090	6		4..5	0.128	955.4	340.6	0.3383	0.0281	0.0832	-2478.980952	1.92188	False	ok
95807at33090	6	a_halleri	5..1	0.075	955.4	340.6	0.3383	0.0165	0.0487	-2478.980952	1.92188	True	ok
95807at33090	6	a_thaliana	5..2	0.096	955.4	340.6	0.3383	0.0211	0.0624	-2478.980952	1.92188	True	ok
96953at33090	7	c_grandiflora	4..3	0.185	883.8	274.2	0.1791	0.0297	0.1655	-2295.081738	1.44489	True	ok
96953at33090	7		4..5	0.133	883.8	274.2	0.1791	0.0212	0.1186	-2295.081738	1.44489	False	ok
96953at33090	7	a_halleri	5..1	0.101	883.8	274.2	0.1791	0.0161	0.0898	-2295.081738	1.44489	True	ok
96953at33090	7	a_thaliana	5..2	0.07	883.8	274.2	0.1791	0.0112	0.0627	-2295.081738	1.44489	True	ok
97593at33090	8	c_grandiflora	4..3	0.086	915.8	323.2	0.2124	0.0146	0.0689	-2237.079187	1.77354	True	ok
97593at33090	8		4..5	0.061	915.8	323.2	0.2124	0.0103	0.0485	-2237.079187	1.77354	False	ok
97593at33090	8	a_halleri	5..1	0.065	915.8	323.2	0.2124	0.0109	0.0515	-2237.079187	1.77354	True	ok
97593at33090	8	a_thaliana	5..2	0.077	915.8	323.2	0.2124	0.0131	0.0618	-2237.079187	1.77354	True	ok
9849at33090	9	c_grandiflora	4..3	0.156	2398.9	823.1	0.2974	0.0323	0.1087	-6266.507225	2.4406	True	ok
9849at33090	9		4..5	0.099	2398.9	823.1	0.2974	0.0206	0.0693	-6266.507225	2.4406	False	ok
9849at33090	9	a_halleri	5..1	0.062	2398.9	823.1	0.2974	0.0128	0.043	-6266.507225	2.4406	True	ok
9849at33090	9	a_thaliana	5..2	0.115	2398.9	823.1	0.2974	0.0239	0.0803	-6266.507225	2.4406	True	ok
