gene_id	dataset_index	tip	branch	t	N	S	omega	dN	dS	lnL	kappa	is_terminal	qc_flag
101241at33090	1	c_grandiflora	4..3	0.084	937.2	322.8	0.1077	0.0089	0.083	-2175.504259	1.64054	True	ok
101241at33090	1		4..5	0.075	937.2	322.8	0.1077	0.008	0.0742	-2175.504259	1.64054	False	ok
101241at33090	1	a_halleri	5..1	0.036	937.2	322.8	0.0526	0.0021	0.0402	-2175.504259	1.64054	True	ok
101241at33090	1	a_thaliana	5..2	0.066	937.2	322.8	0.1077	0.0071	0.0655	-2175.504259	1.64054	True	ok
101701at33090	2	c_grandiflora	4..3	0.117	2012.1	621.9	0.1429	0.0162	0.1132	-4819.474764	1.64449	True	ok
101701at33090	2		4..5	0.083	2012.1	621.9	0.1429	0.0114	0.08	-4819.474764	1.64449	False	ok
101701at33090	2	a_halleri	5..1	0.061	2012.1	621.9	0.1284	0.0078	0.0608	-4819.474764	1.64449	True	ok
101701at33090	2	a_thaliana	5..2	0.077	2012.1	621.9	0.1429	0.0106	0.074	-4819.474764	1.64449	True	ok
102307at33090	3	c_grandiflora	4..3	0.082	774.4	254.6	0.0573	0.0054	0.0941	-1706.628473	1.82947	True	ok
102307at33090	3		4..5	0.103	774.4	254.6	0.0573	0.0068	0.1182	-1706.628473	1.82947	False	ok
102307at33090	3	a_halleri	5..1	0.008	774.4	254.6	0.0001	0.0	0.0105	-1706.628473	1.82947	True	omega_boundary
102307at33090	3	a_thaliana	5..2	0.051	774.4	254.6	0.0573	0.0033	0.058	-1706.628473	1.82947	True	ok
103267at33090	4	c_grandiflora	4..3	0.074	1416.5	473.5	0.3369	0.0164	0.0488	-3527.253989	2.4209	True	ok
103267at33090	4		4..5	0.114	1416.5	473.5	0.3369	0.0253	0.0752	-3527.253989	2.4209	False	ok
103267at33090	4	a_halleri	5..1	0.054	1416.5	473.5	0.4835	0.0142	0.0294	-3527.253989	2.4209	True	ok
103267at33090	4	a_thaliana	5..2	0.101	1416.5	473.5	0.3369	0.0225	0.0669	-3527.253989	2.4209	True	ok
103382at33090	5	c_grandiflora	4..3	0.156	830.6	273.4	0.2673	0.031	0.1159	-2203.052281	2.19976	True	ok
103382at33090	5		4..5	0.11	830.6	273.4	0.2673	0.0218	0.0814	-2203.052281	2.19976	False	ok
103382at33090	5	a_halleri	5..1	0.097	830.6	273.4	0.3242	0.0213	0.0656	-2203.052281	2.19976	True	ok
103382at33090	5	a_thaliana	5..2	0.109	830.6	273.4	0.2673	0.0217	0.0811	-2203.052281	2.19976	True	ok
104557at33090	6	c_grandiflora	4..3	0.06	1006.8	376.2	0.1509	0.0078	0.052	-2338.11622	2.99545	True	ok
104557at33090	6		4..5	0.054	1006.8	376.2	0.1509	0.0072	0.0475	-2338.11622	2.99545	False	ok
104557at33090	6	a_halleri	5..1	0.042	1006.8	376.2	0.1654	0.0059	0.0358	-2338.11622	2.99545	True	ok
104557at33090	6	a_thaliana	5..2	0.06	1006.8	376.2	0.1509	0.0079	0.0523	-2338.11622	2.99545	True	ok
104821at33090	7	c_grandiflora	4..3	0.083	1018.0	311.0	0.1344	0.011	0.0822	-2331.050137	1.89942	True	ok
104821at33090	7		4..5	0.069	1018.0	311.0	0.1344	0.0091	0.068	-2331.050137	1.89942	False	ok
104821at33090	7	a_halleri	5..1	0.068	1018.0	311.0	0.1597	0.0102	0.064	-2331.050137	1.89942	True	ok
104821at33090	7	a_thaliana	5..2	0.082	1018.0	311.0	0.1344	0.0109	0.0808	-2331.050137	1.89942	True	ok
104867at33090	8	c_grandiflora	4..3	0.068	2135.4	612.6	0.177	0.0111	0.0626	-5038.988941	2.23836	True	ok
104867at33090	8		4..5	0.108	2135.4	612.6	0.177	0.0176	0.0996	-5038.988941	2.23836	False	ok
104867at33090	8	a_halleri	5..1	0.073	2135.4	612.6	0.2045	0.0131	0.064	-5038.988941	2.23836	True	ok
104867at33090	8	a_thaliana	5..2	0.088	2135.4	612.6	0.177	0.0145	0.0818	-5038.988941	2.23836	True	ok
105044at33090	9	c_grandiflora	4..3	0.087	1673.8	489.2	0.0887	0.0087	0.0986	-3820.980913	1.2627	True	ok
105044at33090	9		4..5	0.086	1673.8	489.2	0.0887	0.0087	0.0977	-3820.980913	1.2627	False	ok
105044at33090	9	a_halleri	5..1	0.035	1673.8	489.2	0.0818	0.0033	0.0399	-3820.980913	1.2627	True	ok
105044at33090	9	a_thaliana	5..2	0.103	1673.8	489.2	0.0887	0.0104	0.1168	-3820.980913	1.2627	True	ok
105782at33090	10	c_grandiflora	4..3	0.086	804.8	284.2	0.1114	0.0093	0.0831	-1797.523356	2.52762	True	ok
105782at33090	10		4..5	0.071	804.8	284.2	0.1114	0.0077	0.0688	-1797.523356	2.52762	False	ok
105782at33090	10	a_halleri	5..1	0.019	804.8	284.2	0.1462	0.0025	0.017	-1797.523356	2.52762	True	ok
105782at33090	10	a_thaliana	5..2	0.043	804.8	284.2	0.1114	0.0047	0.0419	-1797.523356	2.52762	True	ok
105867at33090	11	c_grandiflora	4..3	0.097	949.3	331.7	0.0648	0.0068	0.1054	-2236.360032	2.40996	True	ok
105867at33090	11		4..5	0.083	949.3	331.7	0.0648	0.0058	0.09	-2236.360032	2.40996	False	ok
105867at33090	11	a_halleri	5..1	0.053	949.3	331.7	0.1578	0.0074	0.047	-2236.360032	2.40996	True	ok
105867at33090	11	a_thaliana	5..2	0.078	949.3	331.7	0.0648	0.0055	0.0842	-2236.360032	2.40996	True	ok
106769at33090	12	c_grandiflora	4..3	0.072	865.3	283.7	0.0772	0.006	0.0784	-1980.434256	2.11438	True	ok
106769at33090	12		4..5	0.032	865.3	283.7	0.0772	0.0027	0.0349	-1980.434256	2.11438	False	ok
106769at33090	12	a_halleri	5..1	0.083	865.3	283.7	0.0937	0.0082	0.0873	-1980.434256	2.11438	True	ok
106769at33090	12	a_thaliana	5..2	0.076	865.3	283.7	0.0772	0.0064	0.0834	-1980.434256	2.11438	True	ok
106886at33090	13	c_grandiflora	4..3	0.106	980.8	261.2	0.0475	0.0068	0.1432	-2207.669595	1.54686	True	ok
106886at33090	13		4..5	0.078	980.8	261.2	0.0475	0.005	0.1052	-2207.669595	1.54686	False	ok
106886at33090	13	a_halleri	5..1	0.043	980.8	261.2	0.0001	0.0	0.0687	-2207.669595	1.54686	True	omega_boundary
106886at33090	13	a_thaliana	5..2	0.155	980.8	261.2	0.0475	0.0099	0.2084	-2207.669595	1.54686	True	ok
107107at33090	14	c_grandiflora	4..3	0.127	1180.6	343.4	0.3632	0.0304	0.0836	-2880.679016	1.41994	True	ok
107107at33090	14		4..5	0.071	1180.6	343.4	0.3632	0.017	0.0467	-2880.679016	1.41994	False	ok
107107at33090	14	a_halleri	5..1	0.084	1180.6	343.4	0.172	0.0134	0.0779	-2880.679016	1.41994	True	ok
107107at33090	14	a_thaliana	5..2	0.083	1180.6	343.4	0.3632	0.0198	0.0546	-2880.679016	1.41994	True	ok
108705at33090	15	c_grandiflora	4..3	0.113	1017.7	377.3	0.1679	0.0161	0.096	-2600.125711	1.83843	True	ok
108705at33090	15		4..5	0.056	1017.7	377.3	0.1679	0.008	0.0479	-2600.125711	1.83843	False	ok
108705at33090	15	a_halleri	5..1	0.088	1017.7	377.3	0.1599	0.0121	0.0759	-2600.125711	1.83843	True	ok
108705at33090	15	a_thaliana	5..2	0.103	1017.7	377.3	0.1679	0.0147	0.0877	-2600.125711	1.83843	True	ok
10924at33090	16	c_grandiflora	4..3	0.091	2197.5	694.5	0.2063	0.0157	0.0763	-5047.095045	1.95732	True	ok
10924at33090	16		4..5	0.077	2197.5	694.5	0.2063	0.0133	0.0646	-5047.095045	1.95732	False	ok
10924at33090	16	a_halleri	5..1	0.045	2197.5	694.5	0.2189	0.0081	0.0368	-5047.095045	1.95732	True	ok
10924at33090	16	a_thaliana	5..2	0.042	2197.5	694.5	0.2063	0.0073	0.0355	-5047.095045	1.95732	True	ok
109586at33090	17	c_grandiflora	4..3	0.042	1150.3	391.7	0.1493	0.0057	0.0383	-2771.557133	1.67048	True	ok
109586at33090	17		4..5	0.113	1150.3	391.7	0.1493	0.0154	0.1032	-2771.557133	1.67048	False	ok
109586at33090	17	a_halleri	5..1	0.046	1150.3	391.7	0.0836	0.0041	0.0486	-2771.557133	1.67048	True	ok
109586at33090	17	a_thaliana	5..2	0.107	1150.3	391.7	0.1493	0.0145	0.0972	-2771.557133	1.67048	True	ok
109823at33090	18	c_grandiflora	4..3	0.075	771.2	296.8	0.1158	0.008	0.0687	-1825.965353	2.70889	True	ok
109823at33090	18		4..5	0.109	771.2	296.8	0.1158	0.0117	0.1008	-1825.965353	2.70889	False	ok
109823at33090	18	a_halleri	5..1	0.028	771.2	296.8	0.0974	0.0026	0.0264	-1825.965353	2.70889	True	ok
109823at33090	18	a_thaliana	5..2	0.041	771.2	296.8	0.1158	0.0044	0.0378	-1825.965353	2.70889	True	ok
110222at33090	19	c_grandiflora	4..3	0.151	1373.0	391.0	0.19	0.0259	0.1366	-3257.883819	1.42021	True	ok
110222at33090	19		4..5	0.087	1373.0	391.0	0.19	0.0149	0.0784	-3257.883819	1.42021	False	ok
110222at33090	19	a_halleri	5..1	0.059	1373.0	391.0	0.1869	0.0101	0.054	-3257.883819	1.42021	True	ok
110222at33090	19	a_thaliana	5..2	0.079	1373.0	391.0	0.19	0.0136	0.0717	-3257.883819	1.42021	True	ok
111210at33090	20	c_grandiflora	4..3	0.121	826.5	268.5	0.1355	0.0158	0.1165	-1909.917337	1.91187	True	ok
111210at33090	20		4..5	0.081	826.5	268.5	0.1355	0.0105	0.0776	-1909.917337	1.91187	False	ok
111210at33090	20	a_halleri	5..1	0.04	826.5	268.5	0.0826	0.0036	0.0434	-1909.917337	1.91187	True	ok
111210at33090	20	a_thaliana	5..2	0.044	826.5	268.5	0.1355	0.0058	0.0426	-1909.917337	1.91187	True	ok
111213at33090	1	c_grandiflora	4..3	0.084	746.6	294.4	0.1494	0.0108	0.072	-1812.982091	2.39455	True	ok
111213at33090	1		4..5	0.034	746.6	294.4	0.1494	0.0043	0.0291	-1812.982091	2.39455	False	ok
111213at33090	1	a_halleri	5..1	0.067	746.6	294.4	0.1802	0.0097	0.0541	-1812.982091	2.39455	True	ok
111213at33090	1	a_thaliana	5..2	0.063	746.6	294.4	0.1494	0.008	0.0538	-1812.982091	2.39455	True	ok
111249at33090	2	c_grandiflora	4..3	0.144	912.0	297.0	0.2712	0.0289	0.1065	-2392.51047	1.49502	True	ok
111249at33090	2		4..5	0.146	912.0	297.0	0.2712	0.0293	0.108	-2392.51047	1.49502	False	ok
111249at33090	2	a_halleri	5..1	0.066	912.0	297.0	0.293	0.0139	0.0474	-2392.51047	1.49502	True	ok
111249at33090	2	a_thaliana	5..2	0.11	912.0	297.0	0.2712	0.0221	0.0814	-2392.51047	1.49502	True	ok
111924at33090	3	c_grandiflora	4..3	0.073	742.9	232.1	0.0985	0.0077	0.0782	-1737.949436	1.98347	True	ok
111924at33090	3		4..5	0.129	742.9	232.1	0.0985	0.0136	0.1379	-1737.949436	1.98347	False	ok
111924at33090	3	a_halleri	5..1	0.06	742.9	232.1	0.0919	0.006	0.0652	-1737.949436	1.98347	True	ok
111924at33090	3	a_thaliana	5..2	0.079	742.9	232.1	0.0985	0.0083	0.0846	-1737.949436	1.98347	True	ok
112325at33090	4	c_grandiflora	4..3	0.176	860.5	255.5	0.1147	0.0212	0.1844	-2095.932919	1.97395	True	ok
112325at33090	4		4..5	0.113	860.5	255.5	0.1147	0.0137	0.1191	-2095.932919	1.97395	False	ok
112325at33090	4	a_halleri	5..1	0.078	860.5	255.5	0.1126	0.0093	0.0825	-2095.932919	1.97395	True	ok
112325at33090	4	a_thaliana	5..2	0.084	860.5	255.5	0.1147	0.0101	0.0878	-2095.932919	1.97395	True	ok
112461at33090	5	c_grandiflora	4..3	0.096	1284.7	389.3	0.1227	0.012	0.0977	-2937.29351	1.5862	True	ok
112461at33090	5		4..5	0.117	1284.7	389.3	0.1227	0.0147	0.1197	-2937.29351	1.5862	False	ok
112461at33090	5	a_halleri	5..1	0.038	1284.7	389.3	0.2634	0.0077	0.0292	-2937.29351	1.5862	True	ok
112461at33090	5	a_thaliana	5..2	0.042	1284.7	389.3	0.1227	0.0052	0.0425	-2937.29351	1.5862	True	ok
112542at33090	6	c_grandiflora	4..3	0.037	765.1	299.9	0.1771	0.0054	0.0304	-1886.017461	2.59042	True	ok
112542at33090	6		4..5	0.063	765.1	299.9	0.1771	0.0091	0.0512	-1886.017461	2.59042	False	ok
112542at33090	6	a_halleri	5..1	0.089	765.1	299.9	0.1875	0.0134	0.0714	-1886.017461	2.59042	True	ok
112542at33090	6	a_thaliana	5..2	0.087	765.1	299.9	0.1771	0.0125	0.0706	-1886.017461	2.59042	True	ok
114996at33090	7	c_grandiflora	4..3	0.052	2996.6	948.4	0.2126	0.0092	0.043	-6818.820111	1.75846	True	ok
114996at33090	7		4..5	0.082	2996.6	948.4	0.2126	0.0145	0.0684	-6818.820111	1.75846	False	ok
114996at33090	7	a_halleri	5..1	0.045	2996.6	948.4	0.1651	0.0067	0.0406	-6818.820111	1.75846	True	ok
114996at33090	7	a_thaliana	5..2	0.061	2996.6	948.4	0.2126	0.0108	0.0506	-6818.820111	1.75846	True	ok
115240at33090	8	c_grandiflora	4..3	0.143	923.0	319.0	0.0859	0.0128	0.149	-2151.563677	2.36993	True	ok
115240at33090	8		4..5	0.069	923.0	319.0	0.0859	0.0061	0.0713	-2151.563677	2.36993	False	ok
115240at33090	8	a_halleri	5..1	0.04	923.0	319.0	0.0218	0.0011	0.0486	-2151.563677	2.36993	True	ok
115240at33090	8	a_thaliana	5..2	0.06	923.0	319.0	0.0859	0.0054	0.0626	-2151.563677	2.36993	True	ok
115992at33090	9	c_grandiflora	4..3	0.04	648.8	248.2	0.0264	0.0012	0.0451	-1498.061354	3.19996	True	ok
115992at33090	9		4..5	0.112	648.8	248.2	0.0264	0.0033	0.1267	-1498.061354	3.19996	False	ok
115992at33090	9	a_halleri	5..1	0.039	648.8	248.2	0.0363	0.0016	0.0432	-1498.061354	3.19996	True	ok
115992at33090	9	a_thaliana	5..2	0.058	648.8	248.2	0.0264	0.0017	0.0652	-1498.061354	3.19996	True	ok
116411at33090	10	c_grandiflora	4..3	0.053	822.2	272.8	0.1184	0.0062	0.0521	-1864.163483	1.95045	True	ok
116411at33090	10		4..5	0.062	822.2	272.8	0.1184	0.0073	0.0615	-1864.163483	1.95045	False	ok
116411at33090	10	a_halleri	5..1	0.051	822.2	272.8	0.04	0.0024	0.0611	-1864.163483	1.95045	True	ok
116411at33090	10	a_thaliana	5..2	0.067	822.2	272.8	0.1184	0.0078	0.0663	-1864.163483	1.95045	True	ok
116516at33090	11	c_grandiflora	4..3	0.074	1216.8	427.2	0.0865	0.0066	0.076	-2833.218144	2.23686	True	ok
116516at33090	11		4..5	0.037	1216.8	427.2	0.0865	0.0033	0.0381	-2833.218144	2.23686	False	ok
116516at33090	11	a_halleri	5..1	0.058	1216.8	427.2	0.1257	0.0069	0.0545	-2833.218144	2.23686	True	ok
116516at33090	11	a_thaliana	5..2	0.083	1216.8	427.2	0.0865	0.0074	0.0854	-2833.218144	2.23686	True	ok
116585at33090	12	c_grandiflora	4..3	0.128	845.0	277.0	0.1526	0.018	0.1178	-2054.300958	1.69486	True	ok
116585at33090	12		4..5	0.123	845.0	277.0	0.1526	0.0173	0.1132	-2054.300958	1.69486	False	ok
116585at33090	12	a_halleri	5..1	0.037	845.0	277.0	0.1154	0.0043	0.0369	-2054.300958	1.69486	True	ok
116585at33090	12	a_thaliana	5..2	0.068	845.0	277.0	0.1526	0.0096	0.0628	-2054.300958	1.69486	True	ok
116623at33090	13	c_grandiflora	4..3	0.111	913.7	298.3	0.2536	0.0215	0.085	-2358.643807	1.95552	True	ok
116623at33090	13		4..5	0.084	913.7	298.3	0.2536	0.0163	0.0644	-2358.643807	1.95552	False	ok
116623at33090	13	a_halleri	5..1	0.128	913.7	298.3	0.1229	0.0154	0.1256	-2358.643807	1.95552	True	ok
116623at33090	13	a_thaliana	5..2	0.1	913.7	298.3	0.2536	0.0193	0.0762	-2358.643807	1.95552	True	ok
117191at33090	14	c_grandiflora	4..3	0.091	862.8	343.2	0.0872	0.0076	0.0876	-2060.520581	2.87553	True	ok
117191at33090	14		4..5	0.054	862.8	343.2	0.0872	0.0045	0.0522	-2060.520581	2.87553	False	ok
117191at33090	14	a_halleri	5..1	0.06	862.8	343.2	0.0566	0.0035	0.0615	-2060.520581	2.87553	True	ok
117191at33090	14	a_thaliana	5..2	0.051	862.8	343.2	0.0872	0.0043	0.0489	-2060.520581	2.87553	True	ok
117247at33090	15	c_grandiflora	4..3	0.045	776.7	264.3	0.109	0.0049	0.0452	-1850.56602	2.07428	True	ok
117247at33090	15		4..5	0.096	776.7	264.3	0.109	0.0105	0.0959	-1850.56602	2.07428	False	ok
117247at33090	15	a_halleri	5..1	0.089	776.7	264.3	0.1015	0.0091	0.0897	-1850.56602	2.07428	True	ok
117247at33090	15	a_thaliana	5..2	0.077	776.7	264.3	0.109	0.0084	0.077	-1850.56602	2.07428	True	ok
11800at33090	16	c_grandiflora	4..3	0.11	2847.9	947.1	0.0659	0.0081	0.1226	-6771.895788	2.10786	True	ok
11800at33090	16		4..5	0.096	2847.9	947.1	0.0659	0.0071	0.1071	-6771.895788	2.10786	False	ok
11800at33090	16	a_halleri	5..1	0.073	2847.9	947.1	0.1054	0.0078	0.0743	-6771.895788	2.10786	True	ok
11800at33090	16	a_thaliana	5..2	0.076	2847.9	947.1	0.0659	0.0056	0.0844	-6771.895788	2.10786	True	ok
119439at33090	17	c_grandiflora	4..3	0.099	1010.2	393.8	0.0817	0.0079	0.0971	-2509.708124	1.97173	True	ok
119439at33090	17		4..5	0.149	1010.2	393.8	0.0817	0.0119	0.1459	-2509.708124	1.97173	False	ok
119439at33090	17	a_halleri	5..1	0.047	1010.2	393.8	0.1908	0.0071	0.0373	-2509.708124	1.97173	True	ok
119439at33090	17	a_thaliana	5..2	0.07	1010.2	393.8	0.0817	0.0056	0.0683	-2509.708124	1.97173	True	ok
120031at33090	18	c_grandiflora	4..3	0.079	922.8	331.2	0.3069	0.0165	0.0537	-2360.578103	2.35832	True	ok
120031at33090	18		4..5	0.131	922.8	331.2	0.3069	0.0274	0.0892	-2360.578103	2.35832	False	ok
120031at33090	18	a_halleri	5..1	0.047	922.8	331.2	0.8083	0.0148	0.0183	-2360.578103	2.35832	True	ok
120031at33090	18	a_thaliana	5..2	0.097	922.8	331.2	0.3069	0.0202	0.0657	-2360.578103	2.35832	True	ok
120455at33090	19	c_grandiflora	4..3	0.058	706.3	280.7	0.2209	0.0096	0.0435	-1811.546058	2.80156	True	ok
120455at33090	19		4..5	0.108	706.3	280.7	0.2209	0.0179	0.0811	-1811.546058	2.80156	False	ok
120455at33090	19	a_halleri	5..1	0.079	706.3	280.7	0.1983	0.0123	0.0619	-1811.546058	2.80156	True	ok
120455at33090	19	a_thaliana	5..2	0.083	706.3	280.7	0.2209	0.0139	0.0628	-1811.546058	2.80156	True	ok
120589at33090	20	c_grandiflora	4..3	0.011	1227.4	359.6	0.0482	0.0007	0.0143	-2666.106681	1.26917	True	ok
120589at33090	20		4..5	0.102	1227.4	359.6	0.0482	0.0062	0.1294	-2666.106681	1.26917	False	ok
120589at33090	20	a_halleri	5..1	0.059	1227.4	359.6	0.0711	0.0049	0.0694	-2666.106681	1.26917	True	ok
120589at33090	20	a_thaliana	5..2	0.076	1227.4	359.6	0.0482	0.0046	0.0959	-2666.106681	1.26917	True	ok
121281at33090	1	c_grandiflora	4..3	0.098	771.5	293.5	0.1791	0.0145	0.081	-1978.927475	2.72083	True	ok
121281at33090	1		4..5	0.094	771.5	293.5	0.1791	0.0139	0.0776	-1978.927475	2.72083	False	ok
121281at33090	1	a_halleri	5..1	0.074	771.5	293.5	0.1726	0.0106	0.0612	-1978.927475	2.72083	True	ok
121281at33090	1	a_thaliana	5..2	0.1	771.5	293.5	0.1791	0.0148	0.0825	-1978.927475	2.72083	True	ok
122367at33090	2	c_grandiflora	4..3	0.094	1009.7	418.3	0.243	0.0165	0.0678	-2772.357103	2.24422	True	ok
122367at33090	2		4..5	0.113	1009.7	418.3	0.243	0.0197	0.0812	-2772.357103	2.24422	False	ok
122367at33090	2	a_halleri	5..1	0.066	1009.7	418.3	0.3137	0.0134	0.0428	-2772.357103	2.24422	True	ok
122367at33090	2	a_thaliana	5..2	0.126	1009.7	418.3	0.243	0.022	0.0905	-2772.357103	2.24422	True	ok
122422at33090	3	c_grandiflora	4..3	0.053	733.0	233.0	0.0861	0.0049	0.0571	-1686.142066	1.76482	True	ok
122422at33090	3		4..5	0.103	733.0	233.0	0.0861	0.0097	0.1125	-1686.142066	1.76482	False	ok
122422at33090	3	a_halleri	5..1	0.067	733.0	233.0	0.0515	0.0041	0.0798	-1686.142066	1.76482	True	ok
122422at33090	3	a_thaliana	5..2	0.081	733.0	233.0	0.0861	0.0076	0.0878	-1686.142066	1.76482	True	ok
122831at33090	4	c_grandiflora	4..3	0.082	1240.9	373.1	0.1502	0.0118	0.0789	-2919.959758	1.99038	True	ok
122831at33090	4		4..5	0.064	1240.9	373.1	0.1502	0.0092	0.0613	-2919.959758	1.99038	False	ok
122831at33090	4	a_halleri	5..1	0.091	1240.9	373.1	0.0848	0.0087	0.1023	-2919.959758	1.99038	True	ok
122831at33090	4	a_thaliana	5..2	0.097	1240.9	373.1	0.1502	0.0141	0.0936	-2919.959758	1.99038	True	ok
122958at33090	5	c_grandiflora	4..3	0.093	766.4	229.6	0.1223	0.0116	0.0951	-1775.950964	1.14771	True	ok
122958at33090	5		4..5	0.077	766.4	229.6	0.1223	0.0097	0.0794	-1775.950964	1.14771	False	ok
122958at33090	5	a_halleri	5..1	0.043	766.4	229.6	0.4623	0.0113	0.0245	-1775.950964	1.14771	True	ok
122958at33090	5	a_thaliana	5..2	0.085	766.4	229.6	0.1223	0.0106	0.087	-1775.950964	1.14771	True	ok
123838at33090	6	c_grandiflora	4..3	0.137	780.6	254.4	0.1736	0.0211	0.1214	-1954.096463	2.34292	True	ok
123838at33090	6		4..5	0.12	780.6	254.4	0.1736	0.0184	0.1059	-1954.096463	2.34292	False	ok
123838at33090	6	a_halleri	5..1	0.071	780.6	254.4	0.2124	0.0124	0.0585	-1954.096463	2.34292	True	ok
123838at33090	6	a_thaliana	5..2	0.094	780.6	254.4	0.1736	0.0144	0.0831	-1954.096463	2.34292	True	ok
125747at33090	7	c_grandiflora	4..3	0.054	759.1	224.9	0.131	0.0072	0.055	-1690.878002	1.39023	True	ok
125747at33090	7		4..5	0.089	759.1	224.9	0.131	0.0118	0.0897	-1690.878002	1.39023	False	ok
125747at33090	7	a_halleri	5..1	0.041	759.1	224.9	0.0878	0.0041	0.0466	-1690.878002	1.39023	True	ok
125747at33090	7	a_thaliana	5..2	0.07	759.1	224.9	0.131	0.0093	0.0709	-1690.878002	1.39023	True	ok
126138at33090	8	c_grandiflora	4..3	0.077	1209.1	404.9	0.1388	0.0101	0.0727	-2910.574954	1.84686	True	ok
126138at33090	8		4..5	0.127	1209.1	404.9	0.1388	0.0165	0.119	-2910.574954	1.84686	False	ok
126138at33090	8	a_halleri	5..1	0.042	1209.1	404.9	0.0657	0.0031	0.0469	-2910.574954	1.84686	True	ok
126138at33090	8	a_thaliana	5..2	0.085	1209.1	404.9	0.1388	0.011	0.0796	-2910.574954	1.84686	True	ok
126427at33090	9	c_grandiflora	4..3	0.12	721.4	244.6	0.2264	0.0215	0.095	-1864.16634	1.34657	True	ok
126427at33090	9		4..5	0.046	721.4	244.6	0.2264	0.0082	0.0364	-1864.16634	1.34657	False	ok
126427at33090	9	a_halleri	5..1	0.07	721.4	244.6	0.1854	0.0111	0.0598	-1864.16634	1.34657	True	ok
126427at33090	9	a_thaliana	5..2	0.157	721.4	244.6	0.2264	0.0281	0.1243	-1864.16634	1.34657	True	ok
128774at33090	10	c_grandiflora	4..3	0.093	623.0	220.0	0.1985	0.0152	0.0764	-1500.254864	4.18226	True	ok
128774at33090	10		4..5	0.105	623.0	220.0	0.1985	0.017	0.0859	-1500.254864	4.18226	False	ok
128774at33090	10	a_halleri	5..1	0.034	623.0	220.0	0.6127	0.0097	0.0158	-1500.254864	4.18226	True	ok
128774at33090	10	a_thaliana	5..2	0.079	623.0	220.0	0.1985	0.0129	0.065	-1500.254864	4.18226	True	ok
130268at33090	11	c_grandiflora	4..3	0.094	804.9	260.1	0.1181	0.0111	0.0937	-1953.048811	1.53144	True	ok
130268at33090	11		4..5	0.091	804.9	260.1	0.1181	0.0107	0.0906	-1953.048811	1.53144	False	ok
130268at33090	11	a_halleri	5..1	0.059	804.9	260.1	0.0492	0.0035	0.0704	-1953.048811	1.53144	True	ok
130268at33090	11	a_thaliana	5..2	0.109	804.9	260.1	0.1181	0.0128	0.1087	-1953.048811	1.53144	True	ok
130279at33090	12	c_grandiflora	4..3	0.059	904.1	319.9	0.1659	0.0085	0.051	-2245.993831	3.24834	True	ok
130279at33090	12		4..5	0.082	904.1	319.9	0.1659	0.0118	0.0712	-2245.993831	3.24834	False	ok
130279at33090	12	a_halleri	5..1	0.09	904.1	319.9	0.2041	0.0149	0.0728	-2245.993831	3.24834	True	ok
130279at33090	12	a_thaliana	5..2	0.113	904.1	319.9	0.1659	0.0163	0.0983	-2245.993831	3.24834	True	ok
13039at33090	13	c_grandiflora	4..3	0.109	2189.1	726.9	0.1077	0.0118	0.11	-5129.493492	2.39257	True	ok
13039at33090	13		4..5	0.034	2189.1	726.9	0.1077	0.0037	0.0345	-5129.493492	2.39257	False	ok
13039at33090	13	a_halleri	5..1	0.065	2189.1	726.9	0.1344	0.0084	0.0623	-5129.493492	2.39257	True	ok
13039at33090	13	a_thaliana	5..2	0.081	2189.1	726.9	0.1077	0.0088	0.0815	-5129.493492	2.39257	True	ok
130637at33090	14	c_grandiflora	4..3	0.078	1044.3	362.7	0.0852	0.0069	0.0808	-2474.197075	1.77537	True	ok
130637at33090	14		4..5	0.067	1044.3	362.7	0.0852	0.0059	0.0697	-2474.197075	1.77537	False	ok
130637at33090	14	a_halleri	5..1	0.081	1044.3	362.7	0.0896	0.0074	0.0828	-2474.197075	1.77537	True	ok
130637at33090	14	a_thaliana	5..2	0.065	1044.3	362.7	0.0852	0.0057	0.0672	-2474.197075	1.77537	True	ok
131556at33090	15	c_grandiflora	4..3	0.139	1068.5	350.5	0.1147	0.0159	0.1386	-2626.162565	1.51932	True	ok
131556at33090	15		4..5	0.087	1068.5	350.5	0.1147	0.01	0.0869	-2626.162565	1.51932	False	ok
131556at33090	15	a_halleri	5..1	0.042	1068.5	350.5	0.296	0.0088	0.0298	-2626.162565	1.51932	True	ok
131556at33090	15	a_thaliana	5..2	0.101	1068.5	350.5	0.1147	0.0116	0.1008	-2626.162565	1.51932	True	ok
131874at33090	16	c_grandiflora	4..3	0.102	1471.9	553.1	0.1295	0.0119	0.0921	-3606.974366	2.46005	True	ok
131874at33090	16		4..5	0.091	1471.9	553.1	0.1295	0.0107	0.0825	-3606.974366	2.46005	False	ok
131874at33090	16	a_halleri	5..1	0.054	1471.9	553.1	0.1445	0.0069	0.0479	-3606.974366	2.46005	True	ok
131874at33090	16	a_thaliana	5..2	0.059	1471.9	553.1	0.1295	0.0069	0.0536	-3606.974366	2.46005	True	ok
131914at33090	17	c_grandiflora	4..3	0.079	712.9	250.1	0.1073	0.0083	0.0777	-1698.364573	1.81368	True	ok
131914at33090	17		4..5	0.074	712.9	250.1	0.1073	0.0078	0.0725	-1698.364573	1.81368	False	ok
131914at33090	17	a_halleri	5..1	0.061	712.9	250.1	0.1207	0.007	0.058	-1698.364573	1.81368	True	ok
131914at33090	17	a_thaliana	5..2	0.078	712.9	250.1	0.1073	0.0083	0.0771	-1698.364573	1.81368	True	ok
133112at33090	18	c_grandiflora	4..3	0.072	917.2	324.8	0.1789	0.0109	0.061	-2171.701841	1.50238	True	ok
133112at33090	18		4..5	0.076	917.2	324.8	0.1789	0.0116	0.0646	-2171.701841	1.50238	False	ok
133112at33090	18	a_halleri	5..1	0.063	917.2	324.8	0.1283	0.0076	0.0589	-2171.701841	1.50238	True	ok
133112at33090	18	a_thaliana	5..2	0.058	917.2	324.8	0.1789	0.0088	0.0492	-2171.701841	1.50238	True	ok
133622at33090	19	c_grandiflora	4..3	0.122	861.5	254.5	0.1841	0.0203	0.1101	-2194.08791	1.69751	True	ok
133622at33090	19		4..5	0.126	861.5	254.5	0.1841	0.021	0.1138	-2194.08791	1.69751	False	ok
133622at33090	19	a_halleri	5..1	0.097	861.5	254.5	0.3756	0.0235	0.0625	-2194.08791	1.69751	True	ok
133622at33090	19	a_thaliana	5..2	0.128	861.5	254.5	0.1841	0.0212	0.1154	-2194.08791	1.69751	True	ok
134078at33090	20	c_grandiflora	4..3	0.051	729.0	261.0	0.0552	0.0031	0.0557	-1674.10706	1.89752	True	ok
134078at33090	20		4..5	0.091	729.0	261.0	0.0552	0.0055	0.0993	-1674.10706	1.89752	False	ok
134078at33090	20	a_halleri	5..1	0.04	729.0	261.0	0.0655	0.0028	0.0423	-1674.10706	1.89752	True	ok
134078at33090	20	a_thaliana	5..2	0.088	729.0	261.0	0.0552	0.0053	0.0969	-1674.10706	1.89752	True	ok
135419at33090	1	c_grandiflora	4..3	0.06	937.5	313.5	0.1504	0.0083	0.0554	-2248.545868	2.31626	True	ok
135419at33090	1		4..5	0.122	937.5	313.5	0.1504	0.0168	0.1116	-2248.545868	2.31626	False	ok
135419at33090	1	a_halleri	5..1	0.059	937.5	313.5	0.0854	0.0053	0.0625	-2248.545868	2.31626	True	ok
135419at33090	1	a_thaliana	5..2	0.09	937.5	313.5	0.1504	0.0124	0.0822	-2248.545868	2.31626	True	ok
135892at33090	2	c_grandiflora	4..3	0.099	1216.4	415.6	0.0868	0.009	0.1038	-2858.296407	1.73208	True	ok
135892at33090	2		4..5	0.029	1216.4	415.6	0.0868	0.0026	0.0301	-2858.296407	1.73208	False	ok
135892at33090	2	a_halleri	5..1	0.058	1216.4	415.6	0.1159	0.0066	0.0566	-2858.296407	1.73208	True	ok
135892at33090	2	a_thaliana	5..2	0.102	1216.4	415.6	0.0868	0.0093	0.107	-2858.296407	1.73208	True	ok
136118at33090	3	c_grandiflora	4..3	0.111	1473.0	468.0	0.1048	0.0121	0.1159	-3575.458061	1.24997	True	ok
136118at33090	3		4..5	0.1	1473.0	468.0	0.1048	0.0109	0.1037	-3575.458061	1.24997	False	ok
136118at33090	3	a_halleri	5..1	0.073	1473.0	468.0	0.1334	0.0095	0.0714	-3575.458061	1.24997	True	ok
136118at33090	3	a_thaliana	5..2	0.075	1473.0	468.0	0.1048	0.0082	0.0784	-3575.458061	1.24997	True	ok
136267at33090	4	c_grandiflora	4..3	0.064	755.8	267.2	0.3849	0.015	0.039	-1895.879613	2.15935	True	ok
136267at33090	4		4..5	0.129	755.8	267.2	0.3849	0.0302	0.0785	-1895.879613	2.15935	False	ok
136267at33090	4	a_halleri	5..1	0.053	755.8	267.2	0.3928	0.0126	0.032	-1895.879613	2.15935	True	ok
136267at33090	4	a_thaliana	5..2	0.079	755.8	267.2	0.3849	0.0187	0.0485	-1895.879613	2.15935	True	ok
1363at33090	5	c_grandiflora	4..3	0.098	3646.6	1171.4	0.1165	0.0114	0.0982	-8057.160846	2.17768	True	ok
1363at33090	5		4..5	0.038	3646.6	1171.4	0.1165	0.0045	0.0386	-8057.160846	2.17768	False	ok
1363at33090	5	a_halleri	5..1	0.028	3646.6	1171.4	0.1519	0.0039	0.0258	-8057.160846	2.17768	True	ok
1363at33090	5	a_thaliana	5..2	0.056	3646.6	1171.4	0.1165	0.0065	0.056	-8057.160846	2.17768	True	ok
13643at33090	6	c_grandiflora	4..3	0.047	1841.2	666.8	0.0595	0.003	0.0505	-4181.727122	1.7855	True	ok
13643at33090	6		4..5	0.075	1841.2	666.8	0.0595	0.0048	0.0811	-4181.727122	1.7855	False	ok
13643at33090	6	a_halleri	5..1	0.045	1841.2	666.8	0.0314	0.0016	0.0519	-4181.727122	1.7855	True	ok
13643at33090	6	a_thaliana	5..2	0.058	1841.2	666.8	0.0595	0.0037	0.0621	-4181.727122	1.7855	True	ok
136579at33090	7	c_grandiflora	4..3	0.033	1015.0	311.0	0.1574	0.0048	0.0307	-2312.105171	2.81086	True	ok
136579at33090	7		4..5	0.09	1015.0	311.0	0.1574	0.0133	0.0844	-2312.105171	2.81086	False	ok
136579at33090	7	a_halleri	5..1	0.086	1015.0	311.0	0.2147	0.0154	0.0715	-2312.105171	2.81086	True	ok
136579at33090	7	a_thaliana	5..2	0.058	1015.0	311.0	0.1574	0.0085	0.0542	-2312.105171	2.81086	True	ok
137018at33090	8	c_grandiflora	4..3	0.097	888.9	320.1	0.0685	0.007	0.1023	-2151.798118	2.40621	True	ok
137018at33090	8		4..5	0.096	888.9	320.1	0.0685	0.007	0.102	-2151.798118	2.40621	False	ok
137018at33090	8	a_halleri	5..1	0.063	888.9	320.1	0.0607	0.0041	0.0677	-2151.798118	2.40621	True	ok
137018at33090	8	a_thaliana	5..2	0.076	888.9	320.1	0.0685	0.0055	0.0806	-2151.798118	2.40621	True	ok
137771at33090	9	c_grandiflora	4..3	0.04	1559.1	438.9	0.1025	0.0045	0.0444	-3352.055839	1.47957	True	ok
137771at33090	9		4..5	0.054	1559.1	438.9	0.1025	0.0061	0.06	-3352.055839	1.47957	False	ok
137771at33090	9	a_halleri	5..1	0.061	1559.1	438.9	0.0815	0.0059	0.0719	-3352.055839	1.47957	True	ok
137771at33090	9	a_thaliana	5..2	0.078	1559.1	438.9	0.1025	0.0089	0.0872	-3352.055839	1.47957	True	ok
137787at33090	10	c_grandiflora	4..3	0.087	1490.5	447.5	0.2245	0.0162	0.0721	-3685.919965	2.00129	True	ok
137787at33090	10		4..5	0.099	1490.5	447.5	0.2245	0.0184	0.082	-3685.919965	2.00129	False	ok
137787at33090	10	a_halleri	5..1	0.073	1490.5	447.5	0.2121	0.013	0.0614	-3685.919965	2.00129	True	ok
137787at33090	10	a_thaliana	5..2	0.137	1490.5	447.5	0.2245	0.0255	0.1135	-3685.919965	2.00129	True	ok
138782at33090	11	c_grandiflora	4..3	0.096	749.2	252.8	0.1583	0.0137	0.0865	-1812.887729	1.85657	True	ok
138782at33090	11		4..5	0.052	749.2	252.8	0.1583	0.0074	0.0467	-1812.887729	1.85657	False	ok
138782at33090	11	a_halleri	5..1	0.09	749.2	252.8	0.1033	0.0094	0.0912	-1812.887729	1.85657	True	ok
138782at33090	11	a_thaliana	5..2	0.081	749.2	252.8	0.1583	0.0115	0.0727	-1812.887729	1.85657	True	ok
139062at33090	12	c_grandiflora	4..3	0.087	831.7	260.3	0.141	0.0118	0.0838	-1848.342788	2.03641	True	ok
139062at33090	12		4..5	0.063	831.7	260.3	0.141	0.0086	0.0609	-1848.342788	2.03641	False	ok
139062at33090	12	a_halleri	5..1	0.056	831.7	260.3	0.5812	0.0159	0.0274	-1848.342788	2.03641	True	ok
139062at33090	12	a_thaliana	5..2	0.05	831.7	260.3	0.141	0.0068	0.0484	-1848.342788	2.03641	True	ok
139450at33090	13	c_grandiflora	4..3	0.118	1045.1	289.9	0.1569	0.0181	0.1156	-2563.091218	1.30215	True	ok
139450at33090	13		4..5	0.136	1045.1	289.9	0.1569	0.0209	0.1329	-2563.091218	1.30215	False	ok
139450at33090	13	a_halleri	5..1	0.062	1045.1	289.9	0.5025	0.017	0.0339	-2563.091218	1.30215	True	ok
139450at33090	13	a_thaliana	5..2	0.124	1045.1	289.9	0.1569	0.019	0.1213	-2563.091218	1.30215	True	ok
139497at33090	14	c_grandiflora	4..3	0.092	2434.6	721.4	0.1788	0.015	0.0841	-5825.715973	1.70083	True	ok
139497at33090	14		4..5	0.1	2434.6	721.4	0.1788	0.0162	0.0908	-5825.715973	1.70083	False	ok
139497at33090	14	a_halleri	5..1	0.071	2434.6	721.4	0.1744	0.0114	0.0653	-5825.715973	1.70083	True	ok
139497at33090	14	a_thaliana	5..2	0.086	2434.6	721.4	0.1788	0.014	0.0785	-5825.715973	1.70083	True	ok
140683at33090	15	c_grandiflora	4..3	0.151	782.7	297.3	0.3416	0.0328	0.096	-2103.391195	1.33657	True	ok
140683at33090	15		4..5	0.101	782.7	297.3	0.3416	0.022	0.0644	-2103.391195	1.33657	False	ok
140683at33090	15	a_halleri	5..1	0.082	782.7	297.3	0.2724	0.0158	0.0579	-2103.391195	1.33657	True	ok
140683at33090	15	a_thaliana	5..2	0.066	782.7	297.3	0.3416	0.0145	0.0423	-2103.391195	1.33657	True	ok
140876at33090	16	c_grandiflora	4..3	0.131	651.6	230.4	0.1268	0.0156	0.1231	-1596.951379	2.97992	True	ok
140876at33090	16		4..5	0.08	651.6	230.4	0.1268	0.0095	0.0751	-1596.951379	2.97992	False	ok
140876at33090	16	a_halleri	5..1	0.031	651.6	230.4	0.0985	0.0031	0.031	-1596.951379	2.97992	True	ok
140876at33090	16	a_thaliana	5..2	0.108	651.6	230.4	0.1268	0.0128	0.1012	-1596.951379	2.97992	True	ok
141861at33090	17	c_grandiflora	4..3	0.097	662.9	213.1	0.2411	0.0183	0.0761	-1773.032543	2.41007	True	ok
141861at33090	17		4..5	0.144	662.9	213.1	0.2411	0.0271	0.1124	-1773.032543	2.41007	False	ok
141861at33090	17	a_halleri	5..1	0.107	662.9	213.1	0.4317	0.027	0.0625	-1773.032543	2.41007	True	ok
141861at33090	17	a_thaliana	5..2	0.139	662.9	213.1	0.2411	0.0263	0.1089	-1773.032543	2.41007	True	ok
1419at33090	18	c_grandiflora	4..3	0.101	4124.4	1443.6	0.2963	0.0209	0.0706	-10281.509292	2.73988	True	ok
1419at33090	18		4..5	0.099	4124.4	1443.6	0.2963	0.0204	0.069	-10281.509292	2.73988	False	ok
1419at33090	18	a_halleri	5..1	0.049	4124.4	1443.6	0.275	0.0097	0.0354	-10281.509292	2.73988	True	ok
1419at33090	18	a_thaliana	5..2	0.087	4124.4	1443.6	0.2963	0.018	0.0607	-10281.509292	2.73988	True	ok
142382at33090	19	c_grandiflora	4..3	0.085	758.5	246.5	0.0836	0.0077	0.0915	-1759.150571	1.98694	True	ok
142382at33090	19		4..5	0.048	758.5	246.5	0.0836	0.0043	0.0519	-1759.150571	1.98694	False	ok
142382at33090	19	a_halleri	5..1	0.067	758.5	246.5	0.1085	0.0074	0.0684	-1759.150571	1.98694	True	ok
142382at33090	19	a_thaliana	5..2	0.099	758.5	246.5	0.0836	0.0089	0.1068	-1759.150571	1.98694	True	ok
142433at33090	20	c_grandiflora	4..3	0.139	777.5	278.5	0.3505	0.0311	0.0886	-2139.74047	2.39473	True	ok
142433at33090	20		4..5	0.068	777.5	278.5	0.3505	0.0152	0.0434	-2139.74047	2.39473	False	ok
142433at33090	20	a_halleri	5..1	0.101	777.5	278.5	0.2183	0.0173	0.0793	-2139.74047	2.39473	True	ok
142433at33090	20	a_thaliana	5..2	0.167	777.5	278.5	0.3505	0.0374	0.1067	-2139.74047	2.39473	True	ok
143102at33090	1	c_grandiflora	4..3	0.092	893.6	351.4	0.156	0.0121	0.0775	-2237.345147	2.20938	True	ok
143102at33090	1		4..5	0.097	893.6	351.4	0.156	0.0128	0.082	-2237.345147	2.20938	False	ok
143102at33090	1	a_halleri	5..1	0.055	893.6	351.4	0.1395	0.0067	0.0481	-2237.345147	2.20938	True	ok
143102at33090	1	a_thaliana	5..2	0.076	893.6	351.4	0.156	0.01	0.0642	-2237.345147	2.20938	True	ok
143347at33090	2	c_grandiflora	4..3	0.08	750.5	242.5	0.089	0.0076	0.0858	-1748.005866	1.41709	True	ok
143347at33090	2		4..5	0.076	750.5	242.5	0.089	0.0073	0.0818	-1748.005866	1.41709	False	ok
143347at33090	2	a_halleri	5..1	0.056	750.5	242.5	0.127	0.0069	0.0544	-1748.005866	1.41709	True	ok
143347at33090	2	a_thaliana	5..2	0.086	750.5	242.5	0.089	0.0082	0.0925	-1748.005866	1.41709	True	ok
143963at33090	3	c_grandiflora	4..3	0.088	716.2	276.8	0.2919	0.0175	0.06	-1916.220997	2.50804	True	ok
143963at33090	3		4..5	0.091	716.2	276.8	0.2919	0.018	0.0617	-1916.220997	2.50804	False	ok
143963at33090	3	a_halleri	5..1	0.101	716.2	276.8	0.6305	0.029	0.046	-1916.220997	2.50804	True	ok
143963at33090	3	a_thaliana	5..2	0.096	716.2	276.8	0.2919	0.0191	0.0656	-1916.220997	2.50804	True	ok
144144at33090	4	c_grandiflora	4..3	0.082	469.0	146.0	0.1426	0.0113	0.0793	-1040.053946	1.91169	True	ok
144144at33090	4		4..5	0.044	469.0	146.0	0.1426	0.0061	0.0427	-1040.053946	1.91169	False	ok
144144at33090	4	a_halleri	5..1	0.059	469.0	146.0	0.1039	0.0065	0.0623	-1040.053946	1.91169	True	ok
144144at33090	4	a_thaliana	5..2	0.048	469.0	146.0	0.1426	0.0066	0.0461	-1040.053946	1.91169	True	ok
144680at33090	5	c_grandiflora	4..3	50.0	500.3	183.7	0.0072	0.437	60.8666	-1901.587814	1.39546	True	ok
144680at33090	5		4..5	50.0	500.3	183.7	0.0072	0.437	60.8666	-1901.587814	1.39546	False	ok
144680at33090	5	a_halleri	5..1	0.042	500.3	183.7	999.0	0.019	0.0	-1901.587814	1.39546	True	omega_boundary
144680at33090	5	a_thaliana	5..2	0.085	500.3	183.7	0.0072	0.0007	0.1035	-1901.587814	1.39546	True	ok
144716at33090	6	c_grandiflora	4..3	0.11	651.0	222.0	0.2028	0.0183	0.0904	-1859.221508	1.78443	True	ok
144716at33090	6		4..5	0.083	651.0	222.0	0.2028	0.0138	0.068	-1859.221508	1.78443	False	ok
144716at33090	6	a_halleri	5..1	0.238	651.0	222.0	0.5383	0.065	0.1208	-1859.221508	1.78443	True	ok
144716at33090	6	a_thaliana	5..2	0.153	651.0	222.0	0.2028	0.0255	0.1256	-1859.221508	1.78443	True	ok
144765at33090	7	c_grandiflora	4..3	0.127	743.5	294.5	0.1221	0.0139	0.1137	-1923.452218	2.57023	True	ok
144765at33090	7		4..5	0.095	743.5	294.5	0.1221	0.0104	0.0849	-1923.452218	2.57023	False	ok
144765at33090	7	a_halleri	5..1	0.063	743.5	294.5	0.0702	0.0044	0.063	-1923.452218	2.57023	True	ok
144765at33090	7	a_thaliana	5..2	0.093	743.5	294.5	0.1221	0.0102	0.0833	-1923.452218	2.57023	True	ok
144990at33090	8	c_grandiflora	4..3	0.061	672.5	236.5	0.0962	0.0059	0.0614	-1602.406991	1.92934	True	ok
144990at33090	8		4..5	0.117	672.5	236.5	0.0962	0.0114	0.1181	-1602.406991	1.92934	False	ok
144990at33090	8	a_halleri	5..1	0.06	672.5	236.5	0.0324	0.0023	0.0709	-1602.406991	1.92934	True	ok
144990at33090	8	a_thaliana	5..2	0.08	672.5	236.5	0.0962	0.0078	0.0808	-1602.406991	1.92934	True	ok
145061at33090	9	c_grandiflora	4..3	0.082	1429.3	517.7	0.1665	0.0118	0.0707	-3526.272849	2.23148	True	ok
145061at33090	9		4..5	0.081	1429.3	517.7	0.1665	0.0115	0.0693	-3526.272849	2.23148	False	ok
145061at33090	9	a_halleri	5..1	0.062	1429.3	517.7	0.2049	0.0101	0.0494	-3526.272849	2.23148	True	ok
145061at33090	9	a_thaliana	5..2	0.082	1429.3	517.7	0.1665	0.0117	0.0702	-3526.272849	2.23148	True	ok
145734at33090	10	c_grandiflora	4..3	0.08	954.6	251.4	0.1012	0.0093	0.0919	-2241.428913	1.26831	True	ok
145734at33090	10		4..5	0.083	954.6	251.4	0.1012	0.0097	0.0961	-2241.428913	1.26831	False	ok
145734at33090	10	a_halleri	5..1	0.059	954.6	251.4	0.0259	0.0022	0.0858	-2241.428913	1.26831	True	ok
145734at33090	10	a_thaliana	5..2	0.19	954.6	251.4	0.1012	0.0222	0.2192	-2241.428913	1.26831	True	ok
146354at33090	11	c_grandiflora	4..3	0.099	662.9	243.1	0.1003	0.0097	0.0968	-1685.126743	2.39164	True	ok
146354at33090	11		4..5	0.144	662.9	243.1	0.1003	0.014	0.1401	-1685.126743	2.39164	False	ok
146354at33090	11	a_halleri	5..1	0.114	662.9	243.1	0.0636	0.0077	0.1208	-1685.126743	2.39164	True	ok
146354at33090	11	a_thaliana	5..2	0.072	662.9	243.1	0.1003	0.007	0.07	-1685.126743	2.39164	True	ok
146469at33090	12	c_grandiflora	4..3	0.137	597.0	231.0	0.0973	0.0127	0.1306	-1596.052613	1.83196	True	ok
146469at33090	12		4..5	0.13	597.0	231.0	0.0973	0.0121	0.1243	-1596.052613	1.83196	False	ok
146469at33090	12	a_halleri	5..1	0.102	597.0	231.0	0.1076	0.0102	0.0952	-1596.052613	1.83196	True	ok
146469at33090	12	a_thaliana	5..2	0.11	597.0	231.0	0.0973	0.0102	0.1047	-1596.052613	1.83196	True	ok
146772at33090	13	c_grandiflora	4..3	0.108	692.9	237.1	0.3118	0.023	0.0737	-1742.886598	1.75106	True	ok
146772at33090	13		4..5	0.096	692.9	237.1	0.3118	0.0204	0.0654	-1742.886598	1.75106	False	ok
146772at33090	13	a_halleri	5..1	0.117	692.9	237.1	0.0746	0.0094	0.126	-1742.886598	1.75106	True	ok
146772at33090	13	a_thaliana	5..2	0.065	692.9	237.1	0.3118	0.0139	0.0446	-1742.886598	1.75106	True	ok
146921at33090	14	c_grandiflora	4..3	0.074	536.2	198.8	0.0513	0.0041	0.0799	-1302.356146	2.37321	True	ok
146921at33090	14		4..5	0.091	536.2	198.8	0.0513	0.0051	0.0986	-1302.356146	2.37321	False	ok
146921at33090	14	a_halleri	5..1	0.053	536.2	198.8	0.0001	0.0	0.065	-1302.356146	2.37321	True	omega_boundary
146921at33090	14	a_thaliana	5..2	0.141	536.2	198.8	0.0513	0.0078	0.1527	-1302.356146	2.37321	True	ok
147083at33090	15	c_grandiflora	4..3	0.113	769.7	265.3	0.251	0.0213	0.0848	-2029.868672	2.54731	True	ok
147083at33090	15		4..5	0.149	769.7	265.3	0.251	0.0282	0.1123	-2029.868672	2.54731	False	ok
147083at33090	15	a_halleri	5..1	0.071	769.7	265.3	0.1842	0.0112	0.0605	-2029.868672	2.54731	True	ok
147083at33090	15	a_thaliana	5..2	0.116	769.7	265.3	0.251	0.0218	0.087	-2029.868672	2.54731	True	ok
147262at33090	16	c_grandiflora	4..3	0.098	795.7	332.3	0.1059	0.0093	0.0883	-2121.601524	1.81493	True	ok
147262at33090	16		4..5	0.102	795.7	332.3	0.1059	0.0098	0.0925	-2121.601524	1.81493	False	ok
147262at33090	16	a_halleri	5..1	0.091	795.7	332.3	0.2241	0.015	0.0667	-2121.601524	1.81493	True	ok
147262at33090	16	a_thaliana	5..2	0.101	795.7	332.3	0.1059	0.0096	0.0909	-2121.601524	1.81493	True	ok
148839at33090	17	c_grandiflora	4..3	0.076	946.8	292.2	0.1152	0.009	0.0779	-2032.899035	1.34897	True	ok
148839at33090	17		4..5	0.003	946.8	292.2	0.1152	0.0003	0.0026	-2032.899035	1.34897	False	ok
148839at33090	17	a_halleri	5..1	0.029	946.8	292.2	0.0267	0.001	0.0377	-2032.899035	1.34897	True	ok
148839at33090	17	a_thaliana	5..2	0.076	946.8	292.2	0.1152	0.0091	0.0786	-2032.899035	1.34897	True	ok
149782at33090	18	c_grandiflora	4..3	0.178	572.0	196.0	0.0949	0.0173	0.182	-1414.216233	0.94859	True	ok
149782at33090	18		4..5	0.126	572.0	196.0	0.0949	0.0122	0.1288	-1414.216233	0.94859	False	ok
149782at33090	18	a_halleri	5..1	0.053	572.0	196.0	0.075	0.0042	0.0564	-1414.216233	0.94859	True	ok
149782at33090	18	a_thaliana	5..2	0.053	572.0	196.0	0.0949	0.0052	0.0543	-1414.216233	0.94859	True	ok
150559at33090	19	c_grandiflora	4..3	0.138	654.5	164.5	0.1283	0.0194	0.1515	-1601.427066	1.11725	True	ok
150559at33090	19		4..5	0.093	654.5	164.5	0.1283	0.0131	0.1025	-1601.427066	1.11725	False	ok
150559at33090	19	a_halleri	5..1	0.166	654.5	164.5	0.3561	0.0405	0.1137	-1601.427066	1.11725	True	ok
150559at33090	19	a_thaliana	5..2	0.068	654.5	164.5	0.1283	0.0096	0.0747	-1601.427066	1.11725	True	ok
152317at33090	20	c_grandiflora	4..3	0.058	675.3	263.7	0.2189	0.0097	0.0441	-1727.983233	2.55281	True	ok
152317at33090	20		4..5	0.086	675.3	263.7	0.2189	0.0143	0.0651	-1727.983233	2.55281	False	ok
152317at33090	20	a_halleri	5..1	0.072	675.3	263.7	0.1803	0.0105	0.0581	-1727.983233	2.55281	True	ok
152317at33090	20	a_thaliana	5..2	0.114	675.3	263.7	0.2189	0.0189	0.0864	-1727.983233	2.55281	True	ok
153820at33090	1	c_grandiflora	4..3	0.1	980.6	333.4	0.0999	0.0101	0.1013	-2354.407998	1.71479	True	ok
153820at33090	1		4..5	0.074	980.6	333.4	0.0999	0.0075	0.0752	-2354.407998	1.71479	False	ok
153820at33090	1	a_halleri	5..1	0.066	980.6	333.4	0.0724	0.0052	0.0713	-2354.407998	1.71479	True	ok
153820at33090	1	a_thaliana	5..2	0.073	980.6	333.4	0.0999	0.0074	0.0738	-2354.407998	1.71479	True	ok
154870at33090	2	c_grandiflora	4..3	0.071	1504.0	524.0	0.1556	0.0099	0.0636	-3566.373106	2.10839	True	ok
154870at33090	2		4..5	0.088	1504.0	524.0	0.1556	0.0123	0.0789	-3566.373106	2.10839	False	ok
154870at33090	2	a_halleri	5..1	0.054	1504.0	524.0	0.0862	0.0049	0.0563	-3566.373106	2.10839	True	ok
154870at33090	2	a_thaliana	5..2	0.071	1504.0	524.0	0.1556	0.0099	0.0635	-3566.373106	2.10839	True	ok
155102at33090	3	c_grandiflora	4..3	0.061	642.5	218.5	0.1875	0.0096	0.0513	-1493.916241	2.06572	True	ok
155102at33090	3		4..5	0.096	642.5	218.5	0.1875	0.0152	0.081	-1493.916241	2.06572	False	ok
155102at33090	3	a_halleri	5..1	0.033	642.5	218.5	0.1612	0.0047	0.0292	-1493.916241	2.06572	True	ok
155102at33090	3	a_thaliana	5..2	0.065	642.5	218.5	0.1875	0.0103	0.0548	-1493.916241	2.06572	True	ok
1557at33090	4	c_grandiflora	4..3	0.066	3871.1	1261.9	0.2367	0.0123	0.0518	-9243.233845	2.15002	True	ok
1557at33090	4		4..5	0.118	3871.1	1261.9	0.2367	0.0219	0.0926	-9243.233845	2.15002	False	ok
1557at33090	4	a_halleri	5..1	0.051	3871.1	1261.9	0.2086	0.0088	0.0423	-9243.233845	2.15002	True	ok
1557at33090	4	a_thaliana	5..2	0.069	3871.1	1261.9	0.2367	0.0129	0.0543	-9243.233845	2.15002	True	ok
15682at33090	5	c_grandiflora	4..3	0.05	1890.7	653.3	0.1135	0.0056	0.0493	-4346.505285	2.10349	True	ok
15682at33090	5		4..5	0.097	1890.7	653.3	0.1135	0.0107	0.0944	-4346.505285	2.10349	False	ok
15682at33090	5	a_halleri	5..1	0.039	1890.7	653.3	0.0762	0.0031	0.0411	-4346.505285	2.10349	True	ok
15682at33090	5	a_thaliana	5..2	0.063	1890.7	653.3	0.1135	0.007	0.0613	-4346.505285	2.10349	True	ok
156843at33090	6	c_grandiflora	4..3	0.129	596.0	217.0	0.0664	0.0091	0.1367	-1453.705714	1.46165	True	ok
156843at33090	6		4..5	0.127	596.0	217.0	0.0664	0.0089	0.1342	-1453.705714	1.46165	False	ok
156843at33090	6	a_halleri	5..1	0.049	596.0	217.0	0.0289	0.0016	0.057	-1453.705714	1.46165	True	ok
156843at33090	6	a_thaliana	5..2	0.061	596.0	217.0	0.0664	0.0043	0.0648	-1453.705714	1.46165	True	ok
156887at33090	7	c_grandiflora	4..3	0.111	611.6	201.4	0.1208	0.0132	0.1092	-1434.193047	2.70203	True	ok
156887at33090	7		4..5	0.091	611.6	201.4	0.1208	0.0108	0.0895	-1434.193047	2.70203	False	ok
156887at33090	7	a_halleri	5..1	0.068	611.6	201.4	0.1256	0.0083	0.0661	-1434.193047	2.70203	True	ok
156887at33090	7	a_thaliana	5..2	0.041	611.6	201.4	0.1208	0.0049	0.0405	-1434.193047	2.70203	True	ok
158492at33090	8	c_grandiflora	4..3	0.087	615.1	173.9	0.0894	0.009	0.1002	-1353.296951	2.4359	True	ok
158492at33090	8		4..5	0.05	615.1	173.9	0.0894	0.0051	0.0575	-1353.296951	2.4359	False	ok
158492at33090	8	a_halleri	5..1	0.053	615.1	173.9	0.0467	0.0032	0.0694	-1353.296951	2.4359	True	ok
158492at33090	8	a_thaliana	5..2	0.091	615.1	173.9	0.0894	0.0093	0.104	-1353.296951	2.4359	True	ok
158957at33090	9	c_grandiflora	4..3	0.108	549.0	168.0	0.2439	0.0209	0.0858	-1328.40232	1.25167	True	ok
158957at33090	9		4..5	0.052	549.0	168.0	0.2439	0.0101	0.0415	-1328.40232	1.25167	False	ok
158957at33090	9	a_halleri	5..1	0.074	549.0	168.0	1.2082	0.0257	0.0212	-1328.40232	1.25167	True	ok
158957at33090	9	a_thaliana	5..2	0.087	549.0	168.0	0.2439	0.0167	0.0686	-1328.40232	1.25167	True	ok
160064at33090	10	c_grandiflora	4..3	0.154	423.6	146.4	0.0451	0.008	0.1763	-979.898648	1.62895	True	ok
160064at33090	10		4..5	0.061	423.6	146.4	0.0451	0.0032	0.0704	-979.898648	1.62895	False	ok
160064at33090	10	a_halleri	5..1	0.061	423.6	146.4	0.0721	0.0047	0.0658	-979.898648	1.62895	True	ok
160064at33090	10	a_thaliana	5..2	0.062	423.6	146.4	0.0451	0.0032	0.0712	-979.898648	1.62895	True	ok
160610at33090	11	c_grandiflora	4..3	0.088	708.3	251.7	0.1887	0.0137	0.0727	-1776.775668	3.12411	True	ok
160610at33090	11		4..5	0.093	708.3	251.7	0.1887	0.0146	0.0773	-1776.775668	3.12411	False	ok
160610at33090	11	a_halleri	5..1	0.097	708.3	251.7	0.1672	0.014	0.084	-1776.775668	3.12411	True	ok
160610at33090	11	a_thaliana	5..2	0.089	708.3	251.7	0.1887	0.0139	0.0736	-1776.775668	3.12411	True	ok
160680at33090	12	c_grandiflora	4..3	0.035	1610.6	534.4	0.3007	0.0075	0.0249	-3616.266184	2.43771	True	ok
160680at33090	12		4..5	0.099	1610.6	534.4	0.3007	0.0209	0.0697	-3616.266184	2.43771	False	ok
160680at33090	12	a_halleri	5..1	0.028	1610.6	534.4	0.0625	0.002	0.0316	-3616.266184	2.43771	True	ok
160680at33090	12	a_thaliana	5..2	0.05	1610.6	534.4	0.3007	0.0106	0.0354	-3616.266184	2.43771	True	ok
161054at33090	13	c_grandiflora	4..3	0.12	825.3	305.7	0.2379	0.0214	0.0901	-2190.686238	2.2643	True	ok
161054at33090	13		4..5	0.137	825.3	305.7	0.2379	0.0245	0.1029	-2190.686238	2.2643	False	ok
161054at33090	13	a_halleri	5..1	0.072	825.3	305.7	0.224	0.0124	0.0555	-2190.686238	2.2643	True	ok
161054at33090	13	a_thaliana	5..2	0.087	825.3	305.7	0.2379	0.0155	0.0651	-2190.686238	2.2643	True	ok
161066at33090	14	c_grandiflora	4..3	0.119	856.4	349.6	0.1723	0.0166	0.0965	-2312.592416	1.77423	True	ok
161066at33090	14		4..5	0.081	856.4	349.6	0.1723	0.0112	0.0653	-2312.592416	1.77423	False	ok
161066at33090	14	a_halleri	5..1	0.082	856.4	349.6	0.2871	0.016	0.0556	-2312.592416	1.77423	True	ok
161066at33090	14	a_thaliana	5..2	0.112	856.4	349.6	0.1723	0.0156	0.0907	-2312.592416	1.77423	True	ok
161269at33090	15	c_grandiflora	4..3	0.133	510.4	179.6	0.1612	0.0189	0.117	-1313.253179	1.84122	True	ok
161269at33090	15		4..5	0.173	510.4	179.6	0.1612	0.0245	0.1522	-1313.253179	1.84122	False	ok
161269at33090	15	a_halleri	5..1	0.068	510.4	179.6	0.2273	0.012	0.0529	-1313.253179	1.84122	True	ok
161269at33090	15	a_thaliana	5..2	0.066	510.4	179.6	0.1612	0.0093	0.0579	-1313.253179	1.84122	True	ok
161309at33090	16	c_grandiflora	4..3	0.157	1131.7	350.3	0.1728	0.0246	0.1424	-2740.919237	1.77676	True	ok
161309at33090	16		4..5	0.107	1131.7	350.3	0.1728	0.0168	0.097	-2740.919237	1.77676	False	ok
161309at33090	16	a_halleri	5..1	0.034	1131.7	350.3	0.2732	0.0071	0.0258	-2740.919237	1.77676	True	ok
161309at33090	16	a_thaliana	5..2	0.077	1131.7	350.3	0.1728	0.012	0.0695	-2740.919237	1.77676	True	ok
161559at33090	17	c_grandiflora	4..3	0.102	665.9	264.1	0.1982	0.0158	0.0795	-1668.726974	2.86567	True	ok
161559at33090	17		4..5	0.073	665.9	264.1	0.1982	0.0113	0.0571	-1668.726974	2.86567	False	ok
161559at33090	17	a_halleri	5..1	0.055	665.9	264.1	0.0866	0.0046	0.053	-1668.726974	2.86567	True	ok
161559at33090	17	a_thaliana	5..2	0.067	665.9	264.1	0.1982	0.0103	0.0521	-1668.726974	2.86567	True	ok
162794at33090	18	c_grandiflora	4..3	19.152	650.0	217.0	0.0135	0.3311	24.515	-2299.794639	1.77149	True	ok
162794at33090	18		4..5	19.181	650.0	217.0	0.0135	0.3316	24.5512	-2299.794639	1.77149	False	ok
162794at33090	18	a_halleri	5..1	0.0	650.0	217.0	0.0001	0.0	0.0	-2299.794639	1.77149	True	omega_boundary
162794at33090	18	a_thaliana	5..2	0.086	650.0	217.0	0.0135	0.0015	0.1106	-2299.794639	1.77149	True	ok
163097at33090	19	c_grandiflora	4..3	0.113	964.9	346.1	0.1214	0.013	0.1069	-2378.077261	1.94856	True	ok
163097at33090	19		4..5	0.081	964.9	346.1	0.1214	0.0093	0.0762	-2378.077261	1.94856	False	ok
163097at33090	19	a_halleri	5..1	0.048	964.9	346.1	0.1994	0.0078	0.039	-2378.077261	1.94856	True	ok
163097at33090	19	a_thaliana	5..2	0.106	964.9	346.1	0.1214	0.0121	0.1	-2378.077261	1.94856	True	ok
163701at33090	20	c_grandiflora	4..3	0.158	681.8	215.2	0.18	0.0252	0.14	-1696.817803	1.85979	True	ok
163701at33090	20		4..5	0.125	681.8	215.2	0.18	0.02	0.111	-1696.817803	1.85979	False	ok
163701at33090	20	a_halleri	5..1	0.065	681.8	215.2	0.1666	0.0098	0.059	-1696.817803	1.85979	True	ok
163701at33090	20	a_thaliana	5..2	0.065	681.8	215.2	0.18	0.0103	0.0573	-1696.817803	1.85979	True	ok
163833at33090	1	c_grandiflora	4..3	0.142	952.0	341.0	0.1124	0.0153	0.1362	-2283.608408	2.45979	True	ok
163833at33090	1		4..5	0.114	952.0	341.0	0.1124	0.0124	0.1101	-2283.608408	2.45979	False	ok
163833at33090	1	a_halleri	5..1	0.03	952.0	341.0	0.1077	0.0031	0.0291	-2283.608408	2.45979	True	ok
163833at33090	1	a_thaliana	5..2	0.058	952.0	341.0	0.1124	0.0063	0.0558	-2283.608408	2.45979	True	ok
164019at33090	2	c_grandiflora	4..3	0.116	800.1	252.9	0.21	0.0202	0.0963	-1946.04364	1.66738	True	ok
164019at33090	2		4..5	0.108	800.1	252.9	0.21	0.0189	0.0901	-1946.04364	1.66738	False	ok
164019at33090	2	a_halleri	5..1	0.038	800.1	252.9	1.3765	0.0137	0.01	-1946.04364	1.66738	True	ok
164019at33090	2	a_thaliana	5..2	0.076	800.1	252.9	0.21	0.0133	0.0635	-1946.04364	1.66738	True	ok
164556at33090	3	c_grandiflora	4..3	0.153	593.6	219.4	0.1982	0.0245	0.1234	-1547.463571	2.09562	True	ok
164556at33090	3		4..5	0.083	593.6	219.4	0.1982	0.0132	0.0667	-1547.463571	2.09562	False	ok
164556at33090	3	a_halleri	5..1	0.056	593.6	219.4	0.6251	0.0161	0.0257	-1547.463571	2.09562	True	ok
164556at33090	3	a_thaliana	5..2	0.097	593.6	219.4	0.1982	0.0155	0.0782	-1547.463571	2.09562	True	ok
165103at33090	4	c_grandiflora	4..3	6.104	666.0	228.0	0.0541	0.373	6.8894	-2500.488244	1.41832	True	ok
165103at33090	4		4..5	6.052	666.0	228.0	0.0541	0.3698	6.8306	-2500.488244	1.41832	False	ok
165103at33090	4	a_halleri	5..1	0.183	666.0	228.0	0.0681	0.0136	0.1996	-2500.488244	1.41832	True	ok
165103at33090	4	a_thaliana	5..2	0.0	666.0	228.0	0.0541	0.0	0.0	-2500.488244	1.41832	True	ds_floor
166645at33090	5	c_grandiflora	4..3	0.063	4121.5	1344.5	0.2017	0.0106	0.0526	-9532.189247	2.18136	True	ok
166645at33090	5		4..5	0.109	4121.5	1344.5	0.2017	0.0184	0.0911	-9532.189247	2.18136	False	ok
166645at33090	5	a_halleri	5..1	0.032	4121.5	1344.5	0.2131	0.0057	0.0266	-9532.189247	2.18136	True	ok
166645at33090	5	a_thaliana	5..2	0.055	4121.5	1344.5	0.2017	0.0093	0.0461	-9532.189247	2.18136	True	ok
167076at33090	6	c_grandiflora	4..3	0.116	519.9	161.1	0.0495	0.007	0.141	-1219.207651	2.44095	True	ok
167076at33090	6		4..5	0.086	519.9	161.1	0.0495	0.0052	0.1045	-1219.207651	2.44095	False	ok
167076at33090	6	a_halleri	5..1	0.091	519.9	161.1	0.1674	0.014	0.0835	-1219.207651	2.44095	True	ok
167076at33090	6	a_thaliana	5..2	0.061	519.9	161.1	0.0495	0.0037	0.0738	-1219.207651	2.44095	True	ok
167217at33090	7	c_grandiflora	4..3	0.045	565.0	188.0	0.0894	0.0042	0.0469	-1354.773666	2.33452	True	ok
167217at33090	7		4..5	0.093	565.0	188.0	0.0894	0.0088	0.0984	-1354.773666	2.33452	False	ok
167217at33090	7	a_halleri	5..1	0.086	565.0	188.0	0.0157	0.0017	0.1092	-1354.773666	2.33452	True	ok
167217at33090	7	a_thaliana	5..2	0.13	565.0	188.0	0.0894	0.0123	0.1373	-1354.773666	2.33452	True	ok
16726at33090	8	c_grandiflora	4..3	0.072	2046.1	716.9	0.2165	0.0123	0.0569	-5101.005329	2.09385	True	ok
16726at33090	8		4..5	0.134	2046.1	716.9	0.2165	0.023	0.1061	-5101.005329	2.09385	False	ok
16726at33090	8	a_halleri	5..1	0.057	2046.1	716.9	0.2143	0.0098	0.0456	-5101.005329	2.09385	True	ok
16726at33090	8	a_thaliana	5..2	0.074	2046.1	716.9	0.2165	0.0127	0.0586	-5101.005329	2.09385	True	ok
167325at33090	9	c_grandiflora	4..3	0.065	572.4	216.6	0.3964	0.0154	0.0388	-1427.987103	2.65832	True	ok
167325at33090	9		4..5	0.09	572.4	216.6	0.3964	0.0211	0.0533	-1427.987103	2.65832	False	ok
167325at33090	9	a_halleri	5..1	0.034	572.4	216.6	0.4375	0.0084	0.0193	-1427.987103	2.65832	True	ok
167325at33090	9	a_thaliana	5..2	0.108	572.4	216.6	0.3964	0.0254	0.0641	-1427.987103	2.65832	True	ok
167809at33090	10	c_grandiflora	4..3	0.077	429.5	167.5	0.0449	0.0037	0.0819	-1016.169232	3.984	True	ok
167809at33090	10		4..5	0.079	429.5	167.5	0.0449	0.0038	0.0841	-1016.169232	3.984	False	ok
167809at33090	10	a_halleri	5..1	0.063	429.5	167.5	0.0001	0.0	0.0742	-1016.169232	3.984	True	omega_boundary
167809at33090	10	a_thaliana	5..2	0.09	429.5	167.5	0.0449	0.0043	0.0959	-1016.169232	3.984	True	ok
167850at33090	11	c_grandiflora	4..3	0.127	509.0	166.0	0.2946	0.0267	0.0905	-1327.120692	1.62403	True	ok
167850at33090	11		4..5	0.176	509.0	166.0	0.2946	0.0369	0.1251	-1327.120692	1.62403	False	ok
167850at33090	11	a_halleri	5..1	0.091	509.0	166.0	0.2194	0.0161	0.0734	-1327.120692	1.62403	True	ok
167850at33090	11	a_thaliana	5..2	0.058	509.0	166.0	0.2946	0.0121	0.0411	-1327.120692	1.62403	True	ok
167932at33090	12	c_grandiflora	4..3	0.018	553.6	202.4	0.2714	0.0035	0.0127	-1402.011199	2.01652	True	ok
167932at33090	12		4..5	0.087	553.6	202.4	0.2714	0.0169	0.0624	-1402.011199	2.01652	False	ok
167932at33090	12	a_halleri	5..1	0.056	553.6	202.4	0.2026	0.0091	0.0449	-1402.011199	2.01652	True	ok
167932at33090	12	a_thaliana	5..2	0.165	553.6	202.4	0.2714	0.0319	0.1175	-1402.011199	2.01652	True	ok
168269at33090	13	c_grandiflora	4..3	0.063	574.2	181.8	0.1112	0.0072	0.0646	-1285.60759	1.67056	True	ok
168269at33090	13		4..5	0.073	574.2	181.8	0.1112	0.0083	0.0747	-1285.60759	1.67056	False	ok
168269at33090	13	a_halleri	5..1	0.052	574.2	181.8	0.2648	0.0104	0.0394	-1285.60759	1.67056	True	ok
168269at33090	13	a_thaliana	5..2	0.063	574.2	181.8	0.1112	0.0071	0.0643	-1285.60759	1.67056	True	ok
168270at33090	14	c_grandiflora	4..3	0.039	855.9	266.1	0.0581	0.0027	0.0457	-1865.059162	1.07857	True	ok
168270at33090	14		4..5	0.107	855.9	266.1	0.0581	0.0074	0.1266	-1865.059162	1.07857	False	ok
168270at33090	14	a_halleri	5..1	0.015	855.9	266.1	0.1669	0.0023	0.014	-1865.059162	1.07857	True	ok
168270at33090	14	a_thaliana	5..2	0.061	855.9	266.1	0.0581	0.0042	0.0722	-1865.059162	1.07857	True	ok
168563at33090	15	c_grandiflora	4..3	0.092	511.4	190.6	0.1898	0.0141	0.0745	-1416.546322	1.25019	True	ok
168563at33090	15		4..5	0.126	511.4	190.6	0.1898	0.0195	0.1027	-1416.546322	1.25019	False	ok
168563at33090	15	a_halleri	5..1	0.07	511.4	190.6	0.1152	0.0076	0.0659	-1416.546322	1.25019	True	ok
168563at33090	15	a_thaliana	5..2	0.205	511.4	190.6	0.1898	0.0317	0.1671	-1416.546322	1.25019	True	ok
169007at33090	16	c_grandiflora	4..3	0.11	475.9	190.1	0.0755	0.0082	0.1082	-1221.463573	4.04291	True	ok
169007at33090	16		4..5	0.164	475.9	190.1	0.0755	0.0121	0.1607	-1221.463573	4.04291	False	ok
169007at33090	16	a_halleri	5..1	0.1	475.9	190.1	0.1182	0.0107	0.0903	-1221.463573	4.04291	True	ok
169007at33090	16	a_thaliana	5..2	0.078	475.9	190.1	0.0755	0.0058	0.0767	-1221.463573	4.04291	True	ok
170939at33090	17	c_grandiflora	4..3	0.076	1075.4	361.6	0.1596	0.0109	0.0683	-2527.21538	1.61017	True	ok
170939at33090	17		4..5	0.088	1075.4	361.6	0.1596	0.0127	0.0793	-2527.21538	1.61017	False	ok
170939at33090	17	a_halleri	5..1	0.046	1075.4	361.6	0.0316	0.0018	0.0559	-2527.21538	1.61017	True	ok
170939at33090	17	a_thaliana	5..2	0.073	1075.4	361.6	0.1596	0.0104	0.0654	-2527.21538	1.61017	True	ok
170945at33090	18	c_grandiflora	4..3	0.041	1202.2	435.8	0.079	0.0033	0.0419	-2866.485735	2.0051	True	ok
170945at33090	18		4..5	0.096	1202.2	435.8	0.079	0.0078	0.0985	-2866.485735	2.0051	False	ok
170945at33090	18	a_halleri	5..1	0.071	1202.2	435.8	0.1297	0.0085	0.0659	-2866.485735	2.0051	True	ok
170945at33090	18	a_thaliana	5..2	0.073	1202.2	435.8	0.079	0.0059	0.0748	-2866.485735	2.0051	True	ok
171195at33090	19	c_grandiflora	4..3	0.138	541.4	178.6	0.1325	0.0176	0.1327	-1433.488659	1.97954	True	ok
171195at33090	19		4..5	0.158	541.4	178.6	0.1325	0.0201	0.1517	-1433.488659	1.97954	False	ok
171195at33090	19	a_halleri	5..1	0.108	541.4	178.6	0.1105	0.012	0.1082	-1433.488659	1.97954	True	ok
171195at33090	19	a_thaliana	5..2	0.14	541.4	178.6	0.1325	0.0178	0.1346	-1433.488659	1.97954	True	ok
171627at33090	20	c_grandiflora	4..3	0.09	441.1	128.9	0.0438	0.005	0.1151	-995.455526	0.76726	True	ok
171627at33090	20		4..5	0.093	441.1	128.9	0.0438	0.0052	0.119	-995.455526	0.76726	False	ok
171627at33090	20	a_halleri	5..1	0.12	441.1	128.9	0.0804	0.0111	0.1387	-995.455526	0.76726	True	ok
171627at33090	20	a_thaliana	5..2	0.056	441.1	128.9	0.0438	0.0031	0.0717	-995.455526	0.76726	True	ok
171708at33090	1	c_grandiflora	4..3	0.131	711.4	254.6	0.0902	0.0119	0.132	-1695.787698	1.95279	True	ok
171708at33090	1		4..5	0.084	711.4	254.6	0.0902	0.0077	0.0852	-1695.787698	1.95279	False	ok
171708at33090	1	a_halleri	5..1	0.031	711.4	254.6	0.0903	0.0028	0.0311	-1695.787698	1.95279	True	ok
171708at33090	1	a_thaliana	5..2	0.068	711.4	254.6	0.0902	0.0062	0.0686	-1695.787698	1.95279	True	ok
171767at33090	2	c_grandiflora	4..3	0.069	558.9	221.1	0.1539	0.009	0.0583	-1416.861043	2.93193	True	ok
171767at33090	2		4..5	0.113	558.9	221.1	0.1539	0.0148	0.0959	-1416.861043	2.93193	False	ok
171767at33090	2	a_halleri	5..1	0.047	558.9	221.1	0.2323	0.0081	0.0347	-1416.861043	2.93193	True	ok
171767at33090	2	a_thaliana	5..2	0.103	558.9	221.1	0.1539	0.0135	0.0876	-1416.861043	2.93193	True	ok
172000at33090	3	c_grandiflora	4..3	0.125	980.8	321.2	0.1311	0.0158	0.1203	-2372.157051	1.80543	True	ok
172000at33090	3		4..5	0.129	980.8	321.2	0.1311	0.0163	0.124	-2372.157051	1.80543	False	ok
172000at33090	3	a_halleri	5..1	0.063	980.8	321.2	0.1004	0.0065	0.0652	-2372.157051	1.80543	True	ok
172000at33090	3	a_thaliana	5..2	0.051	980.8	321.2	0.1311	0.0065	0.0494	-2372.157051	1.80543	True	ok
172535at33090	4	c_grandiflora	4..3	0.069	1012.7	334.3	0.172	0.0105	0.0611	-2492.128502	2.12148	True	ok
172535at33090	4		4..5	0.155	1012.7	334.3	0.172	0.0235	0.1365	-2492.128502	2.12148	False	ok
172535at33090	4	a_halleri	5..1	0.062	1012.7	334.3	0.2307	0.0113	0.0491	-2492.128502	2.12148	True	ok
172535at33090	4	a_thaliana	5..2	0.074	1012.7	334.3	0.172	0.0113	0.0658	-2492.128502	2.12148	True	ok
172666at33090	5	c_grandiflora	4..3	0.156	604.5	208.5	0.2236	0.0275	0.1229	-1590.258492	1.55393	True	ok
172666at33090	5		4..5	0.076	604.5	208.5	0.2236	0.0133	0.0596	-1590.258492	1.55393	False	ok
172666at33090	5	a_halleri	5..1	0.121	604.5	208.5	0.1365	0.0154	0.1131	-1590.258492	1.55393	True	ok
172666at33090	5	a_thaliana	5..2	0.08	604.5	208.5	0.2236	0.0141	0.063	-1590.258492	1.55393	True	ok
173119at33090	6	c_grandiflora	4..3	0.156	695.1	201.9	0.1439	0.0222	0.154	-1790.081559	2.13196	True	ok
173119at33090	6		4..5	0.084	695.1	201.9	0.1439	0.012	0.0833	-1790.081559	2.13196	False	ok
173119at33090	6	a_halleri	5..1	0.103	695.1	201.9	0.2235	0.0193	0.0861	-1790.081559	2.13196	True	ok
173119at33090	6	a_thaliana	5..2	0.15	695.1	201.9	0.1439	0.0214	0.1489	-1790.081559	2.13196	True	ok
173143at33090	7	c_grandiflora	4..3	0.076	1417.2	769.8	0.3039	0.014	0.0461	-3996.294324	2.13404	True	ok
173143at33090	7		4..5	0.138	1417.2	769.8	0.3039	0.0255	0.0839	-3996.294324	2.13404	False	ok
173143at33090	7	a_halleri	5..1	0.063	1417.2	769.8	0.2202	0.0094	0.0426	-3996.294324	2.13404	True	ok
173143at33090	7	a_thaliana	5..2	0.108	1417.2	769.8	0.3039	0.0199	0.0656	-3996.294324	2.13404	True	ok
173477at33090	8	c_grandiflora	4..3	0.0	440.6	132.4	0.0274	0.0	0.0	-973.703041	1.41032	True	ds_floor
173477at33090	8		4..5	0.201	440.6	132.4	0.0274	0.0073	0.2658	-973.703041	1.41032	False	ok
173477at33090	8	a_halleri	5..1	0.049	440.6	132.4	0.0819	0.0045	0.0554	-973.703041	1.41032	True	ok
173477at33090	8	a_thaliana	5..2	0.051	440.6	132.4	0.0274	0.0018	0.0674	-973.703041	1.41032	True	ok
174213at33090	9	c_grandiflora	4..3	0.083	577.9	157.1	0.1612	0.0132	0.0817	-1339.835542	1.4597	True	ok
174213at33090	9		4..5	0.138	577.9	157.1	0.1612	0.0218	0.1355	-1339.835542	1.4597	False	ok
174213at33090	9	a_halleri	5..1	0.05	577.9	157.1	0.2556	0.0102	0.0398	-1339.835542	1.4597	True	ok
174213at33090	9	a_thaliana	5..2	0.1	577.9	157.1	0.1612	0.0157	0.0974	-1339.835542	1.4597	True	ok
174767at33090	10	c_grandiflora	4..3	0.114	508.2	178.8	0.0831	0.0098	0.1179	-1192.527534	1.72991	True	ok
174767at33090	10		4..5	0.068	508.2	178.8	0.0831	0.0058	0.0702	-1192.527534	1.72991	False	ok
174767at33090	10	a_halleri	5..1	0.054	508.2	178.8	0.0315	0.002	0.063	-1192.527534	1.72991	True	ok
174767at33090	10	a_thaliana	5..2	0.051	508.2	178.8	0.0831	0.0044	0.0533	-1192.527534	1.72991	True	ok
175583at33090	11	c_grandiflora	4..3	0.155	465.0	147.0	0.2403	0.0293	0.122	-1148.711826	1.27094	True	ok
175583at33090	11		4..5	0.064	465.0	147.0	0.2403	0.0121	0.0505	-1148.711826	1.27094	False	ok
175583at33090	11	a_halleri	5..1	0.043	465.0	147.0	0.739	0.0133	0.018	-1148.711826	1.27094	True	ok
175583at33090	11	a_thaliana	5..2	0.081	465.0	147.0	0.2403	0.0153	0.0637	-1148.711826	1.27094	True	ok
175792at33090	12	c_grandiflora	4..3	0.103	541.3	136.7	0.101	0.0123	0.1222	-1178.662866	1.22979	True	ok
175792at33090	12		4..5	0.069	541.3	136.7	0.101	0.0082	0.0812	-1178.662866	1.22979	False	ok
175792at33090	12	a_halleri	5..1	0.041	541.3	136.7	0.1979	0.0075	0.038	-1178.662866	1.22979	True	ok
175792at33090	12	a_thaliana	5..2	0.086	541.3	136.7	0.101	0.0103	0.1016	-1178.662866	1.22979	True	ok
176016at33090	13	c_grandiflora	4..3	0.055	386.3	135.7	0.0001	0.0	0.07	-797.022529	2.51505	True	omega_boundary
176016at33090	13		4..5	0.011	386.3	135.7	0.0001	0.0	0.0141	-797.022529	2.51505	False	omega_boundary
176016at33090	13	a_halleri	5..1	0.035	386.3	135.7	0.0001	0.0	0.0451	-797.022529	2.51505	True	omega_boundary
176016at33090	13	a_thaliana	5..2	0.038	386.3	135.7	0.0001	0.0	0.0489	-797.022529	2.51505	True	omega_boundary
176328at33090	14	c_grandiflora	4..3	0.042	1189.6	400.4	0.2176	0.0073	0.0334	-2821.563909	1.87942	True	ok
176328at33090	14		4..5	0.029	1189.6	400.4	0.2176	0.0051	0.0234	-2821.563909	1.87942	False	ok
176328at33090	14	a_halleri	5..1	0.039	1189.6	400.4	0.1203	0.0045	0.0378	-2821.563909	1.87942	True	ok
176328at33090	14	a_thaliana	5..2	0.186	1189.6	400.4	0.2176	0.0325	0.1492	-2821.563909	1.87942	True	ok
177296at33090	15	c_grandiflora	4..3	0.077	368.1	114.9	0.0849	0.0072	0.0848	-853.92328	1.44445	True	ok
177296at33090	15		4..5	0.116	368.1	114.9	0.0849	0.0108	0.1276	-853.92328	1.44445	False	ok
177296at33090	15	a_halleri	5..1	0.12	368.1	114.9	0.1122	0.0139	0.1242	-853.92328	1.44445	True	ok
177296at33090	15	a_thaliana	5..2	0.043	368.1	114.9	0.0849	0.004	0.0469	-853.92328	1.44445	True	ok
177720at33090	16	c_grandiflora	4..3	0.131	1584.2	578.8	0.1876	0.0203	0.1081	-4078.260247	2.57008	True	ok
177720at33090	16		4..5	0.093	1584.2	578.8	0.1876	0.0144	0.0766	-4078.260247	2.57008	False	ok
177720at33090	16	a_halleri	5..1	0.069	1584.2	578.8	0.2715	0.0134	0.0492	-4078.260247	2.57008	True	ok
177720at33090	16	a_thaliana	5..2	0.094	1584.2	578.8	0.1876	0.0145	0.0775	-4078.260247	2.57008	True	ok
177964at33090	17	c_grandiflora	4..3	0.11	577.5	190.5	0.0905	0.0105	0.1158	-1391.447953	1.44299	True	ok
177964at33090	17		4..5	0.111	577.5	190.5	0.0905	0.0106	0.1173	-1391.447953	1.44299	False	ok
177964at33090	17	a_halleri	5..1	0.072	577.5	190.5	0.0911	0.007	0.0763	-1391.447953	1.44299	True	ok
177964at33090	17	a_thaliana	5..2	0.056	577.5	190.5	0.0905	0.0054	0.0594	-1391.447953	1.44299	True	ok
178386at33090	18	c_grandiflora	4..3	0.082	679.8	232.2	0.1832	0.0129	0.0702	-1600.680894	2.28225	True	ok
178386at33090	18		4..5	0.086	679.8	232.2	0.1832	0.0134	0.073	-1600.680894	2.28225	False	ok
178386at33090	18	a_halleri	5..1	0.069	679.8	232.2	0.1259	0.0083	0.0658	-1600.680894	2.28225	True	ok
178386at33090	18	a_thaliana	5..2	0.039	679.8	232.2	0.1832	0.006	0.0328	-1600.680894	2.28225	True	ok
179975at33090	19	c_grandiflora	4..3	0.048	610.5	229.5	0.07	0.0035	0.0495	-1483.807693	1.91987	True	ok
179975at33090	19		4..5	0.099	610.5	229.5	0.07	0.0071	0.1019	-1483.807693	1.91987	False	ok
179975at33090	19	a_halleri	5..1	0.043	610.5	229.5	0.1898	0.0066	0.0347	-1483.807693	1.91987	True	ok
179975at33090	19	a_thaliana	5..2	0.107	610.5	229.5	0.07	0.0077	0.1099	-1483.807693	1.91987	True	ok
180408at33090	20	c_grandiflora	4..3	0.118	595.5	205.5	0.1116	0.0129	0.1158	-1383.842075	3.64878	True	ok
180408at33090	20		4..5	0.047	595.5	205.5	0.1116	0.0051	0.0461	-1383.842075	3.64878	False	ok
180408at33090	20	a_halleri	5..1	0.065	595.5	205.5	0.2375	0.0118	0.0498	-1383.842075	3.64878	True	ok
180408at33090	20	a_thaliana	5..2	0.046	595.5	205.5	0.1116	0.0051	0.0454	-1383.842075	3.64878	True	ok
180466at33090	1	c_grandiflora	4..3	0.109	726.2	260.8	0.2171	0.0187	0.0859	-1814.456905	2.61173	True	ok
180466at33090	1		4..5	0.098	726.2	260.8	0.2171	0.0168	0.0774	-1814.456905	2.61173	False	ok
180466at33090	1	a_halleri	5..1	0.063	726.2	260.8	0.3119	0.0132	0.0424	-1814.456905	2.61173	True	ok
180466at33090	1	a_thaliana	5..2	0.068	726.2	260.8	0.2171	0.0116	0.0534	-1814.456905	2.61173	True	ok
180674at33090	2	c_grandiflora	4..3	0.075	672.4	263.6	0.111	0.0077	0.0691	-1595.862321	3.01922	True	ok
180674at33090	2		4..5	0.114	672.4	263.6	0.111	0.0117	0.1053	-1595.862321	3.01922	False	ok
180674at33090	2	a_halleri	5..1	0.038	672.4	263.6	0.0804	0.003	0.037	-1595.862321	3.01922	True	ok
180674at33090	2	a_thaliana	5..2	0.047	672.4	263.6	0.111	0.0048	0.0436	-1595.862321	3.01922	True	ok
181108at33090	3	c_grandiflora	4..3	0.104	520.5	196.5	0.0598	0.0066	0.1096	-1340.581296	2.32616	True	ok
181108at33090	3		4..5	0.097	520.5	196.5	0.0598	0.0061	0.1018	-1340.581296	2.32616	False	ok
181108at33090	3	a_halleri	5..1	0.083	520.5	196.5	0.2655	0.0158	0.0596	-1340.581296	2.32616	True	ok
181108at33090	3	a_thaliana	5..2	0.114	520.5	196.5	0.0598	0.0071	0.1194	-1340.581296	2.32616	True	ok
182493at33090	4	c_grandiflora	4..3	0.168	686.4	264.6	0.1243	0.0189	0.1521	-1874.431525	2.53002	True	ok
182493at33090	4		4..5	0.189	686.4	264.6	0.1243	0.0213	0.1713	-1874.431525	2.53002	False	ok
182493at33090	4	a_halleri	5..1	0.055	686.4	264.6	0.3396	0.0118	0.0348	-1874.431525	2.53002	True	ok
182493at33090	4	a_thaliana	5..2	0.121	686.4	264.6	0.1243	0.0136	0.1094	-1874.431525	2.53002	True	ok
182513at33090	5	c_grandiflora	4..3	0.07	943.5	343.5	0.1457	0.0091	0.0621	-2322.476549	2.83323	True	ok
182513at33090	5		4..5	0.095	943.5	343.5	0.1457	0.0123	0.0848	-2322.476549	2.83323	False	ok
182513at33090	5	a_halleri	5..1	0.072	943.5	343.5	0.1174	0.008	0.0679	-2322.476549	2.83323	True	ok
182513at33090	5	a_thaliana	5..2	0.095	943.5	343.5	0.1457	0.0123	0.0843	-2322.476549	2.83323	True	ok
183313at33090	6	c_grandiflora	4..3	0.099	761.3	213.7	0.1976	0.0174	0.0882	-1730.280087	1.54285	True	ok
183313at33090	6		4..5	0.032	761.3	213.7	0.1976	0.0056	0.0282	-1730.280087	1.54285	False	ok
183313at33090	6	a_halleri	5..1	0.072	761.3	213.7	0.0984	0.008	0.0816	-1730.280087	1.54285	True	ok
183313at33090	6	a_thaliana	5..2	0.076	761.3	213.7	0.1976	0.0134	0.0678	-1730.280087	1.54285	True	ok
183396at33090	7	c_grandiflora	4..3	0.096	493.2	142.8	0.1549	0.0144	0.0927	-1167.324188	2.12592	True	ok
183396at33090	7		4..5	0.119	493.2	142.8	0.1549	0.0178	0.1153	-1167.324188	2.12592	False	ok
183396at33090	7	a_halleri	5..1	0.079	493.2	142.8	0.0628	0.0061	0.0968	-1167.324188	2.12592	True	ok
183396at33090	7	a_thaliana	5..2	0.08	493.2	142.8	0.1549	0.012	0.0775	-1167.324188	2.12592	True	ok
183719at33090	8	c_grandiflora	4..3	0.088	1086.9	377.1	0.1998	0.0145	0.0726	-2698.501173	1.69335	True	ok
183719at33090	8		4..5	0.072	1086.9	377.1	0.1998	0.0118	0.0593	-2698.501173	1.69335	False	ok
183719at33090	8	a_halleri	5..1	0.093	1086.9	377.1	0.2401	0.0171	0.071	-2698.501173	1.69335	True	ok
183719at33090	8	a_thaliana	5..2	0.069	1086.9	377.1	0.1998	0.0113	0.0568	-2698.501173	1.69335	True	ok
183931at33090	9	c_grandiflora	4..3	0.093	739.6	202.4	0.0298	0.0039	0.1305	-1575.39152	1.77396	True	ok
183931at33090	9		4..5	0.072	739.6	202.4	0.0298	0.003	0.1006	-1575.39152	1.77396	False	ok
183931at33090	9	a_halleri	5..1	0.042	739.6	202.4	0.0228	0.0014	0.0601	-1575.39152	1.77396	True	ok
183931at33090	9	a_thaliana	5..2	0.065	739.6	202.4	0.0298	0.0027	0.0909	-1575.39152	1.77396	True	ok
184405at33090	10	c_grandiflora	4..3	0.157	1105.8	349.2	0.3499	0.0362	0.1035	-3092.072487	1.57199	True	ok
184405at33090	10		4..5	0.112	1105.8	349.2	0.3499	0.0258	0.0737	-3092.072487	1.57199	False	ok
184405at33090	10	a_halleri	5..1	0.131	1105.8	349.2	0.465	0.0342	0.0736	-3092.072487	1.57199	True	ok
184405at33090	10	a_thaliana	5..2	0.158	1105.8	349.2	0.3499	0.0365	0.1043	-3092.072487	1.57199	True	ok
18455at33090	11	c_grandiflora	4..3	0.082	1716.6	557.4	0.1305	0.0104	0.0795	-3837.91917	2.21756	True	ok
18455at33090	11		4..5	0.047	1716.6	557.4	0.1305	0.0059	0.0456	-3837.91917	2.21756	False	ok
18455at33090	11	a_halleri	5..1	0.038	1716.6	557.4	0.1275	0.0048	0.0375	-3837.91917	2.21756	True	ok
18455at33090	11	a_thaliana	5..2	0.061	1716.6	557.4	0.1305	0.0077	0.0588	-3837.91917	2.21756	True	ok
185172at33090	12	c_grandiflora	4..3	0.084	425.2	144.8	0.1082	0.0091	0.0839	-970.636911	2.09988	True	ok
185172at33090	12		4..5	0.104	425.2	144.8	0.1082	0.0112	0.1039	-970.636911	2.09988	False	ok
185172at33090	12	a_halleri	5..1	0.05	425.2	144.8	0.0918	0.0047	0.0515	-970.636911	2.09988	True	ok
185172at33090	12	a_thaliana	5..2	0.037	425.2	144.8	0.1082	0.004	0.0365	-970.636911	2.09988	True	ok
185214at33090	13	c_grandiflora	4..3	0.049	611.6	228.4	0.1681	0.007	0.0418	-1487.8559	2.1013	True	ok
185214at33090	13		4..5	0.113	611.6	228.4	0.1681	0.016	0.0954	-1487.8559	2.1013	False	ok
185214at33090	13	a_halleri	5..1	0.038	611.6	228.4	0.173	0.0055	0.032	-1487.8559	2.1013	True	ok
185214at33090	13	a_thaliana	5..2	0.073	611.6	228.4	0.1681	0.0104	0.0619	-1487.8559	2.1013	True	ok
1855at33090	14	c_grandiflora	4..3	0.099	4762.2	1609.8	0.1973	0.0162	0.0823	-11414.752661	2.41528	True	ok
1855at33090	14		4..5	0.071	4762.2	1609.8	0.1973	0.0117	0.0594	-11414.752661	2.41528	False	ok
1855at33090	14	a_halleri	5..1	0.058	4762.2	1609.8	0.2375	0.0106	0.0447	-11414.752661	2.41528	True	ok
1855at33090	14	a_thaliana	5..2	0.068	4762.2	1609.8	0.1973	0.0112	0.057	-11414.752661	2.41528	True	ok
185696at33090	15	c_grandiflora	4..3	0.104	1436.7	426.3	0.1697	0.0163	0.0961	-3554.432011	1.49398	True	ok
185696at33090	15		4..5	0.089	1436.7	426.3	0.1697	0.0141	0.0829	-3554.432011	1.49398	False	ok
185696at33090	15	a_halleri	5..1	0.085	1436.7	426.3	0.2105	0.0153	0.0729	-3554.432011	1.49398	True	ok
185696at33090	15	a_thaliana	5..2	0.127	1436.7	426.3	0.1697	0.02	0.1181	-3554.432011	1.49398	True	ok
185941at33090	16	c_grandiflora	4..3	0.047	537.8	203.2	0.2659	0.0088	0.0332	-1372.713739	2.18147	True	ok
185941at33090	16		4..5	0.097	537.8	203.2	0.2659	0.0184	0.0691	-1372.713739	2.18147	False	ok
185941at33090	16	a_halleri	5..1	0.117	537.8	203.2	0.4334	0.0287	0.0663	-1372.713739	2.18147	True	ok
185941at33090	16	a_thaliana	5..2	0.067	537.8	203.2	0.2659	0.0127	0.0476	-1372.713739	2.18147	True	ok
186340at33090	17	c_grandiflora	4..3	0.118	616.1	244.9	0.1817	0.0173	0.0952	-1628.979119	2.698	True	ok
186340at33090	17		4..5	0.119	616.1	244.9	0.1817	0.0174	0.0959	-1628.979119	2.698	False	ok
186340at33090	17	a_halleri	5..1	0.077	616.1	244.9	0.5636	0.021	0.0373	-1628.979119	2.698	True	ok
186340at33090	17	a_thaliana	5..2	0.085	616.1	244.9	0.1817	0.0125	0.0687	-1628.979119	2.698	True	ok
187462at33090	18	c_grandiflora	4..3	0.039	1060.5	343.5	0.1107	0.0044	0.04	-2443.166082	2.05275	True	ok
187462at33090	18		4..5	0.099	1060.5	343.5	0.1107	0.0111	0.1003	-2443.166082	2.05275	False	ok
187462at33090	18	a_halleri	5..1	0.041	1060.5	343.5	0.0651	0.003	0.0466	-2443.166082	2.05275	True	ok
187462at33090	18	a_thaliana	5..2	0.106	1060.5	343.5	0.1107	0.012	0.108	-2443.166082	2.05275	True	ok
187866at33090	19	c_grandiflora	4..3	0.156	290.4	108.6	0.2092	0.0256	0.1226	-782.919269	2.16999	True	ok
187866at33090	19		4..5	0.116	290.4	108.6	0.2092	0.019	0.0908	-782.919269	2.16999	False	ok
187866at33090	19	a_halleri	5..1	0.051	290.4	108.6	0.6521	0.015	0.023	-782.919269	2.16999	True	ok
187866at33090	19	a_thaliana	5..2	0.127	290.4	108.6	0.2092	0.0209	0.0997	-782.919269	2.16999	True	ok
187914at33090	20	c_grandiflora	4..3	0.125	993.1	308.9	0.1403	0.017	0.1208	-2384.100938	2.54876	True	ok
187914at33090	20		4..5	0.125	993.1	308.9	0.1403	0.017	0.121	-2384.100938	2.54876	False	ok
187914at33090	20	a_halleri	5..1	0.051	993.1	308.9	0.1227	0.0064	0.0519	-2384.100938	2.54876	True	ok
187914at33090	20	a_thaliana	5..2	0.087	993.1	308.9	0.1403	0.0119	0.0845	-2384.100938	2.54876	True	ok
18801at33090	1	c_grandiflora	4..3	0.098	2327.3	801.7	0.1447	0.013	0.0897	-5736.651563	2.0523	True	ok
18801at33090	1		4..5	0.123	2327.3	801.7	0.1447	0.0163	0.1124	-5736.651563	2.0523	False	ok
18801at33090	1	a_halleri	5..1	0.059	2327.3	801.7	0.1764	0.009	0.0509	-5736.651563	2.0523	True	ok
18801at33090	1	a_thaliana	5..2	0.081	2327.3	801.7	0.1447	0.0108	0.0746	-5736.651563	2.0523	True	ok
188180at33090	2	c_grandiflora	4..3	0.091	513.3	176.7	0.1284	0.011	0.0858	-1241.644692	2.47418	True	ok
188180at33090	2		4..5	0.118	513.3	176.7	0.1284	0.0143	0.1115	-1241.644692	2.47418	False	ok
188180at33090	2	a_halleri	5..1	0.058	513.3	176.7	0.2079	0.0098	0.0474	-1241.644692	2.47418	True	ok
188180at33090	2	a_thaliana	5..2	0.054	513.3	176.7	0.1284	0.0066	0.0512	-1241.644692	2.47418	True	ok
188436at33090	3	c_grandiflora	4..3	0.131	511.2	184.8	0.0473	0.0069	0.1456	-1215.824059	2.33406	True	ok
188436at33090	3		4..5	0.047	511.2	184.8	0.0473	0.0025	0.0526	-1215.824059	2.33406	False	ok
188436at33090	3	a_halleri	5..1	0.076	511.2	184.8	0.0218	0.002	0.0899	-1215.824059	2.33406	True	ok
188436at33090	3	a_thaliana	5..2	0.051	511.2	184.8	0.0473	0.0027	0.0563	-1215.824059	2.33406	True	ok
188583at33090	4	c_grandiflora	4..3	0.172	894.7	311.3	0.1631	0.0246	0.1509	-2316.587505	1.81199	True	ok
188583at33090	4		4..5	0.101	894.7	311.3	0.1631	0.0145	0.0889	-2316.587505	1.81199	False	ok
188583at33090	4	a_halleri	5..1	0.078	894.7	311.3	0.3062	0.0164	0.0534	-2316.587505	1.81199	True	ok
188583at33090	4	a_thaliana	5..2	0.081	894.7	311.3	0.1631	0.0116	0.0709	-2316.587505	1.81199	True	ok
188938at33090	5	c_grandiflora	4..3	0.06	609.8	221.2	0.2675	0.0116	0.0435	-1756.144036	1.60007	True	ok
188938at33090	5		4..5	0.12	609.8	221.2	0.2675	0.0231	0.0864	-1756.144036	1.60007	False	ok
188938at33090	5	a_halleri	5..1	0.13	609.8	221.2	0.2042	0.0213	0.1042	-1756.144036	1.60007	True	ok
188938at33090	5	a_thaliana	5..2	0.255	609.8	221.2	0.2675	0.0491	0.1837	-1756.144036	1.60007	True	ok
189891at33090	6	c_grandiflora	4..3	0.033	815.2	288.8	0.0667	0.0024	0.0357	-1897.947451	1.85363	True	ok
189891at33090	6		4..5	0.069	815.2	288.8	0.0667	0.0049	0.0736	-1897.947451	1.85363	False	ok
189891at33090	6	a_halleri	5..1	0.085	815.2	288.8	0.0695	0.0063	0.0905	-1897.947451	1.85363	True	ok
189891at33090	6	a_thaliana	5..2	0.072	815.2	288.8	0.0667	0.0051	0.0767	-1897.947451	1.85363	True	ok
190390at33090	7	c_grandiflora	4..3	0.109	733.1	244.9	0.2319	0.0198	0.0856	-1881.158132	1.21127	True	ok
190390at33090	7		4..5	0.138	733.1	244.9	0.2319	0.0252	0.1086	-1881.158132	1.21127	False	ok
190390at33090	7	a_halleri	5..1	0.05	733.1	244.9	0.8976	0.0163	0.0182	-1881.158132	1.21127	True	ok
190390at33090	7	a_thaliana	5..2	0.102	733.1	244.9	0.2319	0.0186	0.0802	-1881.158132	1.21127	True	ok
191396at33090	8	c_grandiflora	4..3	0.089	884.8	264.2	0.1581	0.0133	0.0839	-2096.295523	1.91511	True	ok
191396at33090	8		4..5	0.078	884.8	264.2	0.1581	0.0117	0.074	-2096.295523	1.91511	False	ok
191396at33090	8	a_halleri	5..1	0.094	884.8	264.2	0.0725	0.008	0.1097	-2096.295523	1.91511	True	ok
191396at33090	8	a_thaliana	5..2	0.089	884.8	264.2	0.1581	0.0133	0.0843	-2096.295523	1.91511	True	ok
191581at33090	9	c_grandiflora	4..3	0.077	593.5	198.5	0.129	0.0096	0.0742	-1400.48317	1.44885	True	ok
191581at33090	9		4..5	0.074	593.5	198.5	0.129	0.0091	0.0709	-1400.48317	1.44885	False	ok
191581at33090	9	a_halleri	5..1	0.048	593.5	198.5	0.0625	0.0034	0.0536	-1400.48317	1.44885	True	ok
191581at33090	9	a_thaliana	5..2	0.1	593.5	198.5	0.129	0.0124	0.0964	-1400.48317	1.44885	True	ok
192090at33090	10	c_grandiflora	4..3	0.09	1799.0	517.0	0.1945	0.0156	0.0804	-4290.629912	1.55971	True	ok
192090at33090	10		4..5	0.136	1799.0	517.0	0.1945	0.0235	0.1211	-4290.629912	1.55971	False	ok
192090at33090	10	a_halleri	5..1	0.069	1799.0	517.0	0.1296	0.0092	0.0708	-4290.629912	1.55971	True	ok
192090at33090	10	a_thaliana	5..2	0.079	1799.0	517.0	0.1945	0.0137	0.0705	-4290.629912	1.55971	True	ok
192456at33090	11	c_grandiflora	4..3	0.083	476.1	144.9	0.1218	0.0104	0.085	-1785.115295	1.4101	True	ok
192456at33090	11		4..5	0.121	476.1	144.9	0.1218	0.015	0.1232	-1785.115295	1.4101	False	ok
192456at33090	11	a_halleri	5..1	0.023	476.1	144.9	999.0	0.0102	0.0	-1785.115295	1.4101	True	omega_boundary
192456at33090	11	a_thaliana	5..2	6.124	476.1	144.9	0.1218	0.7609	6.2482	-1785.115295	1.4101	True	ok
192750at33090	12	c_grandiflora	4..3	0.045	640.7	196.3	0.0266	0.0015	0.0582	-1354.18984	1.23657	True	ok
192750at33090	12		4..5	0.037	640.7	196.3	0.0266	0.0013	0.0486	-1354.18984	1.23657	False	ok
192750at33090	12	a_halleri	5..1	0.049	640.7	196.3	0.0242	0.0016	0.0644	-1354.18984	1.23657	True	ok
192750at33090	12	a_thaliana	5..2	0.053	640.7	196.3	0.0266	0.0018	0.0691	-1354.18984	1.23657	True	ok
193351at33090	13	c_grandiflora	4..3	0.085	260.4	78.6	0.0754	0.0073	0.0973	-601.910532	1.46779	True	ok
193351at33090	13		4..5	0.028	260.4	78.6	0.0754	0.0024	0.032	-601.910532	1.46779	False	ok
193351at33090	13	a_halleri	5..1	0.093	260.4	78.6	0.0316	0.0038	0.1211	-601.910532	1.46779	True	ok
193351at33090	13	a_thaliana	5..2	0.155	260.4	78.6	0.0754	0.0135	0.1787	-601.910532	1.46779	True	ok
193437at33090	14	c_grandiflora	4..3	0.05	608.7	180.3	0.2342	0.0095	0.0405	-1550.171504	1.30424	True	ok
193437at33090	14		4..5	0.129	608.7	180.3	0.2342	0.0247	0.1053	-1550.171504	1.30424	False	ok
193437at33090	14	a_halleri	5..1	0.075	608.7	180.3	0.1409	0.0104	0.074	-1550.171504	1.30424	True	ok
193437at33090	14	a_thaliana	5..2	0.184	608.7	180.3	0.2342	0.0351	0.1497	-1550.171504	1.30424	True	ok
193683at33090	15	c_grandiflora	4..3	0.059	554.5	156.5	0.0978	0.0065	0.0667	-1242.016347	1.59281	True	ok
193683at33090	15		4..5	0.135	554.5	156.5	0.0978	0.0149	0.1523	-1242.016347	1.59281	False	ok
193683at33090	15	a_halleri	5..1	0.056	554.5	156.5	0.0824	0.0054	0.0661	-1242.016347	1.59281	True	ok
193683at33090	15	a_thaliana	5..2	0.094	554.5	156.5	0.0978	0.0103	0.1055	-1242.016347	1.59281	True	ok
193777at33090	16	c_grandiflora	4..3	0.06	714.4	263.6	0.1154	0.0065	0.0563	-1746.468413	1.5596	True	ok
193777at33090	16		4..5	0.099	714.4	263.6	0.1154	0.0108	0.0933	-1746.468413	1.5596	False	ok
193777at33090	16	a_halleri	5..1	0.084	714.4	263.6	0.1863	0.0129	0.069	-1746.468413	1.5596	True	ok
193777at33090	16	a_thaliana	5..2	0.051	714.4	263.6	0.1154	0.0055	0.0481	-1746.468413	1.5596	True	ok
193982at33090	17	c_grandiflora	4..3	0.054	503.6	168.4	0.303	0.0115	0.0378	-1256.011124	1.65921	True	ok
193982at33090	17		4..5	0.118	503.6	168.4	0.303	0.0249	0.0821	-1256.011124	1.65921	False	ok
193982at33090	17	a_halleri	5..1	0.084	503.6	168.4	0.1371	0.0109	0.0795	-1256.011124	1.65921	True	ok
193982at33090	17	a_thaliana	5..2	0.088	503.6	168.4	0.303	0.0186	0.0613	-1256.011124	1.65921	True	ok
194002at33090	18	c_grandiflora	4..3	0.075	528.9	164.1	0.2245	0.0137	0.0612	-1277.791502	0.63861	True	ok
194002at33090	18		4..5	0.09	528.9	164.1	0.2245	0.0165	0.0735	-1277.791502	0.63861	False	ok
194002at33090	18	a_halleri	5..1	0.029	528.9	164.1	9.0254	0.0122	0.0013	-1277.791502	0.63861	True	ok
194002at33090	18	a_thaliana	5..2	0.129	528.9	164.1	0.2245	0.0237	0.1056	-1277.791502	0.63861	True	ok
194293at33090	19	c_grandiflora	4..3	0.137	758.5	243.5	0.3437	0.0311	0.0904	-2029.418252	1.10564	True	ok
194293at33090	19		4..5	0.074	758.5	243.5	0.3437	0.0168	0.0489	-2029.418252	1.10564	False	ok
194293at33090	19	a_halleri	5..1	0.057	758.5	243.5	0.2194	0.0101	0.0463	-2029.418252	1.10564	True	ok
194293at33090	19	a_thaliana	5..2	0.187	758.5	243.5	0.3437	0.0425	0.1237	-2029.418252	1.10564	True	ok
194372at33090	20	c_grandiflora	4..3	0.1	344.5	108.5	0.0674	0.0078	0.115	-843.056189	1.44887	True	ok
194372at33090	20		4..5	0.085	344.5	108.5	0.0674	0.0066	0.0972	-843.056189	1.44887	False	ok
194372at33090	20	a_halleri	5..1	0.072	344.5	108.5	0.2439	0.0137	0.0561	-843.056189	1.44887	True	ok
194372at33090	20	a_thaliana	5..2	0.141	344.5	108.5	0.0674	0.0109	0.1614	-843.056189	1.44887	True	ok
194467at33090	1	c_grandiflora	4..3	0.116	569.6	243.4	0.1596	0.0151	0.0944	-1445.59452	2.90352	True	ok
194467at33090	1		4..5	0.062	569.6	243.4	0.1596	0.0081	0.0506	-1445.59452	2.90352	False	ok
194467at33090	1	a_halleri	5..1	0.033	569.6	243.4	0.1274	0.0036	0.0279	-1445.59452	2.90352	True	ok
194467at33090	1	a_thaliana	5..2	0.086	569.6	243.4	0.1596	0.0111	0.0696	-1445.59452	2.90352	True	ok
195185at33090	2	c_grandiflora	4..3	0.082	631.1	211.9	0.0993	0.0084	0.0844	-1594.678786	1.39698	True	ok
195185at33090	2		4..5	0.139	631.1	211.9	0.0993	0.0142	0.1425	-1594.678786	1.39698	False	ok
195185at33090	2	a_halleri	5..1	0.098	631.1	211.9	0.0985	0.0099	0.1007	-1594.678786	1.39698	True	ok
195185at33090	2	a_thaliana	5..2	0.125	631.1	211.9	0.0993	0.0127	0.1275	-1594.678786	1.39698	True	ok
195354at33090	3	c_grandiflora	4..3	0.071	464.7	162.3	0.1233	0.0083	0.0671	-1143.962153	1.35556	True	ok
195354at33090	3		4..5	0.076	464.7	162.3	0.1233	0.0089	0.0725	-1143.962153	1.35556	False	ok
195354at33090	3	a_halleri	5..1	0.084	464.7	162.3	0.2936	0.0172	0.0586	-1143.962153	1.35556	True	ok
195354at33090	3	a_thaliana	5..2	0.084	464.7	162.3	0.1233	0.0099	0.0799	-1143.962153	1.35556	True	ok
195527at33090	4	c_grandiflora	4..3	0.092	942.4	317.6	0.1358	0.0117	0.0864	-2216.779298	2.25394	True	ok
195527at33090	4		4..5	0.093	942.4	317.6	0.1358	0.0119	0.088	-2216.779298	2.25394	False	ok
195527at33090	4	a_halleri	5..1	0.04	942.4	317.6	0.0436	0.002	0.0464	-2216.779298	2.25394	True	ok
195527at33090	4	a_thaliana	5..2	0.07	942.4	317.6	0.1358	0.0089	0.0657	-2216.779298	2.25394	True	ok
195843at33090	5	c_grandiflora	4..3	0.104	526.8	163.2	0.0933	0.0105	0.1125	-1241.896372	1.6639	True	ok
195843at33090	5		4..5	0.081	526.8	163.2	0.0933	0.0082	0.0882	-1241.896372	1.6639	False	ok
195843at33090	5	a_halleri	5..1	0.097	526.8	163.2	0.1529	0.014	0.0913	-1241.896372	1.6639	True	ok
195843at33090	5	a_thaliana	5..2	0.063	526.8	163.2	0.0933	0.0064	0.0681	-1241.896372	1.6639	True	ok
196198at33090	6	c_grandiflora	4..3	0.159	387.2	161.8	0.228	0.0265	0.1164	-1016.110465	2.23701	True	ok
196198at33090	6		4..5	0.123	387.2	161.8	0.228	0.0205	0.0897	-1016.110465	2.23701	False	ok
196198at33090	6	a_halleri	5..1	0.032	387.2	161.8	0.0772	0.0023	0.0303	-1016.110465	2.23701	True	ok
196198at33090	6	a_thaliana	5..2	0.056	387.2	161.8	0.228	0.0094	0.0411	-1016.110465	2.23701	True	ok
196324at33090	7	c_grandiflora	4..3	0.137	639.9	182.1	0.1742	0.0222	0.1277	-1629.393875	1.89464	True	ok
196324at33090	7		4..5	0.139	639.9	182.1	0.1742	0.0225	0.1294	-1629.393875	1.89464	False	ok
196324at33090	7	a_halleri	5..1	0.078	639.9	182.1	0.2398	0.0152	0.0633	-1629.393875	1.89464	True	ok
196324at33090	7	a_thaliana	5..2	0.144	639.9	182.1	0.1742	0.0234	0.1341	-1629.393875	1.89464	True	ok
196325at33090	8	c_grandiflora	4..3	0.097	762.2	266.8	0.1318	0.0119	0.0903	-1833.449102	1.86025	True	ok
196325at33090	8		4..5	0.072	762.2	266.8	0.1318	0.0089	0.0675	-1833.449102	1.86025	False	ok
196325at33090	8	a_halleri	5..1	0.083	762.2	266.8	0.0516	0.0048	0.0928	-1833.449102	1.86025	True	ok
196325at33090	8	a_thaliana	5..2	0.062	762.2	266.8	0.1318	0.0076	0.0576	-1833.449102	1.86025	True	ok
196410at33090	9	c_grandiflora	4..3	0.081	525.5	137.5	0.1513	0.0124	0.082	-1346.483282	1.24331	True	ok
196410at33090	9		4..5	0.146	525.5	137.5	0.1513	0.0226	0.1491	-1346.483282	1.24331	False	ok
196410at33090	9	a_halleri	5..1	0.069	525.5	137.5	0.031	0.0031	0.0994	-1346.483282	1.24331	True	ok
196410at33090	9	a_thaliana	5..2	0.309	525.5	137.5	0.1513	0.0476	0.3143	-1346.483282	1.24331	True	ok
196443at33090	10	c_grandiflora	4..3	0.136	470.9	192.1	0.1753	0.0191	0.1092	-1191.266874	3.52504	True	ok
196443at33090	10		4..5	0.005	470.9	192.1	0.1753	0.0007	0.0039	-1191.266874	3.52504	False	ok
196443at33090	10	a_halleri	5..1	0.07	470.9	192.1	0.475	0.0176	0.0371	-1191.266874	3.52504	True	ok
196443at33090	10	a_thaliana	5..2	0.08	470.9	192.1	0.1753	0.0113	0.0644	-1191.266874	3.52504	True	ok
196490at33090	11	c_grandiflora	4..3	0.074	771.2	281.8	0.1828	0.0112	0.0611	-1960.357562	1.83019	True	ok
196490at33090	11		4..5	0.103	771.2	281.8	0.1828	0.0156	0.0855	-1960.357562	1.83019	False	ok
196490at33090	11	a_halleri	5..1	0.075	771.2	281.8	0.3262	0.0162	0.0496	-1960.357562	1.83019	True	ok
196490at33090	11	a_thaliana	5..2	0.083	771.2	281.8	0.1828	0.0125	0.0686	-1960.357562	1.83019	True	ok
196512at33090	12	c_grandiflora	4..3	0.097	1112.9	348.1	0.0771	0.0084	0.1086	-2733.553077	2.19386	True	ok
196512at33090	12		4..5	0.116	1112.9	348.1	0.0771	0.0101	0.1306	-2733.553077	2.19386	False	ok
196512at33090	12	a_halleri	5..1	0.086	1112.9	348.1	0.1228	0.0106	0.0867	-2733.553077	2.19386	True	ok
196512at33090	12	a_thaliana	5..2	0.113	1112.9	348.1	0.0771	0.0098	0.1264	-2733.553077	2.19386	True	ok
196850at33090	13	c_grandiflora	4..3	0.052	479.1	165.9	0.1366	0.0066	0.0487	-1162.52977	1.40369	True	ok
196850at33090	13		4..5	0.102	479.1	165.9	0.1366	0.0129	0.0945	-1162.52977	1.40369	False	ok
196850at33090	13	a_halleri	5..1	0.028	479.1	165.9	0.0829	0.0025	0.0298	-1162.52977	1.40369	True	ok
196850at33090	13	a_thaliana	5..2	0.14	479.1	165.9	0.1366	0.0178	0.1304	-1162.52977	1.40369	True	ok
196873at33090	14	c_grandiflora	4..3	0.134	419.1	150.9	0.4526	0.0337	0.0745	-1082.328427	1.77188	True	ok
196873at33090	14		4..5	0.155	419.1	150.9	0.4526	0.0392	0.0866	-1082.328427	1.77188	False	ok
196873at33090	14	a_halleri	5..1	0.085	419.1	150.9	0.1123	0.0092	0.0815	-1082.328427	1.77188	True	ok
196873at33090	14	a_thaliana	5..2	0.019	419.1	150.9	0.4526	0.0048	0.0107	-1082.328427	1.77188	True	ok
196991at33090	15	c_grandiflora	4..3	0.132	647.9	147.1	0.0982	0.0162	0.1655	-1425.451335	0.90636	True	ok
196991at33090	15		4..5	0.137	647.9	147.1	0.0982	0.0169	0.1718	-1425.451335	0.90636	False	ok
196991at33090	15	a_halleri	5..1	0.031	647.9	147.1	0.067	0.0029	0.0437	-1425.451335	0.90636	True	ok
196991at33090	15	a_thaliana	5..2	0.099	647.9	147.1	0.0982	0.0122	0.1246	-1425.451335	0.90636	True	ok
197780at33090	16	c_grandiflora	4..3	0.091	779.9	261.1	0.1858	0.0145	0.0781	-2019.764767	1.55412	True	ok
197780at33090	16		4..5	0.157	779.9	261.1	0.1858	0.0249	0.134	-2019.764767	1.55412	False	ok
197780at33090	16	a_halleri	5..1	0.076	779.9	261.1	0.2164	0.0133	0.0614	-2019.764767	1.55412	True	ok
197780at33090	16	a_thaliana	5..2	0.101	779.9	261.1	0.1858	0.016	0.086	-2019.764767	1.55412	True	ok
197838at33090	17	c_grandiflora	4..3	0.105	397.4	127.6	0.2471	0.0202	0.0818	-985.327515	1.55372	True	ok
197838at33090	17		4..5	0.128	397.4	127.6	0.2471	0.0246	0.0995	-985.327515	1.55372	False	ok
197838at33090	17	a_halleri	5..1	0.039	397.4	127.6	0.2435	0.0073	0.0302	-985.327515	1.55372	True	ok
197838at33090	17	a_thaliana	5..2	0.097	397.4	127.6	0.2471	0.0185	0.0749	-985.327515	1.55372	True	ok
198012at33090	18	c_grandiflora	4..3	0.075	335.8	123.2	0.0469	0.0039	0.0827	-813.901492	2.82087	True	ok
198012at33090	18		4..5	0.11	335.8	123.2	0.0469	0.0057	0.1212	-813.901492	2.82087	False	ok
198012at33090	18	a_halleri	5..1	0.08	335.8	123.2	0.1798	0.012	0.0669	-813.901492	2.82087	True	ok
198012at33090	18	a_thaliana	5..2	0.107	335.8	123.2	0.0469	0.0055	0.1183	-813.901492	2.82087	True	ok
198570at33090	19	c_grandiflora	4..3	0.08	751.2	229.8	0.1662	0.0123	0.0739	-1750.621691	1.49811	True	ok
198570at33090	19		4..5	0.082	751.2	229.8	0.1662	0.0126	0.0756	-1750.621691	1.49811	False	ok
198570at33090	19	a_halleri	5..1	0.06	751.2	229.8	0.0568	0.0041	0.0714	-1750.621691	1.49811	True	ok
198570at33090	19	a_thaliana	5..2	0.071	751.2	229.8	0.1662	0.0109	0.0658	-1750.621691	1.49811	True	ok
199163at33090	20	c_grandiflora	4..3	0.09	846.5	314.5	0.2805	0.0177	0.0629	-2213.109181	2.35388	True	ok
199163at33090	20		4..5	0.09	846.5	314.5	0.2805	0.0176	0.0629	-2213.109181	2.35388	False	ok
199163at33090	20	a_halleri	5..1	0.099	846.5	314.5	0.2405	0.0178	0.0739	-2213.109181	2.35388	True	ok
199163at33090	20	a_thaliana	5..2	0.12	846.5	314.5	0.2805	0.0235	0.0838	-2213.109181	2.35388	True	ok
199618at33090	1	c_grandiflora	4..3	0.098	994.8	298.2	0.1156	0.0118	0.1022	-2454.24925	1.65452	True	ok
199618at33090	1		4..5	0.097	994.8	298.2	0.1156	0.0117	0.1009	-2454.24925	1.65452	False	ok
199618at33090	1	a_halleri	5..1	0.099	994.8	298.2	0.0944	0.0102	0.1083	-2454.24925	1.65452	True	ok
199618at33090	1	a_thaliana	5..2	0.119	994.8	298.2	0.1156	0.0143	0.124	-2454.24925	1.65452	True	ok
199795at33090	2	c_grandiflora	4..3	0.119	482.1	183.9	0.1837	0.0178	0.0968	-1265.568199	2.63891	True	ok
199795at33090	2		4..5	0.046	482.1	183.9	0.1837	0.0069	0.0374	-1265.568199	2.63891	False	ok
199795at33090	2	a_halleri	5..1	0.122	482.1	183.9	0.2367	0.0215	0.091	-1265.568199	2.63891	True	ok
199795at33090	2	a_thaliana	5..2	0.105	482.1	183.9	0.1837	0.0157	0.0857	-1265.568199	2.63891	True	ok
200316at33090	3	c_grandiflora	4..3	0.118	1032.0	360.0	0.163	0.0169	0.1034	-2552.397116	1.90725	True	ok
200316at33090	3		4..5	0.082	1032.0	360.0	0.163	0.0117	0.0721	-2552.397116	1.90725	False	ok
200316at33090	3	a_halleri	5..1	0.037	1032.0	360.0	0.161	0.0053	0.0329	-2552.397116	1.90725	True	ok
200316at33090	3	a_thaliana	5..2	0.112	1032.0	360.0	0.163	0.016	0.0981	-2552.397116	1.90725	True	ok
200488at33090	4	c_grandiflora	4..3	0.108	969.0	306.0	0.2778	0.0222	0.0798	-2323.885683	1.49908	True	ok
200488at33090	4		4..5	0.076	969.0	306.0	0.2778	0.0155	0.0558	-2323.885683	1.49908	False	ok
200488at33090	4	a_halleri	5..1	0.08	969.0	306.0	0.1327	0.0103	0.0779	-2323.885683	1.49908	True	ok
200488at33090	4	a_thaliana	5..2	0.05	969.0	306.0	0.2778	0.0102	0.0367	-2323.885683	1.49908	True	ok
200499at33090	5	c_grandiflora	4..3	0.103	853.2	310.8	0.1177	0.0115	0.0976	-2141.233533	1.61718	True	ok
200499at33090	5		4..5	0.113	853.2	310.8	0.1177	0.0125	0.1061	-2141.233533	1.61718	False	ok
200499at33090	5	a_halleri	5..1	0.045	853.2	310.8	0.251	0.0083	0.0331	-2141.233533	1.61718	True	ok
200499at33090	5	a_thaliana	5..2	0.108	853.2	310.8	0.1177	0.012	0.1021	-2141.233533	1.61718	True	ok
200687at33090	6	c_grandiflora	4..3	0.11	536.1	171.9	0.0597	0.0076	0.1277	-1337.918873	1.4828	True	ok
200687at33090	6		4..5	0.125	536.1	171.9	0.0597	0.0086	0.1447	-1337.918873	1.4828	False	ok
200687at33090	6	a_halleri	5..1	0.05	536.1	171.9	0.1972	0.0083	0.0421	-1337.918873	1.4828	True	ok
200687at33090	6	a_thaliana	5..2	0.19	536.1	171.9	0.0597	0.0132	0.2204	-1337.918873	1.4828	True	ok
201861at33090	7	c_grandiflora	4..3	0.063	481.6	178.4	0.0672	0.0044	0.0658	-1106.534355	2.48969	True	ok
201861at33090	7		4..5	0.091	481.6	178.4	0.0672	0.0064	0.0951	-1106.534355	2.48969	False	ok
201861at33090	7	a_halleri	5..1	0.024	481.6	178.4	0.0284	0.0008	0.0277	-1106.534355	2.48969	True	ok
201861at33090	7	a_thaliana	5..2	0.072	481.6	178.4	0.0672	0.005	0.0751	-1106.534355	2.48969	True	ok
203023at33090	8	c_grandiflora	4..3	0.125	427.3	136.7	0.1193	0.015	0.1255	-1064.327315	1.69183	True	ok
203023at33090	8		4..5	0.123	427.3	136.7	0.1193	0.0147	0.1235	-1064.327315	1.69183	False	ok
203023at33090	8	a_halleri	5..1	0.118	427.3	136.7	0.0628	0.0085	0.1354	-1064.327315	1.69183	True	ok
203023at33090	8	a_thaliana	5..2	0.08	427.3	136.7	0.1193	0.0096	0.0804	-1064.327315	1.69183	True	ok
203383at33090	9	c_grandiflora	4..3	0.123	823.3	232.7	0.1173	0.0155	0.132	-1999.687305	1.44146	True	ok
203383at33090	9		4..5	0.116	823.3	232.7	0.1173	0.0145	0.1235	-1999.687305	1.44146	False	ok
203383at33090	9	a_halleri	5..1	0.051	823.3	232.7	0.1217	0.0066	0.0542	-1999.687305	1.44146	True	ok
203383at33090	9	a_thaliana	5..2	0.127	823.3	232.7	0.1173	0.0159	0.1354	-1999.687305	1.44146	True	ok
203818at33090	10	c_grandiflora	4..3	0.094	427.9	145.1	0.1014	0.0096	0.0949	-1021.408524	1.91535	True	ok
203818at33090	10		4..5	0.129	427.9	145.1	0.1014	0.0132	0.1306	-1021.408524	1.91535	False	ok
203818at33090	10	a_halleri	5..1	0.025	427.9	145.1	0.2391	0.0046	0.0194	-1021.408524	1.91535	True	ok
203818at33090	10	a_thaliana	5..2	0.078	427.9	145.1	0.1014	0.008	0.0788	-1021.408524	1.91535	True	ok
204117at33090	11	c_grandiflora	4..3	0.121	718.6	235.4	0.1719	0.0184	0.1068	-1960.990517	1.19065	True	ok
204117at33090	11		4..5	0.093	718.6	235.4	0.1719	0.0142	0.0823	-1960.990517	1.19065	False	ok
204117at33090	11	a_halleri	5..1	0.178	718.6	235.4	0.3938	0.0429	0.1091	-1960.990517	1.19065	True	ok
204117at33090	11	a_thaliana	5..2	0.127	718.6	235.4	0.1719	0.0193	0.1121	-1960.990517	1.19065	True	ok
204880at33090	12	c_grandiflora	4..3	0.128	609.2	230.8	0.1651	0.0178	0.1079	-1560.846131	2.47683	True	ok
204880at33090	12		4..5	0.085	609.2	230.8	0.1651	0.0118	0.0717	-1560.846131	2.47683	False	ok
204880at33090	12	a_halleri	5..1	0.068	609.2	230.8	0.1986	0.0107	0.0537	-1560.846131	2.47683	True	ok
204880at33090	12	a_thaliana	5..2	0.101	609.2	230.8	0.1651	0.014	0.085	-1560.846131	2.47683	True	ok
205308at33090	13	c_grandiflora	4..3	0.065	636.0	186.0	0.1876	0.0109	0.0581	-1505.45737	1.51245	True	ok
205308at33090	13		4..5	0.13	636.0	186.0	0.1876	0.0219	0.1167	-1505.45737	1.51245	False	ok
205308at33090	13	a_halleri	5..1	0.042	636.0	186.0	0.098	0.0046	0.0464	-1505.45737	1.51245	True	ok
205308at33090	13	a_thaliana	5..2	0.107	636.0	186.0	0.1876	0.0179	0.0957	-1505.45737	1.51245	True	ok
206164at33090	14	c_grandiflora	4..3	0.016	394.1	148.9	0.0661	0.0011	0.0163	-916.92344	2.05394	True	ok
206164at33090	14		4..5	0.098	394.1	148.9	0.0661	0.0067	0.1014	-916.92344	2.05394	False	ok
206164at33090	14	a_halleri	5..1	0.065	394.1	148.9	0.0349	0.0025	0.0718	-916.92344	2.05394	True	ok
206164at33090	14	a_thaliana	5..2	0.071	394.1	148.9	0.0661	0.0048	0.0731	-916.92344	2.05394	True	ok
206170at33090	15	c_grandiflora	4..3	0.083	514.4	181.6	0.0913	0.0077	0.0841	-1288.069157	1.64168	True	ok
206170at33090	15		4..5	0.101	514.4	181.6	0.0913	0.0093	0.1021	-1288.069157	1.64168	False	ok
206170at33090	15	a_halleri	5..1	0.068	514.4	181.6	0.1651	0.0098	0.0592	-1288.069157	1.64168	True	ok
206170at33090	15	a_thaliana	5..2	0.133	514.4	181.6	0.0913	0.0123	0.1348	-1288.069157	1.64168	True	ok
207179at33090	16	c_grandiflora	4..3	0.078	859.6	286.4	0.2257	0.014	0.0622	-2356.516506	1.38449	True	ok
207179at33090	16		4..5	0.07	859.6	286.4	0.2257	0.0126	0.056	-2356.516506	1.38449	False	ok
207179at33090	16	a_halleri	5..1	0.04	859.6	286.4	0.0398	0.0019	0.048	-2356.516506	1.38449	True	ok
207179at33090	16	a_thaliana	5..2	0.386	859.6	286.4	0.2257	0.0693	0.3072	-2356.516506	1.38449	True	ok
208706at33090	17	c_grandiflora	4..3	0.117	625.0	191.0	0.1161	0.014	0.121	-1472.98295	1.12389	True	ok
208706at33090	17		4..5	0.069	625.0	191.0	0.1161	0.0083	0.0714	-1472.98295	1.12389	False	ok
208706at33090	17	a_halleri	5..1	0.059	625.0	191.0	0.1412	0.0081	0.0574	-1472.98295	1.12389	True	ok
208706at33090	17	a_thaliana	5..2	0.073	625.0	191.0	0.1161	0.0087	0.0753	-1472.98295	1.12389	True	ok
208707at33090	18	c_grandiflora	4..3	0.175	315.0	114.0	0.2359	0.0314	0.1329	-872.495427	1.91167	True	ok
208707at33090	18		4..5	0.131	315.0	114.0	0.2359	0.0235	0.0996	-872.495427	1.91167	False	ok
208707at33090	18	a_halleri	5..1	0.115	315.0	114.0	0.154	0.0156	0.1015	-872.495427	1.91167	True	ok
208707at33090	18	a_thaliana	5..2	0.105	315.0	114.0	0.2359	0.0187	0.0794	-872.495427	1.91167	True	ok
208849at33090	19	c_grandiflora	4..3	0.109	253.4	82.6	0.1288	0.0137	0.1063	-637.916182	1.28982	True	ok
208849at33090	19		4..5	0.1	253.4	82.6	0.1288	0.0125	0.0972	-637.916182	1.28982	False	ok
208849at33090	19	a_halleri	5..1	0.069	253.4	82.6	0.1139	0.0079	0.0697	-637.916182	1.28982	True	ok
208849at33090	19	a_thaliana	5..2	0.11	253.4	82.6	0.1288	0.0138	0.1071	-637.916182	1.28982	True	ok
209015at33090	20	c_grandiflora	4..3	0.074	588.2	173.8	0.087	0.0073	0.0838	-1349.088564	1.64074	True	ok
209015at33090	20		4..5	0.13	588.2	173.8	0.087	0.0128	0.1473	-1349.088564	1.64074	False	ok
209015at33090	20	a_halleri	5..1	0.048	588.2	173.8	0.0001	0.0	0.0696	-1349.088564	1.64074	True	omega_boundary
209015at33090	20	a_thaliana	5..2	0.096	588.2	173.8	0.087	0.0094	0.108	-1349.088564	1.64074	True	ok
209301at33090	1	c_grandiflora	4..3	0.109	816.5	263.5	0.2723	0.0219	0.0806	-1996.50078	1.54479	True	ok
209301at33090	1		4..5	0.107	816.5	263.5	0.2723	0.0216	0.0794	-1996.50078	1.54479	False	ok
209301at33090	1	a_halleri	5..1	0.069	816.5	263.5	0.0899	0.0066	0.0733	-1996.50078	1.54479	True	ok
209301at33090	1	a_thaliana	5..2	0.064	816.5	263.5	0.2723	0.0128	0.0472	-1996.50078	1.54479	True	ok
209302at33090	2	c_grandiflora	4..3	0.165	588.6	215.4	0.2848	0.033	0.1157	-1560.654447	1.97751	True	ok
209302at33090	2		4..5	0.117	588.6	215.4	0.2848	0.0234	0.0822	-1560.654447	1.97751	False	ok
209302at33090	2	a_halleri	5..1	0.083	588.6	215.4	0.2061	0.0136	0.066	-1560.654447	1.97751	True	ok
209302at33090	2	a_thaliana	5..2	0.065	588.6	215.4	0.2848	0.013	0.0455	-1560.654447	1.97751	True	ok
209516at33090	3	c_grandiflora	4..3	0.11	562.4	163.6	0.112	0.0131	0.1173	-1281.846102	1.00746	True	ok
209516at33090	3		4..5	0.057	562.4	163.6	0.112	0.0068	0.0609	-1281.846102	1.00746	False	ok
209516at33090	3	a_halleri	5..1	0.048	562.4	163.6	0.1281	0.0063	0.0493	-1281.846102	1.00746	True	ok
209516at33090	3	a_thaliana	5..2	0.066	562.4	163.6	0.112	0.008	0.071	-1281.846102	1.00746	True	ok
210493at33090	4	c_grandiflora	4..3	0.104	348.2	71.8	0.034	0.0059	0.1733	-711.823344	0.62021	True	ok
210493at33090	4		4..5	0.091	348.2	71.8	0.034	0.0052	0.1527	-711.823344	0.62021	False	ok
210493at33090	4	a_halleri	5..1	0.024	348.2	71.8	0.0001	0.0	0.0468	-711.823344	0.62021	True	omega_boundary
210493at33090	4	a_thaliana	5..2	0.109	348.2	71.8	0.034	0.0062	0.1827	-711.823344	0.62021	True	ok
210551at33090	5	c_grandiflora	4..3	0.062	566.6	189.4	0.1097	0.0069	0.0626	-1367.229048	1.84629	True	ok
210551at33090	5		4..5	0.131	566.6	189.4	0.1097	0.0144	0.1311	-1367.229048	1.84629	False	ok
210551at33090	5	a_halleri	5..1	0.048	566.6	189.4	0.4223	0.0119	0.0283	-1367.229048	1.84629	True	ok
210551at33090	5	a_thaliana	5..2	0.093	566.6	189.4	0.1097	0.0102	0.0934	-1367.229048	1.84629	True	ok
210851at33090	6	c_grandiflora	4..3	0.124	432.7	152.3	0.1301	0.0151	0.1163	-1101.903275	3.60463	True	ok
210851at33090	6		4..5	0.171	432.7	152.3	0.1301	0.0208	0.1597	-1101.903275	3.60463	False	ok
210851at33090	6	a_halleri	5..1	0.092	432.7	152.3	0.165	0.0132	0.0799	-1101.903275	3.60463	True	ok
210851at33090	6	a_thaliana	5..2	0.066	432.7	152.3	0.1301	0.0081	0.062	-1101.903275	3.60463	True	ok
21163at33090	7	c_grandiflora	4..3	0.058	2194.8	679.2	0.2557	0.0114	0.0447	-5192.711089	1.61148	True	ok
21163at33090	7		4..5	0.091	2194.8	679.2	0.2557	0.018	0.0702	-5192.711089	1.61148	False	ok
21163at33090	7	a_halleri	5..1	0.069	2194.8	679.2	0.1298	0.0089	0.0685	-5192.711089	1.61148	True	ok
21163at33090	7	a_thaliana	5..2	0.083	2194.8	679.2	0.2557	0.0164	0.0641	-5192.711089	1.61148	True	ok
211645at33090	8	c_grandiflora	4..3	0.157	453.6	134.4	0.07	0.013	0.1856	-1042.420152	2.20903	True	ok
211645at33090	8		4..5	0.074	453.6	134.4	0.07	0.0061	0.0871	-1042.420152	2.20903	False	ok
211645at33090	8	a_halleri	5..1	0.046	453.6	134.4	0.3933	0.0112	0.0286	-1042.420152	2.20903	True	ok
211645at33090	8	a_thaliana	5..2	0.07	453.6	134.4	0.07	0.0058	0.0824	-1042.420152	2.20903	True	ok
212331at33090	9	c_grandiflora	4..3	0.094	793.9	319.1	0.1119	0.0096	0.0853	-1975.77225	2.42735	True	ok
212331at33090	9		4..5	0.097	793.9	319.1	0.1119	0.0098	0.0878	-1975.77225	2.42735	False	ok
212331at33090	9	a_halleri	5..1	0.072	793.9	319.1	0.0502	0.0037	0.0744	-1975.77225	2.42735	True	ok
212331at33090	9	a_thaliana	5..2	0.063	793.9	319.1	0.1119	0.0064	0.0574	-1975.77225	2.42735	True	ok
212845at33090	10	c_grandiflora	4..3	0.136	597.2	239.8	0.1523	0.0175	0.115	-1646.524986	2.61675	True	ok
212845at33090	10		4..5	0.125	597.2	239.8	0.1523	0.0161	0.1056	-1646.524986	2.61675	False	ok
212845at33090	10	a_halleri	5..1	0.096	597.2	239.8	0.0865	0.0079	0.0917	-1646.524986	2.61675	True	ok
212845at33090	10	a_thaliana	5..2	0.126	597.2	239.8	0.1523	0.0162	0.1062	-1646.524986	2.61675	True	ok
213827at33090	11	c_grandiflora	4..3	0.15	483.7	185.3	0.1747	0.0216	0.1237	-1298.890856	2.12394	True	ok
213827at33090	11		4..5	0.104	483.7	185.3	0.1747	0.0151	0.0862	-1298.890856	2.12394	False	ok
213827at33090	11	a_halleri	5..1	0.089	483.7	185.3	0.1444	0.0113	0.0781	-1298.890856	2.12394	True	ok
213827at33090	11	a_thaliana	5..2	0.11	483.7	185.3	0.1747	0.0159	0.0908	-1298.890856	2.12394	True	ok
213828at33090	12	c_grandiflora	4..3	0.145	415.3	169.7	0.0885	0.0121	0.1371	-1116.514016	2.28946	True	ok
213828at33090	12		4..5	0.129	415.3	169.7	0.0885	0.0108	0.1217	-1116.514016	2.28946	False	ok
213828at33090	12	a_halleri	5..1	0.081	415.3	169.7	0.0978	0.0073	0.0747	-1116.514016	2.28946	True	ok
213828at33090	12	a_thaliana	5..2	0.119	415.3	169.7	0.0885	0.0099	0.1122	-1116.514016	2.28946	True	ok
214313at33090	13	c_grandiflora	4..3	0.128	424.1	91.9	0.1	0.0163	0.1633	-998.682049	1.22917	True	ok
214313at33090	13		4..5	0.135	424.1	91.9	0.1	0.0173	0.1728	-998.682049	1.22917	False	ok
214313at33090	13	a_halleri	5..1	0.115	424.1	91.9	0.4834	0.0321	0.0665	-998.682049	1.22917	True	ok
214313at33090	13	a_thaliana	5..2	0.104	424.1	91.9	0.1	0.0133	0.1331	-998.682049	1.22917	True	ok
215062at33090	14	c_grandiflora	4..3	0.119	492.0	162.0	0.1503	0.0165	0.1101	-1253.391021	1.59674	True	ok
215062at33090	14		4..5	0.094	492.0	162.0	0.1503	0.013	0.0865	-1253.391021	1.59674	False	ok
215062at33090	14	a_halleri	5..1	0.129	492.0	162.0	0.2159	0.0227	0.1051	-1253.391021	1.59674	True	ok
215062at33090	14	a_thaliana	5..2	0.101	492.0	162.0	0.1503	0.0141	0.0937	-1253.391021	1.59674	True	ok
215487at33090	15	c_grandiflora	4..3	0.154	293.8	114.2	0.2183	0.0256	0.1171	-821.218186	1.79344	True	ok
215487at33090	15		4..5	0.099	293.8	114.2	0.2183	0.0165	0.0757	-821.218186	1.79344	False	ok
215487at33090	15	a_halleri	5..1	0.112	293.8	114.2	0.1091	0.0113	0.1038	-821.218186	1.79344	True	ok
215487at33090	15	a_thaliana	5..2	0.16	293.8	114.2	0.2183	0.0267	0.1221	-821.218186	1.79344	True	ok
215817at33090	16	c_grandiflora	4..3	0.103	864.7	281.3	0.0808	0.0091	0.1125	-2037.366324	1.43103	True	ok
215817at33090	16		4..5	0.117	864.7	281.3	0.0808	0.0103	0.1271	-2037.366324	1.43103	False	ok
215817at33090	16	a_halleri	5..1	0.036	864.7	281.3	0.1322	0.0045	0.0343	-2037.366324	1.43103	True	ok
215817at33090	16	a_thaliana	5..2	0.088	864.7	281.3	0.0808	0.0078	0.0962	-2037.366324	1.43103	True	ok
216228at33090	17	c_grandiflora	4..3	0.054	551.5	204.5	0.1543	0.0073	0.0473	-1379.87456	1.73038	True	ok
216228at33090	17		4..5	0.1	551.5	204.5	0.1543	0.0134	0.0869	-1379.87456	1.73038	False	ok
216228at33090	17	a_halleri	5..1	0.093	551.5	204.5	0.0627	0.0061	0.0975	-1379.87456	1.73038	True	ok
216228at33090	17	a_thaliana	5..2	0.089	551.5	204.5	0.1543	0.012	0.0777	-1379.87456	1.73038	True	ok
216601at33090	18	c_grandiflora	4..3	0.117	459.5	134.5	0.1499	0.0171	0.1139	-1108.649403	1.88932	True	ok
216601at33090	18		4..5	0.073	459.5	134.5	0.1499	0.0106	0.0709	-1108.649403	1.88932	False	ok
216601at33090	18	a_halleri	5..1	0.077	459.5	134.5	0.2328	0.0147	0.0634	-1108.649403	1.88932	True	ok
216601at33090	18	a_thaliana	5..2	0.095	459.5	134.5	0.1499	0.0139	0.0925	-1108.649403	1.88932	True	ok
217014at33090	19	c_grandiflora	4..3	0.14	651.6	236.4	0.2104	0.0233	0.1106	-1780.989187	2.24783	True	ok
217014at33090	19		4..5	0.138	651.6	236.4	0.2104	0.0229	0.109	-1780.989187	2.24783	False	ok
217014at33090	19	a_halleri	5..1	0.087	651.6	236.4	0.2996	0.0179	0.0596	-1780.989187	2.24783	True	ok
217014at33090	19	a_thaliana	5..2	0.124	651.6	236.4	0.2104	0.0207	0.0984	-1780.989187	2.24783	True	ok
21751at33090	20	c_grandiflora	4..3	0.078	2307.9	893.1	0.1811	0.0116	0.0638	-5460.077192	3.0533	True	ok
21751at33090	20		4..5	0.064	2307.9	893.1	0.1811	0.0094	0.0522	-5460.077192	3.0533	False	ok
21751at33090	20	a_halleri	5..1	0.044	2307.9	893.1	0.1104	0.0045	0.041	-5460.077192	3.0533	True	ok
21751at33090	20	a_thaliana	5..2	0.049	2307.9	893.1	0.1811	0.0073	0.0403	-5460.077192	3.0533	True	ok
21857at33090	1	c_grandiflora	4..3	0.088	1660.7	550.3	0.1612	0.0128	0.0793	-4015.965851	2.31111	True	ok
21857at33090	1		4..5	0.119	1660.7	550.3	0.1612	0.0174	0.1076	-4015.965851	2.31111	False	ok
21857at33090	1	a_halleri	5..1	0.059	1660.7	550.3	0.1664	0.0087	0.0524	-4015.965851	2.31111	True	ok
21857at33090	1	a_thaliana	5..2	0.071	1660.7	550.3	0.1612	0.0103	0.0642	-4015.965851	2.31111	True	ok
218947at33090	2	c_grandiflora	4..3	0.153	272.8	84.2	0.0692	0.0122	0.1769	-639.972012	2.2417	True	ok
218947at33090	2		4..5	0.117	272.8	84.2	0.0692	0.0094	0.1353	-639.972012	2.2417	False	ok
218947at33090	2	a_halleri	5..1	0.09	272.8	84.2	0.0712	0.0073	0.1028	-639.972012	2.2417	True	ok
218947at33090	2	a_thaliana	5..2	0.064	272.8	84.2	0.0692	0.0051	0.0742	-639.972012	2.2417	True	ok
219128at33090	3	c_grandiflora	4..3	0.099	253.1	88.9	0.1059	0.0103	0.0974	-650.002382	2.633	True	ok
219128at33090	3		4..5	0.15	253.1	88.9	0.1059	0.0157	0.1479	-650.002382	2.633	False	ok
219128at33090	3	a_halleri	5..1	0.061	253.1	88.9	0.1948	0.0097	0.0499	-650.002382	2.633	True	ok
219128at33090	3	a_thaliana	5..2	0.128	253.1	88.9	0.1059	0.0134	0.1262	-650.002382	2.633	True	ok
219839at33090	4	c_grandiflora	4..3	0.091	378.1	131.9	0.0453	0.0047	0.1039	-881.353074	1.79196	True	ok
219839at33090	4		4..5	0.052	378.1	131.9	0.0453	0.0027	0.0589	-881.353074	1.79196	False	ok
219839at33090	4	a_halleri	5..1	0.049	378.1	131.9	0.1109	0.0053	0.0479	-881.353074	1.79196	True	ok
219839at33090	4	a_thaliana	5..2	0.065	378.1	131.9	0.0453	0.0034	0.0746	-881.353074	1.79196	True	ok
220316at33090	5	c_grandiflora	4..3	0.061	561.1	194.9	0.2277	0.0108	0.0475	-1418.339316	2.09203	True	ok
220316at33090	5		4..5	0.136	561.1	194.9	0.2277	0.0241	0.1059	-1418.339316	2.09203	False	ok
220316at33090	5	a_halleri	5..1	0.082	561.1	194.9	0.1129	0.009	0.08	-1418.339316	2.09203	True	ok
220316at33090	5	a_thaliana	5..2	0.086	561.1	194.9	0.2277	0.0153	0.0673	-1418.339316	2.09203	True	ok
220587at33090	6	c_grandiflora	4..3	0.083	632.9	207.1	0.2129	0.0145	0.0682	-1570.410306	1.83133	True	ok
220587at33090	6		4..5	0.148	632.9	207.1	0.2129	0.0258	0.1209	-1570.410306	1.83133	False	ok
220587at33090	6	a_halleri	5..1	0.083	632.9	207.1	0.1324	0.0106	0.0798	-1570.410306	1.83133	True	ok
220587at33090	6	a_thaliana	5..2	0.062	632.9	207.1	0.2129	0.0108	0.0505	-1570.410306	1.83133	True	ok
220589at33090	7	c_grandiflora	4..3	0.137	1082.6	375.4	0.2147	0.0236	0.1098	-2893.614198	2.63454	True	ok
220589at33090	7		4..5	0.117	1082.6	375.4	0.2147	0.0201	0.0934	-2893.614198	2.63454	False	ok
220589at33090	7	a_halleri	5..1	0.081	1082.6	375.4	0.5467	0.0222	0.0405	-2893.614198	2.63454	True	ok
220589at33090	7	a_thaliana	5..2	0.132	1082.6	375.4	0.2147	0.0227	0.1056	-2893.614198	2.63454	True	ok
22109at33090	8	c_grandiflora	4..3	0.126	1591.5	553.5	0.1262	0.015	0.119	-3939.605124	2.18756	True	ok
22109at33090	8		4..5	0.096	1591.5	553.5	0.1262	0.0115	0.091	-3939.605124	2.18756	False	ok
22109at33090	8	a_halleri	5..1	0.073	1591.5	553.5	0.0825	0.0063	0.0765	-3939.605124	2.18756	True	ok
22109at33090	8	a_thaliana	5..2	0.08	1591.5	553.5	0.1262	0.0095	0.0754	-3939.605124	2.18756	True	ok
223902at33090	9	c_grandiflora	4..3	0.126	326.5	111.5	0.0889	0.0116	0.1309	-792.167984	2.71637	True	ok
223902at33090	9		4..5	0.159	326.5	111.5	0.0889	0.0146	0.1648	-792.167984	2.71637	False	ok
223902at33090	9	a_halleri	5..1	0.088	326.5	111.5	0.2249	0.0156	0.0695	-792.167984	2.71637	True	ok
223902at33090	9	a_thaliana	5..2	0.059	326.5	111.5	0.0889	0.0054	0.0611	-792.167984	2.71637	True	ok
225336at33090	10	c_grandiflora	4..3	0.148	483.5	182.5	0.1987	0.0235	0.1181	-1314.577102	1.65776	True	ok
225336at33090	10		4..5	0.124	483.5	182.5	0.1987	0.0196	0.0988	-1314.577102	1.65776	False	ok
225336at33090	10	a_halleri	5..1	0.048	483.5	182.5	0.2098	0.0079	0.0378	-1314.577102	1.65776	True	ok
225336at33090	10	a_thaliana	5..2	0.132	483.5	182.5	0.1987	0.0209	0.1052	-1314.577102	1.65776	True	ok
22618at33090	11	c_grandiflora	4..3	0.058	1797.5	629.5	0.1879	0.0092	0.0488	-4262.11366	2.66035	True	ok
22618at33090	11		4..5	0.076	1797.5	629.5	0.1879	0.012	0.0638	-4262.11366	2.66035	False	ok
22618at33090	11	a_halleri	5..1	0.04	1797.5	629.5	0.2884	0.0082	0.0285	-4262.11366	2.66035	True	ok
22618at33090	11	a_thaliana	5..2	0.088	1797.5	629.5	0.1879	0.0138	0.0733	-4262.11366	2.66035	True	ok
227848at33090	12	c_grandiflora	4..3	0.09	571.2	184.8	0.1603	0.0131	0.0819	-1321.327873	1.46972	True	ok
227848at33090	12		4..5	0.097	571.2	184.8	0.1603	0.0141	0.0882	-1321.327873	1.46972	False	ok
227848at33090	12	a_halleri	5..1	0.078	571.2	184.8	0.2273	0.0142	0.0624	-1321.327873	1.46972	True	ok
227848at33090	12	a_thaliana	5..2	0.048	571.2	184.8	0.1603	0.0071	0.0441	-1321.327873	1.46972	True	ok
228201at33090	13	c_grandiflora	4..3	0.099	738.4	269.6	0.2117	0.0165	0.0781	-1921.632227	1.73996	True	ok
228201at33090	13		4..5	0.06	738.4	269.6	0.2117	0.0101	0.0476	-1921.632227	1.73996	False	ok
228201at33090	13	a_halleri	5..1	0.072	738.4	269.6	0.2704	0.014	0.0518	-1921.632227	1.73996	True	ok
228201at33090	13	a_thaliana	5..2	0.159	738.4	269.6	0.2117	0.0265	0.1252	-1921.632227	1.73996	True	ok
22958at33090	14	c_grandiflora	4..3	0.056	2049.9	680.1	0.1163	0.0064	0.0554	-4635.878669	1.72333	True	ok
22958at33090	14		4..5	0.099	2049.9	680.1	0.1163	0.0114	0.0982	-4635.878669	1.72333	False	ok
22958at33090	14	a_halleri	5..1	0.049	2049.9	680.1	0.1096	0.0054	0.0492	-4635.878669	1.72333	True	ok
22958at33090	14	a_thaliana	5..2	0.046	2049.9	680.1	0.1163	0.0052	0.0451	-4635.878669	1.72333	True	ok
229764at33090	15	c_grandiflora	4..3	0.054	841.7	301.3	0.1308	0.0066	0.0502	-2089.922506	1.78236	True	ok
229764at33090	15		4..5	0.106	841.7	301.3	0.1308	0.0129	0.0986	-2089.922506	1.78236	False	ok
229764at33090	15	a_halleri	5..1	0.079	841.7	301.3	0.1332	0.0096	0.0724	-2089.922506	1.78236	True	ok
229764at33090	15	a_thaliana	5..2	0.092	841.7	301.3	0.1308	0.0112	0.0856	-2089.922506	1.78236	True	ok
229778at33090	16	c_grandiflora	4..3	0.214	383.0	166.0	0.2095	0.0334	0.1592	-1115.880664	2.16323	True	ok
229778at33090	16		4..5	0.158	383.0	166.0	0.2095	0.0246	0.1174	-1115.880664	2.16323	False	ok
229778at33090	16	a_halleri	5..1	0.076	383.0	166.0	0.1307	0.0085	0.0648	-1115.880664	2.16323	True	ok
229778at33090	16	a_thaliana	5..2	0.123	383.0	166.0	0.2095	0.0192	0.0915	-1115.880664	2.16323	True	ok
229782at33090	17	c_grandiflora	4..3	0.214	369.8	125.2	0.408	0.0521	0.1276	-1073.468294	1.79617	True	ok
229782at33090	17		4..5	0.187	369.8	125.2	0.408	0.0456	0.1118	-1073.468294	1.79617	False	ok
229782at33090	17	a_halleri	5..1	0.12	369.8	125.2	1.0211	0.0401	0.0393	-1073.468294	1.79617	True	ok
229782at33090	17	a_thaliana	5..2	0.104	369.8	125.2	0.408	0.0254	0.0623	-1073.468294	1.79617	True	ok
230103at33090	18	c_grandiflora	4..3	0.058	1069.9	361.1	0.1348	0.0073	0.0543	-2548.892955	1.6043	True	ok
230103at33090	18		4..5	0.127	1069.9	361.1	0.1348	0.0161	0.1197	-2548.892955	1.6043	False	ok
230103at33090	18	a_halleri	5..1	0.045	1069.9	361.1	0.112	0.005	0.0446	-2548.892955	1.6043	True	ok
230103at33090	18	a_thaliana	5..2	0.068	1069.9	361.1	0.1348	0.0087	0.0643	-2548.892955	1.6043	True	ok
231151at33090	19	c_grandiflora	4..3	0.122	699.2	230.8	0.2406	0.0229	0.0951	-1666.439139	2.31496	True	ok
231151at33090	19		4..5	0.046	699.2	230.8	0.2406	0.0085	0.0354	-1666.439139	2.31496	False	ok
231151at33090	19	a_halleri	5..1	0.054	699.2	230.8	0.2974	0.0113	0.0381	-1666.439139	2.31496	True	ok
231151at33090	19	a_thaliana	5..2	0.079	699.2	230.8	0.2406	0.0148	0.0614	-1666.439139	2.31496	True	ok
231707at33090	20	c_grandiflora	4..3	0.093	607.4	208.6	0.131	0.0115	0.0878	-1484.735093	1.79524	True	ok
231707at33090	20		4..5	0.104	607.4	208.6	0.131	0.0128	0.098	-1484.735093	1.79524	False	ok
231707at33090	20	a_halleri	5..1	0.069	607.4	208.6	0.0938	0.0067	0.0709	-1484.735093	1.79524	True	ok
231707at33090	20	a_thaliana	5..2	0.076	607.4	208.6	0.131	0.0094	0.072	-1484.735093	1.79524	True	ok
233744at33090	1	c_grandiflora	4..3	0.148	390.6	143.4	0.1978	0.0237	0.1197	-1008.127525	2.60788	True	ok
233744at33090	1		4..5	0.115	390.6	143.4	0.1978	0.0183	0.0925	-1008.127525	2.60788	False	ok
233744at33090	1	a_halleri	5..1	0.047	390.6	143.4	0.2107	0.0077	0.0368	-1008.127525	2.60788	True	ok
233744at33090	1	a_thaliana	5..2	0.093	390.6	143.4	0.1978	0.0149	0.0754	-1008.127525	2.60788	True	ok
23444at33090	2	c_grandiflora	4..3	0.061	1679.9	507.1	0.2048	0.0107	0.0523	-3850.059206	2.27936	True	ok
23444at33090	2		4..5	0.081	1679.9	507.1	0.2048	0.0142	0.0692	-3850.059206	2.27936	False	ok
23444at33090	2	a_halleri	5..1	0.063	1679.9	507.1	0.1311	0.0083	0.063	-3850.059206	2.27936	True	ok
23444at33090	2	a_thaliana	5..2	0.068	1679.9	507.1	0.2048	0.012	0.0585	-3850.059206	2.27936	True	ok
23853at33090	3	c_grandiflora	4..3	0.067	2009.2	720.8	0.132	0.0082	0.0622	-4788.9782	2.47986	True	ok
23853at33090	3		4..5	0.081	2009.2	720.8	0.132	0.0099	0.075	-4788.9782	2.47986	False	ok
23853at33090	3	a_halleri	5..1	0.046	2009.2	720.8	0.2295	0.0081	0.0354	-4788.9782	2.47986	True	ok
23853at33090	3	a_thaliana	5..2	0.079	2009.2	720.8	0.132	0.0096	0.0727	-4788.9782	2.47986	True	ok
24838at33090	4	c_grandiflora	4..3	0.059	2099.2	675.8	0.1599	0.0086	0.0538	-4913.865471	1.97938	True	ok
24838at33090	4		4..5	0.115	2099.2	675.8	0.1599	0.0169	0.1054	-4913.865471	1.97938	False	ok
24838at33090	4	a_halleri	5..1	0.051	2099.2	675.8	0.1403	0.0068	0.0487	-4913.865471	1.97938	True	ok
24838at33090	4	a_thaliana	5..2	0.068	2099.2	675.8	0.1599	0.01	0.0625	-4913.865471	1.97938	True	ok
24at33090	5	c_grandiflora	4..3	0.076	11341.4	3868.6	0.1417	0.0099	0.0702	-25927.015365	2.15246	True	ok
24at33090	5		4..5	0.09	11341.4	3868.6	0.1417	0.0118	0.0834	-25927.015365	2.15246	False	ok
24at33090	5	a_halleri	5..1	0.031	11341.4	3868.6	0.2178	0.0054	0.025	-25927.015365	2.15246	True	ok
24at33090	5	a_thaliana	5..2	0.04	11341.4	3868.6	0.1417	0.0052	0.0367	-25927.015365	2.15246	True	ok
25435at33090	6	c_grandiflora	4..3	0.104	2172.2	656.8	0.1602	0.0157	0.098	-5053.69972	1.6301	True	ok
25435at33090	6		4..5	0.076	2172.2	656.8	0.1602	0.0115	0.0717	-5053.69972	1.6301	False	ok
25435at33090	6	a_halleri	5..1	0.048	2172.2	656.8	0.16	0.0072	0.0452	-5053.69972	1.6301	True	ok
25435at33090	6	a_thaliana	5..2	0.073	2172.2	656.8	0.1602	0.011	0.0684	-5053.69972	1.6301	True	ok
255at33090	7	c_grandiflora	4..3	0.079	5732.7	1980.3	0.0971	0.0078	0.0799	-13075.302893	2.25057	True	ok
255at33090	7		4..5	0.102	5732.7	1980.3	0.0971	0.0101	0.1037	-13075.302893	2.25057	False	ok
255at33090	7	a_halleri	5..1	0.028	5732.7	1980.3	0.1067	0.003	0.0279	-13075.302893	2.25057	True	ok
255at33090	7	a_thaliana	5..2	0.046	5732.7	1980.3	0.0971	0.0045	0.0465	-13075.302893	2.25057	True	ok
26868at33090	8	c_grandiflora	4..3	0.107	1553.9	540.1	0.2257	0.0189	0.0835	-3942.668396	2.48534	True	ok
26868at33090	8		4..5	0.092	1553.9	540.1	0.2257	0.0163	0.0724	-3942.668396	2.48534	False	ok
26868at33090	8	a_halleri	5..1	0.072	1553.9	540.1	0.2178	0.0125	0.0574	-3942.668396	2.48534	True	ok
26868at33090	8	a_thaliana	5..2	0.098	1553.9	540.1	0.2257	0.0173	0.0765	-3942.668396	2.48534	True	ok
27237at33090	9	c_grandiflora	4..3	0.054	1793.6	615.4	0.1661	0.0079	0.0476	-4201.158461	1.92739	True	ok
27237at33090	9		4..5	0.088	1793.6	615.4	0.1661	0.0129	0.0777	-4201.158461	1.92739	False	ok
27237at33090	9	a_halleri	5..1	0.048	1793.6	615.4	0.153	0.0066	0.043	-4201.158461	1.92739	True	ok
27237at33090	9	a_thaliana	5..2	0.066	1793.6	615.4	0.1661	0.0096	0.0579	-4201.158461	1.92739	True	ok
27607at33090	10	c_grandiflora	4..3	0.079	1532.3	555.7	0.0645	0.0054	0.0839	-3445.024969	2.23535	True	ok
27607at33090	10		4..5	0.049	1532.3	555.7	0.0645	0.0034	0.0523	-3445.024969	2.23535	False	ok
27607at33090	10	a_halleri	5..1	0.038	1532.3	555.7	0.034	0.0015	0.0431	-3445.024969	2.23535	True	ok
27607at33090	10	a_thaliana	5..2	0.042	1532.3	555.7	0.0645	0.0029	0.0451	-3445.024969	2.23535	True	ok
28920at33090	11	c_grandiflora	4..3	0.076	1787.7	606.3	0.1382	0.0098	0.071	-4152.377805	2.10683	True	ok
28920at33090	11		4..5	0.08	1787.7	606.3	0.1382	0.0104	0.075	-4152.377805	2.10683	False	ok
28920at33090	11	a_halleri	5..1	0.045	1787.7	606.3	0.1117	0.005	0.0449	-4152.377805	2.10683	True	ok
28920at33090	11	a_thaliana	5..2	0.062	1787.7	606.3	0.1382	0.008	0.0582	-4152.377805	2.10683	True	ok
31855at33090	12	c_grandiflora	4..3	0.027	1560.1	602.9	0.1732	0.0039	0.0227	-3841.663812	1.8745	True	ok
31855at33090	12		4..5	0.101	1560.1	602.9	0.1732	0.0144	0.0832	-3841.663812	1.8745	False	ok
31855at33090	12	a_halleri	5..1	0.056	1560.1	602.9	0.1306	0.0066	0.0502	-3841.663812	1.8745	True	ok
31855at33090	12	a_thaliana	5..2	0.091	1560.1	602.9	0.1732	0.0131	0.0754	-3841.663812	1.8745	True	ok
32730at33090	13	c_grandiflora	4..3	0.05	1391.4	396.6	0.0708	0.0043	0.0603	-3087.429997	1.48121	True	ok
32730at33090	13		4..5	0.127	1391.4	396.6	0.0708	0.0108	0.1527	-3087.429997	1.48121	False	ok
32730at33090	13	a_halleri	5..1	0.063	1391.4	396.6	0.1798	0.0105	0.0585	-3087.429997	1.48121	True	ok
32730at33090	13	a_thaliana	5..2	0.044	1391.4	396.6	0.0708	0.0037	0.0524	-3087.429997	1.48121	True	ok
32923at33090	14	c_grandiflora	4..3	0.093	1564.6	505.4	0.2753	0.0189	0.0688	-3799.188079	1.95512	True	ok
32923at33090	14		4..5	0.135	1564.6	505.4	0.2753	0.0274	0.0995	-3799.188079	1.95512	False	ok
32923at33090	14	a_halleri	5..1	0.048	1564.6	505.4	0.1786	0.0076	0.0425	-3799.188079	1.95512	True	ok
32923at33090	14	a_thaliana	5..2	0.061	1564.6	505.4	0.2753	0.0123	0.0447	-3799.188079	1.95512	True	ok
33264at33090	15	c_grandiflora	4..3	0.096	1347.4	467.6	0.1338	0.0121	0.0901	-3388.926116	2.83081	True	ok
33264at33090	15		4..5	0.106	1347.4	467.6	0.1338	0.0132	0.0988	-3388.926116	2.83081	False	ok
33264at33090	15	a_halleri	5..1	0.083	1347.4	467.6	0.3587	0.0189	0.0527	-3388.926116	2.83081	True	ok
33264at33090	15	a_thaliana	5..2	0.091	1347.4	467.6	0.1338	0.0114	0.085	-3388.926116	2.83081	True	ok
34517at33090	16	c_grandiflora	4..3	0.109	1766.4	714.6	0.1014	0.0103	0.1011	-4387.974042	2.49252	True	ok
34517at33090	16		4..5	0.058	1766.4	714.6	0.1014	0.0055	0.0539	-4387.974042	2.49252	False	ok
34517at33090	16	a_halleri	5..1	0.058	1766.4	714.6	0.0701	0.004	0.0568	-4387.974042	2.49252	True	ok
34517at33090	16	a_thaliana	5..2	0.079	1766.4	714.6	0.1014	0.0074	0.073	-4387.974042	2.49252	True	ok
35499at33090	17	c_grandiflora	4..3	0.063	1560.0	561.0	0.1397	0.008	0.0573	-3586.52044	3.69721	True	ok
35499at33090	17		4..5	0.06	1560.0	561.0	0.1397	0.0076	0.0546	-3586.52044	3.69721	False	ok
35499at33090	17	a_halleri	5..1	0.054	1560.0	561.0	0.1303	0.0066	0.0503	-3586.52044	3.69721	True	ok
35499at33090	17	a_thaliana	5..2	0.049	1560.0	561.0	0.1397	0.0062	0.0441	-3586.52044	3.69721	True	ok
35887at33090	18	c_grandiflora	4..3	0.122	1940.9	600.1	0.3822	0.0294	0.0769	-4864.145502	1.81205	True	ok
35887at33090	18		4..5	0.141	1940.9	600.1	0.3822	0.0339	0.0888	-4864.145502	1.81205	False	ok
35887at33090	18	a_halleri	5..1	0.057	1940.9	600.1	0.2004	0.0098	0.049	-4864.145502	1.81205	True	ok
35887at33090	18	a_thaliana	5..2	0.078	1940.9	600.1	0.3822	0.0188	0.0491	-4864.145502	1.81205	True	ok
36284at33090	19	c_grandiflora	4..3	0.064	1708.9	610.1	0.0559	0.0039	0.0699	-3941.535388	2.05477	True	ok
36284at33090	19		4..5	0.062	1708.9	610.1	0.0559	0.0038	0.0678	-3941.535388	2.05477	False	ok
36284at33090	19	a_halleri	5..1	0.041	1708.9	610.1	0.1256	0.0048	0.0385	-3941.535388	2.05477	True	ok
36284at33090	19	a_thaliana	5..2	0.078	1708.9	610.1	0.0559	0.0048	0.0852	-3941.535388	2.05477	True	ok
37663at33090	20	c_grandiflora	4..3	0.124	1452.8	551.2	0.1447	0.0157	0.1088	-3568.77006	2.47282	True	ok
37663at33090	20		4..5	0.074	1452.8	551.2	0.1447	0.0093	0.0646	-3568.77006	2.47282	False	ok
37663at33090	20	a_halleri	5..1	0.053	1452.8	551.2	0.0952	0.0049	0.0514	-3568.77006	2.47282	True	ok
37663at33090	20	a_thaliana	5..2	0.071	1452.8	551.2	0.1447	0.009	0.0621	-3568.77006	2.47282	True	ok
37699at33090	1	c_grandiflora	4..3	0.116	1882.8	592.2	0.3376	0.0263	0.0778	-4774.521995	1.94472	True	ok
37699at33090	1		4..5	0.062	1882.8	592.2	0.3376	0.0141	0.0418	-4774.521995	1.94472	False	ok
37699at33090	1	a_halleri	5..1	0.063	1882.8	592.2	0.3953	0.0153	0.0387	-4774.521995	1.94472	True	ok
37699at33090	1	a_thaliana	5..2	0.161	1882.8	592.2	0.3376	0.0366	0.1083	-4774.521995	1.94472	True	ok
39913at33090	2	c_grandiflora	4..3	0.067	1628.5	594.5	0.0533	0.0039	0.0729	-3691.090814	2.50822	True	ok
39913at33090	2		4..5	0.089	1628.5	594.5	0.0533	0.0052	0.0973	-3691.090814	2.50822	False	ok
39913at33090	2	a_halleri	5..1	0.024	1628.5	594.5	0.1937	0.0037	0.0192	-3691.090814	2.50822	True	ok
39913at33090	2	a_thaliana	5..2	0.057	1628.5	594.5	0.0533	0.0033	0.0623	-3691.090814	2.50822	True	ok
4034at33090	3	c_grandiflora	4..3	0.085	3101.6	1044.4	0.187	0.0135	0.0721	-7358.970503	2.34336	True	ok
4034at33090	3		4..5	0.104	3101.6	1044.4	0.187	0.0166	0.0887	-7358.970503	2.34336	False	ok
4034at33090	3	a_halleri	5..1	0.045	3101.6	1044.4	0.1621	0.0065	0.0399	-7358.970503	2.34336	True	ok
4034at33090	3	a_thaliana	5..2	0.06	3101.6	1044.4	0.187	0.0096	0.0514	-7358.970503	2.34336	True	ok
40630at33090	4	c_grandiflora	4..3	0.04	1761.2	599.8	0.1401	0.0053	0.0375	-4043.534618	2.39565	True	ok
40630at33090	4		4..5	0.117	1761.2	599.8	0.1401	0.0153	0.109	-4043.534618	2.39565	False	ok
40630at33090	4	a_halleri	5..1	0.05	1761.2	599.8	0.1982	0.0083	0.0418	-4043.534618	2.39565	True	ok
40630at33090	4	a_thaliana	5..2	0.055	1761.2	599.8	0.1401	0.0072	0.0511	-4043.534618	2.39565	True	ok
41146at33090	5	c_grandiflora	4..3	0.098	1404.0	468.0	0.1262	0.0119	0.0944	-3369.912925	2.20127	True	ok
41146at33090	5		4..5	0.116	1404.0	468.0	0.1262	0.0141	0.1118	-3369.912925	2.20127	False	ok
41146at33090	5	a_halleri	5..1	0.061	1404.0	468.0	0.1342	0.0078	0.058	-3369.912925	2.20127	True	ok
41146at33090	5	a_thaliana	5..2	0.054	1404.0	468.0	0.1262	0.0066	0.0521	-3369.912925	2.20127	True	ok
4115at33090	6	c_grandiflora	4..3	0.042	2478.8	839.2	0.1839	0.0066	0.0358	-5620.704816	2.72877	True	ok
4115at33090	6		4..5	0.071	2478.8	839.2	0.1839	0.0112	0.0608	-5620.704816	2.72877	False	ok
4115at33090	6	a_halleri	5..1	0.049	2478.8	839.2	0.1191	0.0057	0.0479	-5620.704816	2.72877	True	ok
4115at33090	6	a_thaliana	5..2	0.058	2478.8	839.2	0.1839	0.0091	0.0495	-5620.704816	2.72877	True	ok
41244at33090	7	c_grandiflora	4..3	0.102	1295.5	462.5	0.1048	0.0105	0.1003	-3089.430419	2.26269	True	ok
41244at33090	7		4..5	0.074	1295.5	462.5	0.1048	0.0076	0.0726	-3089.430419	2.26269	False	ok
41244at33090	7	a_halleri	5..1	0.055	1295.5	462.5	0.1003	0.0055	0.0548	-3089.430419	2.26269	True	ok
41244at33090	7	a_thaliana	5..2	0.057	1295.5	462.5	0.1048	0.0058	0.0555	-3089.430419	2.26269	True	ok
42407at33090	8	c_grandiflora	4..3	0.073	1288.1	373.9	0.2072	0.0131	0.0632	-3025.898133	1.71461	True	ok
42407at33090	8		4..5	0.08	1288.1	373.9	0.2072	0.0143	0.0691	-3025.898133	1.71461	False	ok
42407at33090	8	a_halleri	5..1	0.048	1288.1	373.9	0.2862	0.0102	0.0357	-3025.898133	1.71461	True	ok
42407at33090	8	a_thaliana	5..2	0.122	1288.1	373.9	0.2072	0.0218	0.1052	-3025.898133	1.71461	True	ok
43683at33090	9	c_grandiflora	4..3	0.122	1472.9	495.1	0.1808	0.0189	0.1047	-3568.015458	1.9853	True	ok
43683at33090	9		4..5	0.08	1472.9	495.1	0.1808	0.0125	0.0692	-3568.015458	1.9853	False	ok
43683at33090	9	a_halleri	5..1	0.049	1472.9	495.1	0.2406	0.0091	0.0377	-3568.015458	1.9853	True	ok
43683at33090	9	a_thaliana	5..2	0.07	1472.9	495.1	0.1808	0.011	0.0606	-3568.015458	1.9853	True	ok
43957at33090	10	c_grandiflora	4..3	0.103	2025.6	671.4	0.1377	0.0134	0.0974	-5007.881515	1.78173	True	ok
43957at33090	10		4..5	0.097	2025.6	671.4	0.1377	0.0127	0.092	-5007.881515	1.78173	False	ok
43957at33090	10	a_halleri	5..1	0.057	2025.6	671.4	0.2317	0.0103	0.0446	-5007.881515	1.78173	True	ok
43957at33090	10	a_thaliana	5..2	0.103	2025.6	671.4	0.1377	0.0134	0.0976	-5007.881515	1.78173	True	ok
44063at33090	11	c_grandiflora	4..3	0.064	1304.6	411.4	0.1594	0.0094	0.0591	-3110.521161	1.34936	True	ok
44063at33090	11		4..5	0.094	1304.6	411.4	0.1594	0.0138	0.0865	-3110.521161	1.34936	False	ok
44063at33090	11	a_halleri	5..1	0.074	1304.6	411.4	0.1162	0.0087	0.0748	-3110.521161	1.34936	True	ok
44063at33090	11	a_thaliana	5..2	0.076	1304.6	411.4	0.1594	0.0112	0.0705	-3110.521161	1.34936	True	ok
44526at33090	12	c_grandiflora	4..3	0.07	1442.8	483.2	0.1486	0.0096	0.0643	-3525.727706	1.77288	True	ok
44526at33090	12		4..5	0.133	1442.8	483.2	0.1486	0.0182	0.1223	-3525.727706	1.77288	False	ok
44526at33090	12	a_halleri	5..1	0.053	1442.8	483.2	0.1397	0.0069	0.0494	-3525.727706	1.77288	True	ok
44526at33090	12	a_thaliana	5..2	0.088	1442.8	483.2	0.1486	0.012	0.081	-3525.727706	1.77288	True	ok
46307at33090	13	c_grandiflora	4..3	0.083	1310.7	450.3	0.0733	0.0065	0.0892	-3091.814888	2.04019	True	ok
46307at33090	13		4..5	0.115	1310.7	450.3	0.0733	0.009	0.1233	-3091.814888	2.04019	False	ok
46307at33090	13	a_halleri	5..1	0.055	1310.7	450.3	0.0483	0.003	0.0626	-3091.814888	2.04019	True	ok
46307at33090	13	a_thaliana	5..2	0.069	1310.7	450.3	0.0733	0.0054	0.0738	-3091.814888	2.04019	True	ok
48027at33090	14	c_grandiflora	4..3	0.089	1278.9	431.1	0.0618	0.0061	0.0994	-2970.711437	2.26578	True	ok
48027at33090	14		4..5	0.083	1278.9	431.1	0.0618	0.0057	0.0923	-2970.711437	2.26578	False	ok
48027at33090	14	a_halleri	5..1	0.056	1278.9	431.1	0.105	0.006	0.0568	-2970.711437	2.26578	True	ok
48027at33090	14	a_thaliana	5..2	0.065	1278.9	431.1	0.0618	0.0045	0.073	-2970.711437	2.26578	True	ok
48290at33090	15	c_grandiflora	4..3	0.049	1454.7	480.3	0.1721	0.0074	0.043	-3726.653218	2.16029	True	ok
48290at33090	15		4..5	0.084	1454.7	480.3	0.1721	0.0127	0.0739	-3726.653218	2.16029	False	ok
48290at33090	15	a_halleri	5..1	0.101	1454.7	480.3	0.1612	0.0146	0.0908	-3726.653218	2.16029	True	ok
48290at33090	15	a_thaliana	5..2	0.184	1454.7	480.3	0.1721	0.028	0.1628	-3726.653218	2.16029	True	ok
48645at33090	16	c_grandiflora	4..3	0.063	1364.1	420.9	0.0924	0.0064	0.0688	-2993.343723	2.44321	True	ok
48645at33090	16		4..5	0.065	1364.1	420.9	0.0924	0.0065	0.0705	-2993.343723	2.44321	False	ok
48645at33090	16	a_halleri	5..1	0.033	1364.1	420.9	0.1381	0.0045	0.0323	-2993.343723	2.44321	True	ok
48645at33090	16	a_thaliana	5..2	0.069	1364.1	420.9	0.0924	0.0069	0.0752	-2993.343723	2.44321	True	ok
49092at33090	17	c_grandiflora	4..3	0.002	1241.7	426.3	0.0364	0.0001	0.002	-2756.040009	1.89184	True	ok
49092at33090	17		4..5	0.121	1241.7	426.3	0.0364	0.0052	0.1431	-2756.040009	1.89184	False	ok
49092at33090	17	a_halleri	5..1	0.058	1241.7	426.3	0.0229	0.0016	0.0704	-2756.040009	1.89184	True	ok
49092at33090	17	a_thaliana	5..2	0.047	1241.7	426.3	0.0364	0.002	0.0552	-2756.040009	1.89184	True	ok
50512at33090	18	c_grandiflora	4..3	0.154	1181.6	339.4	0.2152	0.0283	0.1314	-3036.469143	2.29873	True	ok
50512at33090	18		4..5	0.116	1181.6	339.4	0.2152	0.0213	0.0989	-3036.469143	2.29873	False	ok
50512at33090	18	a_halleri	5..1	0.131	1181.6	339.4	0.1819	0.0218	0.1197	-3036.469143	2.29873	True	ok
50512at33090	18	a_thaliana	5..2	0.1	1181.6	339.4	0.2152	0.0183	0.085	-3036.469143	2.29873	True	ok
50528at33090	19	c_grandiflora	4..3	0.113	1243.3	370.7	0.0872	0.0111	0.1273	-2992.501758	1.66528	True	ok
50528at33090	19		4..5	0.099	1243.3	370.7	0.0872	0.0097	0.1115	-2992.501758	1.66528	False	ok
50528at33090	19	a_halleri	5..1	0.078	1243.3	370.7	0.1775	0.0126	0.0709	-2992.501758	1.66528	True	ok
50528at33090	19	a_thaliana	5..2	0.102	1243.3	370.7	0.0872	0.01	0.115	-2992.501758	1.66528	True	ok
51214at33090	20	c_grandiflora	4..3	0.06	1390.6	439.4	0.1341	0.0079	0.0587	-3236.77923	1.83993	True	ok
51214at33090	20		4..5	0.095	1390.6	439.4	0.1341	0.0124	0.0927	-3236.77923	1.83993	False	ok
51214at33090	20	a_halleri	5..1	0.045	1390.6	439.4	0.0672	0.0035	0.0519	-3236.77923	1.83993	True	ok
51214at33090	20	a_thaliana	5..2	0.089	1390.6	439.4	0.1341	0.0117	0.087	-3236.77923	1.83993	True	ok
51262at33090	1	c_grandiflora	4..3	0.107	1563.4	545.6	0.1907	0.017	0.0892	-3823.789699	2.86769	True	ok
51262at33090	1		4..5	0.128	1563.4	545.6	0.1907	0.0203	0.1066	-3823.789699	2.86769	False	ok
51262at33090	1	a_halleri	5..1	0.043	1563.4	545.6	0.8016	0.0136	0.017	-3823.789699	2.86769	True	ok
51262at33090	1	a_thaliana	5..2	0.055	1563.4	545.6	0.1907	0.0087	0.0456	-3823.789699	2.86769	True	ok
52795at33090	2	c_grandiflora	4..3	0.066	1335.3	467.7	0.0926	0.0062	0.0666	-3160.898551	2.29439	True	ok
52795at33090	2		4..5	0.084	1335.3	467.7	0.0926	0.0079	0.0856	-3160.898551	2.29439	False	ok
52795at33090	2	a_halleri	5..1	0.056	1335.3	467.7	0.2019	0.0092	0.0453	-3160.898551	2.29439	True	ok
52795at33090	2	a_thaliana	5..2	0.076	1335.3	467.7	0.0926	0.0072	0.0776	-3160.898551	2.29439	True	ok
5305at33090	3	c_grandiflora	4..3	0.066	2391.6	698.4	0.2598	0.0134	0.0515	-9111.122083	1.62775	True	ok
5305at33090	3		4..5	0.082	2391.6	698.4	0.2598	0.0166	0.0638	-9111.122083	1.62775	False	ok
5305at33090	3	a_halleri	5..1	50.0	2391.6	698.4	0.014	0.9836	70.3712	-9111.122083	1.62775	True	ok
5305at33090	3	a_thaliana	5..2	0.107	2391.6	698.4	0.2598	0.0218	0.0838	-9111.122083	1.62775	True	ok
53416at33090	4	c_grandiflora	4..3	0.091	1076.0	439.0	0.2153	0.0147	0.0685	-2955.084555	2.2811	True	ok
53416at33090	4		4..5	0.141	1076.0	439.0	0.2153	0.0228	0.1058	-2955.084555	2.2811	False	ok
53416at33090	4	a_halleri	5..1	0.096	1076.0	439.0	0.1838	0.0141	0.0765	-2955.084555	2.2811	True	ok
53416at33090	4	a_thaliana	5..2	0.117	1076.0	439.0	0.2153	0.019	0.0883	-2955.084555	2.2811	True	ok
53527at33090	5	c_grandiflora	4..3	0.089	2158.9	697.1	0.1075	0.0098	0.0909	-4945.896089	1.86245	True	ok
53527at33090	5		4..5	0.071	2158.9	697.1	0.1075	0.0079	0.0732	-4945.896089	1.86245	False	ok
53527at33090	5	a_halleri	5..1	0.045	2158.9	697.1	0.0853	0.0041	0.0482	-4945.896089	1.86245	True	ok
53527at33090	5	a_thaliana	5..2	0.064	2158.9	697.1	0.1075	0.007	0.0652	-4945.896089	1.86245	True	ok
58672at33090	6	c_grandiflora	4..3	0.07	1018.8	349.2	0.0925	0.0067	0.072	-2443.850766	1.93401	True	ok
58672at33090	6		4..5	0.133	1018.8	349.2	0.0925	0.0126	0.1368	-2443.850766	1.93401	False	ok
58672at33090	6	a_halleri	5..1	0.091	1018.8	349.2	0.0676	0.0067	0.0988	-2443.850766	1.93401	True	ok
58672at33090	6	a_thaliana	5..2	0.05	1018.8	349.2	0.0925	0.0048	0.0518	-2443.850766	1.93401	True	ok
5927at33090	7	c_grandiflora	4..3	0.103	2922.1	1052.9	0.2108	0.0172	0.0818	-7486.197947	2.21152	True	ok
5927at33090	7		4..5	0.125	2922.1	1052.9	0.2108	0.0209	0.0992	-7486.197947	2.21152	False	ok
5927at33090	7	a_halleri	5..1	0.056	2922.1	1052.9	0.3288	0.0122	0.037	-7486.197947	2.21152	True	ok
5927at33090	7	a_thaliana	5..2	0.089	2922.1	1052.9	0.2108	0.0149	0.0706	-7486.197947	2.21152	True	ok
60262at33090	8	c_grandiflora	4..3	0.098	1033.0	341.0	0.0161	0.002	0.1257	-2271.332527	1.74637	True	ok
60262at33090	8		4..5	0.027	1033.0	341.0	0.0161	0.0006	0.0344	-2271.332527	1.74637	False	ok
60262at33090	8	a_halleri	5..1	0.056	1033.0	341.0	0.0001	0.0	0.0749	-2271.332527	1.74637	True	omega_boundary
60262at33090	8	a_thaliana	5..2	0.063	1033.0	341.0	0.0161	0.0013	0.0808	-2271.332527	1.74637	True	ok
62262at33090	9	c_grandiflora	4..3	0.105	1035.0	360.0	0.2503	0.0198	0.079	-2543.998268	1.96114	True	ok
62262at33090	9		4..5	0.072	1035.0	360.0	0.2503	0.0135	0.0538	-2543.998268	1.96114	False	ok
62262at33090	9	a_halleri	5..1	0.042	1035.0	360.0	0.3749	0.0098	0.0262	-2543.998268	1.96114	True	ok
62262at33090	9	a_thaliana	5..2	0.087	1035.0	360.0	0.2503	0.0164	0.0654	-2543.998268	1.96114	True	ok
63411at33090	10	c_grandiflora	4..3	0.122	1159.8	421.2	0.1185	0.0136	0.1147	-2848.447471	1.54949	True	ok
63411at33090	10		4..5	0.056	1159.8	421.2	0.1185	0.0063	0.0528	-2848.447471	1.54949	False	ok
63411at33090	10	a_halleri	5..1	0.084	1159.8	421.2	0.0756	0.0066	0.0871	-2848.447471	1.54949	True	ok
63411at33090	10	a_thaliana	5..2	0.066	1159.8	421.2	0.1185	0.0074	0.0622	-2848.447471	1.54949	True	ok
63853at33090	11	c_grandiflora	4..3	0.123	1067.6	348.4	0.0739	0.0101	0.1362	-2562.099702	1.43327	True	ok
63853at33090	11		4..5	0.096	1067.6	348.4	0.0739	0.0078	0.1059	-2562.099702	1.43327	False	ok
63853at33090	11	a_halleri	5..1	0.058	1067.6	348.4	0.1364	0.0075	0.0553	-2562.099702	1.43327	True	ok
63853at33090	11	a_thaliana	5..2	0.073	1067.6	348.4	0.0739	0.006	0.0808	-2562.099702	1.43327	True	ok
64272at33090	12	c_grandiflora	4..3	0.103	2067.5	611.5	0.222	0.0191	0.0862	-4938.918713	1.7022	True	ok
64272at33090	12		4..5	0.116	2067.5	611.5	0.222	0.0215	0.0971	-4938.918713	1.7022	False	ok
64272at33090	12	a_halleri	5..1	0.061	2067.5	611.5	0.1694	0.0096	0.0568	-4938.918713	1.7022	True	ok
64272at33090	12	a_thaliana	5..2	0.084	2067.5	611.5	0.222	0.0156	0.0704	-4938.918713	1.7022	True	ok
6512at33090	13	c_grandiflora	4..3	0.121	2628.8	839.2	0.2283	0.0222	0.0972	-6336.603448	2.47352	True	ok
6512at33090	13		4..5	0.077	2628.8	839.2	0.2283	0.0141	0.0618	-6336.603448	2.47352	False	ok
6512at33090	13	a_halleri	5..1	0.063	2628.8	839.2	0.1723	0.0097	0.0564	-6336.603448	2.47352	True	ok
6512at33090	13	a_thaliana	5..2	0.081	2628.8	839.2	0.2283	0.0148	0.0647	-6336.603448	2.47352	True	ok
65263at33090	14	c_grandiflora	4..3	0.081	1355.4	411.6	0.207	0.0142	0.0688	-3336.159567	1.36896	True	ok
65263at33090	14		4..5	0.148	1355.4	411.6	0.207	0.026	0.1258	-3336.159567	1.36896	False	ok
65263at33090	14	a_halleri	5..1	0.057	1355.4	411.6	0.0918	0.0058	0.063	-3336.159567	1.36896	True	ok
65263at33090	14	a_thaliana	5..2	0.099	1355.4	411.6	0.207	0.0174	0.0841	-3336.159567	1.36896	True	ok
67132at33090	15	c_grandiflora	4..3	0.071	1513.7	496.3	0.0631	0.0051	0.0804	-3309.350141	2.09117	True	ok
67132at33090	15		4..5	0.081	1513.7	496.3	0.0631	0.0058	0.092	-3309.350141	2.09117	False	ok
67132at33090	15	a_halleri	5..1	0.029	1513.7	496.3	0.1021	0.003	0.0296	-3309.350141	2.09117	True	ok
67132at33090	15	a_thaliana	5..2	0.04	1513.7	496.3	0.0631	0.0028	0.0449	-3309.350141	2.09117	True	ok
67389at33090	16	c_grandiflora	4..3	0.106	1223.4	381.6	0.0888	0.0103	0.1161	-2861.056195	1.44188	True	ok
67389at33090	16		4..5	0.098	1223.4	381.6	0.0888	0.0095	0.1075	-2861.056195	1.44188	False	ok
67389at33090	16	a_halleri	5..1	0.04	1223.4	381.6	0.0718	0.0033	0.0459	-2861.056195	1.44188	True	ok
67389at33090	16	a_thaliana	5..2	0.078	1223.4	381.6	0.0888	0.0076	0.0856	-2861.056195	1.44188	True	ok
68169at33090	17	c_grandiflora	4..3	0.041	1774.0	656.0	0.2463	0.0075	0.0305	-4305.532468	2.17963	True	ok
68169at33090	17		4..5	0.081	1774.0	656.0	0.2463	0.0147	0.0597	-4305.532468	2.17963	False	ok
68169at33090	17	a_halleri	5..1	0.057	1774.0	656.0	0.1649	0.008	0.0487	-4305.532468	2.17963	True	ok
68169at33090	17	a_thaliana	5..2	0.083	1774.0	656.0	0.2463	0.0151	0.0612	-4305.532468	2.17963	True	ok
6843at33090	18	c_grandiflora	4..3	0.063	1803.3	608.7	0.1475	0.0086	0.0583	-4136.019657	2.26188	True	ok
6843at33090	18		4..5	0.067	1803.3	608.7	0.1475	0.009	0.0612	-4136.019657	2.26188	False	ok
6843at33090	18	a_halleri	5..1	0.05	1803.3	608.7	0.0447	0.0026	0.0583	-4136.019657	2.26188	True	ok
6843at33090	18	a_thaliana	5..2	0.071	1803.3	608.7	0.1475	0.0096	0.0648	-4136.019657	2.26188	True	ok
68537at33090	19	c_grandiflora	4..3	0.084	1018.2	373.8	0.1553	0.0113	0.073	-2403.663342	2.90331	True	ok
68537at33090	19		4..5	0.062	1018.2	373.8	0.1553	0.0084	0.0542	-2403.663342	2.90331	False	ok
68537at33090	19	a_halleri	5..1	0.064	1018.2	373.8	0.1363	0.0079	0.058	-2403.663342	2.90331	True	ok
68537at33090	19	a_thaliana	5..2	0.047	1018.2	373.8	0.1553	0.0064	0.0412	-2403.663342	2.90331	True	ok
68957at33090	20	c_grandiflora	4..3	0.091	1266.6	443.4	0.1489	0.0122	0.0816	-2974.492781	1.73356	True	ok
68957at33090	20		4..5	0.051	1266.6	443.4	0.1489	0.0068	0.0456	-2974.492781	1.73356	False	ok
68957at33090	20	a_halleri	5..1	0.044	1266.6	443.4	0.075	0.0035	0.0462	-2974.492781	1.73356	True	ok
68957at33090	20	a_thaliana	5..2	0.069	1266.6	443.4	0.1489	0.0093	0.0624	-2974.492781	1.73356	True	ok
69073at33090	1	c_grandiflora	4..3	0.061	1041.5	371.5	0.1231	0.007	0.0572	-2502.094503	2.57596	True	ok
69073at33090	1		4..5	0.08	1041.5	371.5	0.1231	0.0093	0.0759	-2502.094503	2.57596	False	ok
69073at33090	1	a_halleri	5..1	0.072	1041.5	371.5	0.1582	0.01	0.0635	-2502.094503	2.57596	True	ok
69073at33090	1	a_thaliana	5..2	0.081	1041.5	371.5	0.1231	0.0094	0.0761	-2502.094503	2.57596	True	ok
69137at33090	2	c_grandiflora	4..3	0.031	1263.7	383.3	0.1275	0.004	0.0315	-2832.157289	1.58473	True	ok
69137at33090	2		4..5	0.102	1263.7	383.3	0.1275	0.0131	0.1031	-2832.157289	1.58473	False	ok
69137at33090	2	a_halleri	5..1	0.058	1263.7	383.3	0.1292	0.0075	0.0582	-2832.157289	1.58473	True	ok
69137at33090	2	a_thaliana	5..2	0.061	1263.7	383.3	0.1275	0.0078	0.061	-2832.157289	1.58473	True	ok
69505at33090	3	c_grandiflora	4..3	0.149	1094.1	288.9	0.1589	0.0236	0.1488	-2754.602221	1.39888	True	ok
69505at33090	3		4..5	0.098	1094.1	288.9	0.1589	0.0156	0.098	-2754.602221	1.39888	False	ok
69505at33090	3	a_halleri	5..1	0.11	1094.1	288.9	0.4507	0.0291	0.0646	-2754.602221	1.39888	True	ok
69505at33090	3	a_thaliana	5..2	0.117	1094.1	288.9	0.1589	0.0184	0.1161	-2754.602221	1.39888	True	ok
70613at33090	4	c_grandiflora	4..3	0.09	1026.9	353.1	0.0976	0.0089	0.0916	-2406.07713	3.08888	True	ok
70613at33090	4		4..5	0.056	1026.9	353.1	0.0976	0.0055	0.0568	-2406.07713	3.08888	False	ok
70613at33090	4	a_halleri	5..1	0.039	1026.9	353.1	0.1902	0.0061	0.0323	-2406.07713	3.08888	True	ok
70613at33090	4	a_thaliana	5..2	0.102	1026.9	353.1	0.0976	0.0101	0.1034	-2406.07713	3.08888	True	ok
71620at33090	5	c_grandiflora	4..3	0.047	1035.1	326.9	0.0704	0.0038	0.0538	-2337.263427	1.90166	True	ok
71620at33090	5		4..5	0.083	1035.1	326.9	0.0704	0.0066	0.0942	-2337.263427	1.90166	False	ok
71620at33090	5	a_halleri	5..1	0.055	1035.1	326.9	0.0616	0.0039	0.0634	-2337.263427	1.90166	True	ok
71620at33090	5	a_thaliana	5..2	0.078	1035.1	326.9	0.0704	0.0063	0.0889	-2337.263427	1.90166	True	ok
72992at33090	6	c_grandiflora	4..3	0.08	1302.4	386.6	0.096	0.0085	0.0884	-2998.643848	2.06007	True	ok
72992at33090	6		4..5	0.081	1302.4	386.6	0.096	0.0086	0.0892	-2998.643848	2.06007	False	ok
72992at33090	6	a_halleri	5..1	0.073	1302.4	386.6	0.0599	0.0053	0.0879	-2998.643848	2.06007	True	ok
72992at33090	6	a_thaliana	5..2	0.108	1302.4	386.6	0.096	0.0114	0.1191	-2998.643848	2.06007	True	ok
7366at33090	7	c_grandiflora	4..3	0.099	2497.1	724.9	0.0905	0.0101	0.1115	-5468.911966	1.7228	True	ok
7366at33090	7		4..5	0.082	2497.1	724.9	0.0905	0.0084	0.093	-5468.911966	1.7228	False	ok
7366at33090	7	a_halleri	5..1	0.036	2497.1	724.9	0.0949	0.0038	0.0398	-5468.911966	1.7228	True	ok
7366at33090	7	a_thaliana	5..2	0.058	2497.1	724.9	0.0905	0.006	0.0658	-5468.911966	1.7228	True	ok
74230at33090	8	c_grandiflora	4..3	0.095	1071.4	332.6	0.1235	0.0118	0.0958	-2564.981102	2.39461	True	ok
74230at33090	8		4..5	0.057	1071.4	332.6	0.1235	0.007	0.057	-2564.981102	2.39461	False	ok
74230at33090	8	a_halleri	5..1	0.098	1071.4	332.6	0.1353	0.013	0.0961	-2564.981102	2.39461	True	ok
74230at33090	8	a_thaliana	5..2	0.104	1071.4	332.6	0.1235	0.013	0.1051	-2564.981102	2.39461	True	ok
74742at33090	9	c_grandiflora	4..3	0.069	1042.3	358.7	0.2025	0.0115	0.0569	-2568.160875	1.96307	True	ok
74742at33090	9		4..5	0.137	1042.3	358.7	0.2025	0.0227	0.1121	-2568.160875	1.96307	False	ok
74742at33090	9	a_halleri	5..1	0.045	1042.3	358.7	0.1548	0.0063	0.0406	-2568.160875	1.96307	True	ok
74742at33090	9	a_thaliana	5..2	0.092	1042.3	358.7	0.2025	0.0153	0.0756	-2568.160875	1.96307	True	ok
76849at33090	10	c_grandiflora	4..3	0.088	1312.4	454.6	0.1283	0.0107	0.083	-3187.578209	2.01174	True	ok
76849at33090	10		4..5	0.104	1312.4	454.6	0.1283	0.0126	0.0981	-3187.578209	2.01174	False	ok
76849at33090	10	a_halleri	5..1	0.055	1312.4	454.6	0.146	0.0073	0.05	-3187.578209	2.01174	True	ok
76849at33090	10	a_thaliana	5..2	0.083	1312.4	454.6	0.1283	0.0101	0.0788	-3187.578209	2.01174	True	ok
79950at33090	11	c_grandiflora	4..3	0.085	976.7	337.3	0.2878	0.0172	0.0599	-2572.765837	2.85088	True	ok
79950at33090	11		4..5	0.139	976.7	337.3	0.2878	0.0284	0.0985	-2572.765837	2.85088	False	ok
79950at33090	11	a_halleri	5..1	0.077	976.7	337.3	0.2641	0.015	0.0569	-2572.765837	2.85088	True	ok
79950at33090	11	a_thaliana	5..2	0.131	976.7	337.3	0.2878	0.0268	0.093	-2572.765837	2.85088	True	ok
8072at33090	12	c_grandiflora	4..3	0.094	2133.5	740.5	0.15	0.0127	0.0849	-4774.166635	2.3781	True	ok
8072at33090	12		4..5	0.032	2133.5	740.5	0.15	0.0043	0.029	-4774.166635	2.3781	False	ok
8072at33090	12	a_halleri	5..1	0.024	2133.5	740.5	0.0722	0.0019	0.026	-4774.166635	2.3781	True	ok
8072at33090	12	a_thaliana	5..2	0.058	2133.5	740.5	0.15	0.0079	0.0525	-4774.166635	2.3781	True	ok
83749at33090	13	c_grandiflora	4..3	0.055	1029.5	350.5	0.1267	0.0066	0.0525	-2373.585511	2.2185	True	ok
83749at33090	13		4..5	0.087	1029.5	350.5	0.1267	0.0105	0.0832	-2373.585511	2.2185	False	ok
83749at33090	13	a_halleri	5..1	0.041	1029.5	350.5	0.1317	0.0051	0.0387	-2373.585511	2.2185	True	ok
83749at33090	13	a_thaliana	5..2	0.07	1029.5	350.5	0.1267	0.0085	0.0673	-2373.585511	2.2185	True	ok
84264at33090	14	c_grandiflora	4..3	0.098	1727.6	567.4	0.352	0.0225	0.064	-4425.368487	2.4992	True	ok
84264at33090	14		4..5	0.133	1727.6	567.4	0.352	0.0305	0.0866	-4425.368487	2.4992	False	ok
84264at33090	14	a_halleri	5..1	0.069	1727.6	567.4	0.3403	0.0157	0.046	-4425.368487	2.4992	True	ok
84264at33090	14	a_thaliana	5..2	0.115	1727.6	567.4	0.352	0.0264	0.075	-4425.368487	2.4992	True	ok
87347at33090	15	c_grandiflora	4..3	0.118	2141.9	714.1	0.1959	0.0195	0.0994	-5157.68173	2.12403	True	ok
87347at33090	15		4..5	0.049	2141.9	714.1	0.1959	0.0081	0.0414	-5157.68173	2.12403	False	ok
87347at33090	15	a_halleri	5..1	0.061	2141.9	714.1	0.1974	0.01	0.0508	-5157.68173	2.12403	True	ok
87347at33090	15	a_thaliana	5..2	0.083	2141.9	714.1	0.1959	0.0137	0.0697	-5157.68173	2.12403	True	ok
87734at33090	16	c_grandiflora	4..3	0.116	1035.4	362.6	0.1757	0.0174	0.0992	-2559.016629	1.59605	True	ok
87734at33090	16		4..5	0.083	1035.4	362.6	0.1757	0.0126	0.0714	-2559.016629	1.59605	False	ok
87734at33090	16	a_halleri	5..1	0.055	1035.4	362.6	0.2628	0.0106	0.0404	-2559.016629	1.59605	True	ok
87734at33090	16	a_thaliana	5..2	0.077	1035.4	362.6	0.1757	0.0116	0.0661	-2559.016629	1.59605	True	ok
88295at33090	17	c_grandiflora	4..3	0.028	1008.9	356.1	0.0627	0.0019	0.0306	-2396.918717	2.12432	True	ok
88295at33090	17		4..5	0.114	1008.9	356.1	0.0627	0.0078	0.1241	-2396.918717	2.12432	False	ok
88295at33090	17	a_halleri	5..1	0.06	1008.9	356.1	0.0293	0.0021	0.0706	-2396.918717	2.12432	True	ok
88295at33090	17	a_thaliana	5..2	0.095	1008.9	356.1	0.0627	0.0065	0.1031	-2396.918717	2.12432	True	ok
88687at33090	18	c_grandiflora	4..3	0.095	988.4	322.6	0.1965	0.0158	0.0802	-2276.978359	1.8866	True	ok
88687at33090	18		4..5	0.076	988.4	322.6	0.1965	0.0126	0.0644	-2276.978359	1.8866	False	ok
88687at33090	18	a_halleri	5..1	0.033	988.4	322.6	0.1242	0.004	0.0325	-2276.978359	1.8866	True	ok
88687at33090	18	a_thaliana	5..2	0.058	988.4	322.6	0.1965	0.0097	0.0491	-2276.978359	1.8866	True	ok
88771at33090	19	c_grandiflora	4..3	0.081	1233.1	431.9	0.1577	0.0114	0.0721	-2995.1454	1.46713	True	ok
88771at33090	19		4..5	0.071	1233.1	431.9	0.1577	0.0099	0.0629	-2995.1454	1.46713	False	ok
88771at33090	19	a_halleri	5..1	0.053	1233.1	431.9	0.1087	0.0057	0.0524	-2995.1454	1.46713	True	ok
88771at33090	19	a_thaliana	5..2	0.09	1233.1	431.9	0.1577	0.0125	0.0796	-2995.1454	1.46713	True	ok
89796at33090	20	c_grandiflora	4..3	0.096	1484.1	555.9	0.0614	0.0062	0.1013	-3587.340364	2.42212	True	ok
89796at33090	20		4..5	0.04	1484.1	555.9	0.0614	0.0026	0.0418	-3587.340364	2.42212	False	ok
89796at33090	20	a_halleri	5..1	0.081	1484.1	555.9	0.0955	0.0075	0.0788	-3587.340364	2.42212	True	ok
89796at33090	20	a_thaliana	5..2	0.078	1484.1	555.9	0.0614	0.005	0.0815	-3587.340364	2.42212	True	ok
90301at33090	1	c_grandiflora	4..3	0.101	1024.2	361.8	0.0913	0.0093	0.1021	-2444.337893	1.82206	True	ok
90301at33090	1		4..5	0.101	1024.2	361.8	0.0913	0.0093	0.1021	-2444.337893	1.82206	False	ok
90301at33090	1	a_halleri	5..1	0.038	1024.2	361.8	0.0722	0.0029	0.0402	-2444.337893	1.82206	True	ok
90301at33090	1	a_thaliana	5..2	0.083	1024.2	361.8	0.0913	0.0077	0.0846	-2444.337893	1.82206	True	ok
9044at33090	2	c_grandiflora	4..3	0.116	2349.9	815.1	0.114	0.0129	0.1131	-5765.105507	2.33296	True	ok
9044at33090	2		4..5	0.092	2349.9	815.1	0.114	0.0103	0.0899	-5765.105507	2.33296	False	ok
9044at33090	2	a_halleri	5..1	0.059	2349.9	815.1	0.1073	0.0062	0.058	-5765.105507	2.33296	True	ok
9044at33090	2	a_thaliana	5..2	0.088	2349.9	815.1	0.114	0.0097	0.0854	-5765.105507	2.33296	True	ok
9058at33090	3	c_grandiflora	4..3	0.109	3281.3	1029.7	0.3296	0.0245	0.0743	-7782.41906	2.51817	True	ok
9058at33090	3		4..5	0.086	3281.3	1029.7	0.3296	0.0194	0.0588	-7782.41906	2.51817	False	ok
9058at33090	3	a_halleri	5..1	0.049	3281.3	1029.7	0.2561	0.0097	0.038	-7782.41906	2.51817	True	ok
9058at33090	3	a_thaliana	5..2	0.072	3281.3	1029.7	0.3296	0.0162	0.0492	-7782.41906	2.51817	True	ok
90872at33090	4	c_grandiflora	4..3	0.103	1030.6	331.4	0.1189	0.0123	0.1034	-2441.429396	1.72332	True	ok
90872at33090	4		4..5	0.086	1030.6	331.4	0.1189	0.0102	0.0859	-2441.429396	1.72332	False	ok
90872at33090	4	a_halleri	5..1	0.061	1030.6	331.4	0.2089	0.0106	0.0507	-2441.429396	1.72332	True	ok
90872at33090	4	a_thaliana	5..2	0.071	1030.6	331.4	0.1189	0.0084	0.071	-2441.429396	1.72332	True	ok
92579at33090	5	c_grandiflora	4..3	0.109	857.2	351.8	0.1499	0.0137	0.0913	-2201.807552	2.3438	True	ok
92579at33090	5		4..5	0.069	857.2	351.8	0.1499	0.0086	0.0577	-2201.807552	2.3438	False	ok
92579at33090	5	a_halleri	5..1	0.055	857.2	351.8	0.4433	0.0135	0.0305	-2201.807552	2.3438	True	ok
92579at33090	5	a_thaliana	5..2	0.089	857.2	351.8	0.1499	0.0112	0.0748	-2201.807552	2.3438	True	ok
95807at33090	6	c_grandiflora	4..3	0.066	956.1	339.9	0.4068	0.0158	0.0389	-2477.119078	1.89863	True	ok
95807at33090	6		4..5	0.127	956.1	339.9	0.4068	0.0307	0.0755	-2477.119078	1.89863	False	ok
95807at33090	6	a_halleri	5..1	0.077	956.1	339.9	0.1701	0.0112	0.0661	-2477.119078	1.89863	True	ok
95807at33090	6	a_thaliana	5..2	0.095	956.1	339.9	0.4068	0.0228	0.0562	-2477.119078	1.89863	True	ok
96953at33090	7	c_grandiflora	4..3	0.186	883.9	274.1	0.2	0.0319	0.1596	-2294.406035	1.44173	True	ok
96953at33090	7		4..5	0.129	883.9	274.1	0.2	0.0221	0.1106	-2294.406035	1.44173	False	ok
96953at33090	7	a_halleri	5..1	0.103	883.9	274.1	0.1203	0.0126	0.1048	-2294.406035	1.44173	True	ok
96953at33090	7	a_thaliana	5..2	0.069	883.9	274.1	0.2	0.0118	0.0588	-2294.406035	1.44173	True	ok
97593at33090	8	c_grandiflora	4..3	0.07	915.7	323.3	0.2024	0.0116	0.0572	-2236.995272	1.77656	True	ok
97593at33090	8		4..5	0.077	915.7	323.3	0.2024	0.0127	0.0627	-2236.995272	1.77656	False	ok
97593at33090	8	a_halleri	5..1	0.064	915.7	323.3	0.2478	0.0119	0.0481	-2236.995272	1.77656	True	ok
97593at33090	8	a_thaliana	5..2	0.078	915.7	323.3	0.2024	0.0128	0.0631	-2236.995272	1.77656	True	ok
9849at33090	9	c_grandiflora	4..3	0.09	2398.9	823.1	0.2921	0.0186	0.0637	-6266.44225	2.43951	True	ok
9849at33090	9		4..5	0.165	2398.9	823.1	0.2921	0.0339	0.1161	-6266.44225	2.43951	False	ok
9849at33090	9	a_halleri	5..1	0.061	2398.9	823.1	0.3274	0.0134	0.0409	-6266.44225	2.43951	True	ok
9849at33090	9	a_thaliana	5..2	0.115	2398.9	823.1	0.2921	0.0237	0.0811	-6266.44225	2.43951	True	ok
