gene_id	dataset_index	tip	branch	t	N	S	omega	dN	dS	lnL	kappa	is_terminal	qc_flag
101241at33090	1	c_grandiflora	4..3	0.158	937.4	322.6	0.1133	0.0176	0.1551	-2175.653543	1.63509	True	ok
101241at33090	1		4..5	0.0	937.4	322.6	0.0791	0.0	0.0	-2175.653543	1.63509	False	ds_floor
101241at33090	1	a_halleri	5..1	0.035	937.4	322.6	0.0791	0.0029	0.0367	-2175.653543	1.63509	True	ok
101241at33090	1	a_thaliana	5..2	0.067	937.4	322.6	0.0791	0.0056	0.0712	-2175.653543	1.63509	True	ok
101701at33090	2	c_grandiflora	4..3	0.03	2012.1	621.9	0.3083	0.0066	0.0215	-4819.358953	1.6442	True	ok
101701at33090	2		4..5	0.169	2012.1	621.9	0.1286	0.0217	0.1686	-4819.358953	1.6442	False	ok
101701at33090	2	a_halleri	5..1	0.061	2012.1	621.9	0.1286	0.0078	0.0607	-4819.358953	1.6442	True	ok
101701at33090	2	a_thaliana	5..2	0.077	2012.1	621.9	0.1286	0.0099	0.0769	-4819.358953	1.6442	True	ok
102307at33090	3	c_grandiflora	4..3	0.11	773.9	255.1	0.0001	0.0	0.1479	-1705.777018	1.85322	True	omega_boundary
102307at33090	3		4..5	0.079	773.9	255.1	0.1136	0.009	0.0789	-1705.777018	1.85322	False	ok
102307at33090	3	a_halleri	5..1	0.006	773.9	255.1	0.1136	0.0007	0.006	-1705.777018	1.85322	True	ok
102307at33090	3	a_thaliana	5..2	0.051	773.9	255.1	0.1136	0.0058	0.0511	-1705.777018	1.85322	True	ok
103267at33090	4	c_grandiflora	4..3	0.013	1416.4	473.6	0.0001	0.0	0.0171	-3527.452902	2.42225	True	omega_boundary
103267at33090	4		4..5	0.174	1416.4	473.6	0.3857	0.0416	0.1077	-3527.452902	2.42225	False	ok
103267at33090	4	a_halleri	5..1	0.055	1416.4	473.6	0.3857	0.013	0.0338	-3527.452902	2.42225	True	ok
103267at33090	4	a_thaliana	5..2	0.1	1416.4	473.6	0.3857	0.0239	0.0619	-3527.452902	2.42225	True	ok
103382at33090	5	c_grandiflora	4..3	0.015	830.7	273.3	0.0001	0.0	0.0203	-2203.089051	2.1968	True	omega_boundary
103382at33090	5		4..5	0.25	830.7	273.3	0.2957	0.0525	0.1775	-2203.089051	2.1968	False	ok
103382at33090	5	a_halleri	5..1	0.098	830.7	273.3	0.2957	0.0205	0.0692	-2203.089051	2.1968	True	ok
103382at33090	5	a_thaliana	5..2	0.108	830.7	273.3	0.2957	0.0227	0.0767	-2203.089051	2.1968	True	ok
104557at33090	6	c_grandiflora	4..3	0.0	1006.8	376.2	4.341	0.0	0.0	-2338.128458	2.99344	True	ds_floor
104557at33090	6		4..5	0.114	1006.8	376.2	0.1538	0.0152	0.0988	-2338.128458	2.99344	False	ok
104557at33090	6	a_halleri	5..1	0.042	1006.8	376.2	0.1538	0.0056	0.0367	-2338.128458	2.99344	True	ok
104557at33090	6	a_thaliana	5..2	0.06	1006.8	376.2	0.1538	0.008	0.052	-2338.128458	2.99344	True	ok
104821at33090	7	c_grandiflora	4..3	0.016	1018.3	310.7	999.0	0.007	0.0	-2330.694167	1.88847	True	omega_boundary
104821at33090	7		4..5	0.133	1018.3	310.7	0.1167	0.016	0.1372	-2330.694167	1.88847	False	ok
104821at33090	7	a_halleri	5..1	0.07	1018.3	310.7	0.1167	0.0084	0.0718	-2330.694167	1.88847	True	ok
104821at33090	7	a_thaliana	5..2	0.082	1018.3	310.7	0.1167	0.0099	0.0846	-2330.694167	1.88847	True	ok
104867at33090	8	c_grandiflora	4..3	0.174	2135.4	612.6	0.1976	0.0305	0.1542	-5038.899453	2.23777	True	ok
104867at33090	8		4..5	0.0	2135.4	612.6	0.1689	0.0	0.0	-5038.899453	2.23777	False	ds_floor
104867at33090	8	a_halleri	5..1	0.074	2135.4	612.6	0.1689	0.0118	0.0698	-5038.899453	2.23777	True	ok
104867at33090	8	a_thaliana	5..2	0.088	2135.4	612.6	0.1689	0.0141	0.0832	-5038.899453	2.23777	True	ok
105044at33090	9	c_grandiflora	4..3	0.008	1673.8	489.2	974.9618	0.0035	0.0	-3820.764706	1.26302	True	ds_floor
105044at33090	9		4..5	0.165	1673.8	489.2	0.0784	0.015	0.1913	-3820.764706	1.26302	False	ok
105044at33090	9	a_halleri	5..1	0.035	1673.8	489.2	0.0784	0.0032	0.0403	-3820.764706	1.26302	True	ok
105044at33090	9	a_thaliana	5..2	0.104	1673.8	489.2	0.0784	0.0095	0.1207	-3820.764706	1.26302	True	ok
105782at33090	10	c_grandiflora	4..3	0.157	804.7	284.3	0.108	0.0165	0.1532	-1797.510459	2.53127	True	ok
105782at33090	10		4..5	0.0	804.7	284.3	0.1305	0.0	0.0	-1797.510459	2.53127	False	ds_floor
105782at33090	10	a_halleri	5..1	0.019	804.7	284.3	0.1305	0.0023	0.0178	-1797.510459	2.53127	True	ok
105782at33090	10	a_thaliana	5..2	0.043	804.7	284.3	0.1305	0.0052	0.0399	-1797.510459	2.53127	True	ok
105867at33090	11	c_grandiflora	4..3	0.089	949.2	331.8	0.0001	0.0	0.1145	-2235.940412	2.42343	True	omega_boundary
105867at33090	11		4..5	0.092	949.2	331.8	0.1199	0.0106	0.0883	-2235.940412	2.42343	False	ok
105867at33090	11	a_halleri	5..1	0.056	949.2	331.8	0.1199	0.0064	0.0535	-2235.940412	2.42343	True	ok
105867at33090	11	a_thaliana	5..2	0.073	949.2	331.8	0.1199	0.0084	0.0703	-2235.940412	2.42343	True	ok
106769at33090	12	c_grandiflora	4..3	0.103	865.3	283.7	0.0845	0.0094	0.1108	-1980.491478	2.11451	True	ok
106769at33090	12		4..5	0.0	865.3	283.7	0.0809	0.0	0.0	-1980.491478	2.11451	False	ds_floor
106769at33090	12	a_halleri	5..1	0.084	865.3	283.7	0.0809	0.0073	0.0907	-1980.491478	2.11451	True	ok
106769at33090	12	a_thaliana	5..2	0.076	865.3	283.7	0.0809	0.0067	0.0824	-1980.491478	2.11451	True	ok
106886at33090	13	c_grandiflora	4..3	0.01	980.6	261.4	278.9205	0.0044	0.0	-2209.766085	1.55061	True	ds_floor
106886at33090	13		4..5	0.177	980.6	261.4	0.0328	0.0082	0.2492	-2209.766085	1.55061	False	ok
106886at33090	13	a_halleri	5..1	0.038	980.6	261.4	0.0328	0.0018	0.0539	-2209.766085	1.55061	True	ok
106886at33090	13	a_thaliana	5..2	0.161	980.6	261.4	0.0328	0.0074	0.2271	-2209.766085	1.55061	True	ok
107107at33090	14	c_grandiflora	4..3	0.173	1180.8	343.2	0.3984	0.043	0.108	-2881.505117	1.41521	True	ok
107107at33090	14		4..5	0.024	1180.8	343.2	0.2433	0.0048	0.0195	-2881.505117	1.41521	False	ok
107107at33090	14	a_halleri	5..1	0.082	1180.8	343.2	0.2433	0.0161	0.0662	-2881.505117	1.41521	True	ok
107107at33090	14	a_thaliana	5..2	0.085	1180.8	343.2	0.2433	0.0166	0.0684	-2881.505117	1.41521	True	ok
108705at33090	15	c_grandiflora	4..3	0.171	1017.6	377.4	0.1469	0.0222	0.1509	-2599.950568	1.84132	True	ok
108705at33090	15		4..5	0.0	1017.6	377.4	0.183	0.0	0.0	-2599.950568	1.84132	False	ds_floor
108705at33090	15	a_halleri	5..1	0.088	1017.6	377.4	0.183	0.0132	0.0722	-2599.950568	1.84132	True	ok
108705at33090	15	a_thaliana	5..2	0.103	1017.6	377.4	0.183	0.0156	0.085	-2599.950568	1.84132	True	ok
10924at33090	16	c_grandiflora	4..3	0.008	2197.6	694.4	980.1202	0.0036	0.0	-5046.996442	1.95587	True	ds_floor
10924at33090	16		4..5	0.159	2197.6	694.4	0.1918	0.0263	0.1373	-5046.996442	1.95587	False	ok
10924at33090	16	a_halleri	5..1	0.045	2197.6	694.4	0.1918	0.0075	0.039	-5046.996442	1.95587	True	ok
10924at33090	16	a_thaliana	5..2	0.042	2197.6	694.4	0.1918	0.007	0.0366	-5046.996442	1.95587	True	ok
109586at33090	17	c_grandiflora	4..3	0.155	1150.1	391.9	0.1546	0.0217	0.14	-2771.829366	1.6746	True	ok
109586at33090	17		4..5	0.0	1150.1	391.9	0.1219	0.0	0.0	-2771.829366	1.6746	False	ds_floor
109586at33090	17	a_halleri	5..1	0.045	1150.1	391.9	0.1219	0.0053	0.0438	-2771.829366	1.6746	True	ok
109586at33090	17	a_thaliana	5..2	0.108	1150.1	391.9	0.1219	0.0127	0.1041	-2771.829366	1.6746	True	ok
109823at33090	18	c_grandiflora	4..3	0.185	771.1	296.9	0.0979	0.0174	0.1773	-1825.621154	2.71272	True	ok
109823at33090	18		4..5	0.0	771.1	296.9	0.1585	0.0	0.0	-1825.621154	2.71272	False	ds_floor
109823at33090	18	a_halleri	5..1	0.027	771.1	296.9	0.1585	0.0037	0.0231	-1825.621154	2.71272	True	ok
109823at33090	18	a_thaliana	5..2	0.041	771.1	296.9	0.1585	0.0055	0.0348	-1825.621154	2.71272	True	ok
110222at33090	19	c_grandiflora	4..3	0.009	1373.0	391.0	999.0	0.0039	0.0	-3257.805125	1.4202	True	omega_boundary
110222at33090	19		4..5	0.228	1373.0	391.0	0.1784	0.0377	0.2111	-3257.805125	1.4202	False	ok
110222at33090	19	a_halleri	5..1	0.06	1373.0	391.0	0.1784	0.0098	0.055	-3257.805125	1.4202	True	ok
110222at33090	19	a_thaliana	5..2	0.08	1373.0	391.0	0.1784	0.0131	0.0736	-3257.805125	1.4202	True	ok
111210at33090	20	c_grandiflora	4..3	0.201	826.5	268.5	0.1545	0.0286	0.1848	-1909.257045	1.91412	True	ok
111210at33090	20		4..5	0.0	826.5	268.5	0.0769	0.0	0.0	-1909.257045	1.91412	False	ds_floor
111210at33090	20	a_halleri	5..1	0.039	826.5	268.5	0.0769	0.0033	0.0432	-1909.257045	1.91412	True	ok
111210at33090	20	a_thaliana	5..2	0.046	826.5	268.5	0.0769	0.0039	0.0508	-1909.257045	1.91412	True	ok
111213at33090	1	c_grandiflora	4..3	0.044	746.6	294.4	0.0001	0.0	0.0523	-1812.236783	2.39283	True	omega_boundary
111213at33090	1		4..5	0.076	746.6	294.4	0.2091	0.0122	0.0584	-1812.236783	2.39283	False	ok
111213at33090	1	a_halleri	5..1	0.067	746.6	294.4	0.2091	0.0107	0.0513	-1812.236783	2.39283	True	ok
111213at33090	1	a_thaliana	5..2	0.062	746.6	294.4	0.2091	0.01	0.0477	-1812.236783	2.39283	True	ok
111249at33090	2	c_grandiflora	4..3	0.291	911.9	297.1	0.2527	0.0562	0.2224	-2392.345997	1.49828	True	ok
111249at33090	2		4..5	0.0	911.9	297.1	0.3085	0.0	0.0	-2392.345997	1.49828	False	ds_floor
111249at33090	2	a_halleri	5..1	0.066	911.9	297.1	0.3085	0.0143	0.0463	-2392.345997	1.49828	True	ok
111249at33090	2	a_thaliana	5..2	0.109	911.9	297.1	0.3085	0.0235	0.0761	-2392.345997	1.49828	True	ok
111924at33090	3	c_grandiflora	4..3	0.201	743.0	232.0	0.1129	0.0233	0.2066	-1737.675428	1.97963	True	ok
111924at33090	3		4..5	0.0	743.0	232.0	0.0783	0.0	0.0	-1737.675428	1.97963	False	ds_floor
111924at33090	3	a_halleri	5..1	0.061	743.0	232.0	0.0783	0.0053	0.0678	-1737.675428	1.97963	True	ok
111924at33090	3	a_thaliana	5..2	0.08	743.0	232.0	0.0783	0.007	0.09	-1737.675428	1.97963	True	ok
112325at33090	4	c_grandiflora	4..3	0.042	860.8	255.2	999.0	0.0179	0.0	-2094.552569	1.95577	True	omega_boundary
112325at33090	4		4..5	0.24	860.8	255.2	0.0781	0.0216	0.2772	-2094.552569	1.95577	False	ok
112325at33090	4	a_halleri	5..1	0.08	860.8	255.2	0.0781	0.0072	0.092	-2094.552569	1.95577	True	ok
112325at33090	4	a_thaliana	5..2	0.085	860.8	255.2	0.0781	0.0077	0.0986	-2094.552569	1.95577	True	ok
112461at33090	5	c_grandiflora	4..3	0.041	1284.7	389.3	0.0001	0.0	0.0589	-2937.833947	1.5865	True	omega_boundary
112461at33090	5		4..5	0.172	1284.7	389.3	0.1723	0.027	0.1568	-2937.833947	1.5865	False	ok
112461at33090	5	a_halleri	5..1	0.04	1284.7	389.3	0.1723	0.0063	0.0364	-2937.833947	1.5865	True	ok
112461at33090	5	a_thaliana	5..2	0.04	1284.7	389.3	0.1723	0.0063	0.0367	-2937.833947	1.5865	True	ok
112542at33090	6	c_grandiflora	4..3	0.017	765.0	300.0	999.0	0.0078	0.0	-1885.230519	2.60223	True	omega_boundary
112542at33090	6		4..5	0.081	765.0	300.0	0.1456	0.0102	0.0699	-1885.230519	2.60223	False	ok
112542at33090	6	a_halleri	5..1	0.09	765.0	300.0	0.1456	0.0113	0.0779	-1885.230519	2.60223	True	ok
112542at33090	6	a_thaliana	5..2	0.088	765.0	300.0	0.1456	0.011	0.0757	-1885.230519	2.60223	True	ok
114996at33090	7	c_grandiflora	4..3	0.012	2996.5	948.5	0.0001	0.0	0.0173	-6818.869064	1.76068	True	omega_boundary
114996at33090	7		4..5	0.123	2996.5	948.5	0.2214	0.0221	0.1	-6818.869064	1.76068	False	ok
114996at33090	7	a_halleri	5..1	0.044	2996.5	948.5	0.2214	0.008	0.0359	-6818.869064	1.76068	True	ok
114996at33090	7	a_thaliana	5..2	0.061	2996.5	948.5	0.2214	0.011	0.0498	-6818.869064	1.76068	True	ok
115240at33090	8	c_grandiflora	4..3	0.211	923.0	319.0	0.0923	0.02	0.2163	-2151.832214	2.3715	True	ok
115240at33090	8		4..5	0.0	923.0	319.0	0.0472	0.0	0.0	-2151.832214	2.3715	False	ds_floor
115240at33090	8	a_halleri	5..1	0.037	923.0	319.0	0.0472	0.002	0.0425	-2151.832214	2.3715	True	ok
115240at33090	8	a_thaliana	5..2	0.063	923.0	319.0	0.0472	0.0034	0.0722	-2151.832214	2.3715	True	ok
115992at33090	9	c_grandiflora	4..3	0.093	648.7	248.3	0.0001	0.0	0.1124	-1497.468177	3.20864	True	omega_boundary
115992at33090	9		4..5	0.06	648.7	248.3	0.0464	0.003	0.0649	-1497.468177	3.20864	False	ok
115992at33090	9	a_halleri	5..1	0.039	648.7	248.3	0.0464	0.002	0.0422	-1497.468177	3.20864	True	ok
115992at33090	9	a_thaliana	5..2	0.057	648.7	248.3	0.0464	0.0029	0.0616	-1497.468177	3.20864	True	ok
116411at33090	10	c_grandiflora	4..3	0.025	822.3	272.7	999.0	0.0112	0.0	-1862.842059	1.94776	True	omega_boundary
116411at33090	10		4..5	0.088	822.3	272.7	0.0521	0.0053	0.1022	-1862.842059	1.94776	False	ok
116411at33090	10	a_halleri	5..1	0.05	822.3	272.7	0.0521	0.003	0.0584	-1862.842059	1.94776	True	ok
116411at33090	10	a_thaliana	5..2	0.069	822.3	272.7	0.0521	0.0042	0.0799	-1862.842059	1.94776	True	ok
116516at33090	11	c_grandiflora	4..3	0.009	1216.7	427.3	999.0	0.0041	0.0	-2832.963677	2.24047	True	omega_boundary
116516at33090	11		4..5	0.1	1216.7	427.3	0.0797	0.0083	0.1047	-2832.963677	2.24047	False	ok
116516at33090	11	a_halleri	5..1	0.059	1216.7	427.3	0.0797	0.0049	0.0617	-2832.963677	2.24047	True	ok
116516at33090	11	a_thaliana	5..2	0.083	1216.7	427.3	0.0797	0.0069	0.0867	-2832.963677	2.24047	True	ok
116585at33090	12	c_grandiflora	4..3	0.251	844.8	277.2	0.1549	0.0356	0.2297	-2054.31194	1.70103	True	ok
116585at33090	12		4..5	0.0	844.8	277.2	0.1336	0.0	0.0	-2054.31194	1.70103	False	ds_floor
116585at33090	12	a_halleri	5..1	0.037	844.8	277.2	0.1336	0.0047	0.0352	-2054.31194	1.70103	True	ok
116585at33090	12	a_thaliana	5..2	0.068	844.8	277.2	0.1336	0.0088	0.0656	-2054.31194	1.70103	True	ok
116623at33090	13	c_grandiflora	4..3	0.019	913.4	298.6	0.0001	0.0	0.0257	-2360.203422	1.96403	True	omega_boundary
116623at33090	13		4..5	0.182	913.4	298.6	0.2211	0.0324	0.1466	-2360.203422	1.96403	False	ok
116623at33090	13	a_halleri	5..1	0.122	913.4	298.6	0.2211	0.0218	0.0985	-2360.203422	1.96403	True	ok
116623at33090	13	a_thaliana	5..2	0.102	913.4	298.6	0.2211	0.0182	0.0822	-2360.203422	1.96403	True	ok
117191at33090	14	c_grandiflora	4..3	0.001	862.8	343.2	0.9407	0.0002	0.0002	-2060.716765	2.87566	True	ds_floor
117191at33090	14		4..5	0.145	862.8	343.2	0.0787	0.0112	0.1421	-2060.716765	2.87566	False	ok
117191at33090	14	a_halleri	5..1	0.059	862.8	343.2	0.0787	0.0046	0.0578	-2060.716765	2.87566	True	ok
117191at33090	14	a_thaliana	5..2	0.051	862.8	343.2	0.0787	0.004	0.0502	-2060.716765	2.87566	True	ok
117247at33090	15	c_grandiflora	4..3	0.024	776.7	264.3	0.0001	0.0	0.0316	-1850.418316	2.07377	True	omega_boundary
117247at33090	15		4..5	0.119	776.7	264.3	0.1187	0.0138	0.1161	-1850.418316	2.07377	False	ok
117247at33090	15	a_halleri	5..1	0.088	776.7	264.3	0.1187	0.0101	0.0854	-1850.418316	2.07377	True	ok
117247at33090	15	a_thaliana	5..2	0.077	776.7	264.3	0.1187	0.0089	0.075	-1850.418316	2.07377	True	ok
11800at33090	16	c_grandiflora	4..3	0.207	2847.9	947.1	0.0631	0.0146	0.2319	-6772.196369	2.10653	True	ok
11800at33090	16		4..5	0.0	2847.9	947.1	0.0884	0.0	0.0	-6772.196369	2.10653	False	ds_floor
11800at33090	16	a_halleri	5..1	0.075	2847.9	947.1	0.0884	0.007	0.079	-6772.196369	2.10653	True	ok
11800at33090	16	a_thaliana	5..2	0.074	2847.9	947.1	0.0884	0.0069	0.078	-6772.196369	2.10653	True	ok
119439at33090	17	c_grandiflora	4..3	0.247	1010.3	393.7	0.0799	0.0195	0.244	-2510.244437	1.9657	True	ok
119439at33090	17		4..5	0.0	1010.3	393.7	0.1244	0.0	0.0	-2510.244437	1.9657	False	ds_floor
119439at33090	17	a_halleri	5..1	0.05	1010.3	393.7	0.1244	0.0056	0.0449	-2510.244437	1.9657	True	ok
119439at33090	17	a_thaliana	5..2	0.066	1010.3	393.7	0.1244	0.0074	0.0597	-2510.244437	1.9657	True	ok
120031at33090	18	c_grandiflora	4..3	0.211	922.8	331.2	0.2669	0.0408	0.1527	-2360.319617	2.36253	True	ok
120031at33090	18		4..5	0.0	922.8	331.2	0.5091	0.0	0.0	-2360.319617	2.36253	False	ds_floor
120031at33090	18	a_halleri	5..1	0.049	922.8	331.2	0.5091	0.0131	0.0258	-2360.319617	2.36253	True	ok
120031at33090	18	a_thaliana	5..2	0.094	922.8	331.2	0.5091	0.0249	0.0489	-2360.319617	2.36253	True	ok
120455at33090	19	c_grandiflora	4..3	0.165	706.3	280.7	0.2434	0.0291	0.1196	-1811.40512	2.80219	True	ok
120455at33090	19		4..5	0.0	706.3	280.7	0.1902	0.0	0.0	-1811.40512	2.80219	False	ds_floor
120455at33090	19	a_halleri	5..1	0.079	706.3	280.7	0.1902	0.0119	0.0628	-1811.40512	2.80219	True	ok
120455at33090	19	a_thaliana	5..2	0.084	706.3	280.7	0.1902	0.0127	0.0666	-1811.40512	2.80219	True	ok
120589at33090	20	c_grandiflora	4..3	0.115	1227.3	359.7	0.0322	0.0049	0.153	-2665.05603	1.27017	True	ok
120589at33090	20		4..5	0.0	1227.3	359.7	0.0741	0.0	0.0	-2665.05603	1.27017	False	ds_floor
120589at33090	20	a_halleri	5..1	0.059	1227.3	359.7	0.0741	0.0051	0.0691	-2665.05603	1.27017	True	ok
120589at33090	20	a_thaliana	5..2	0.074	1227.3	359.7	0.0741	0.0065	0.0873	-2665.05603	1.27017	True	ok
121281at33090	1	c_grandiflora	4..3	0.19	771.6	293.4	0.2256	0.0325	0.1439	-1978.166631	2.71441	True	ok
121281at33090	1		4..5	0.0	771.6	293.4	0.1362	0.0	0.0	-1978.166631	2.71441	False	ds_floor
121281at33090	1	a_halleri	5..1	0.074	771.6	293.4	0.1362	0.009	0.0661	-1978.166631	2.71441	True	ok
121281at33090	1	a_thaliana	5..2	0.102	771.6	293.4	0.1362	0.0123	0.0906	-1978.166631	2.71441	True	ok
122367at33090	2	c_grandiflora	4..3	0.0	1009.8	418.2	0.0001	0.0	0.0	-2772.514149	2.2402	True	omega_boundary
122367at33090	2		4..5	0.207	1009.8	418.2	0.2545	0.0371	0.1457	-2772.514149	2.2402	False	ok
122367at33090	2	a_halleri	5..1	0.067	1009.8	418.2	0.2545	0.0121	0.0475	-2772.514149	2.2402	True	ok
122367at33090	2	a_thaliana	5..2	0.125	1009.8	418.2	0.2545	0.0225	0.0883	-2772.514149	2.2402	True	ok
122422at33090	3	c_grandiflora	4..3	0.014	733.1	232.9	999.0	0.006	0.0	-1685.950311	1.75954	True	omega_boundary
122422at33090	3		4..5	0.142	733.1	232.9	0.0603	0.0099	0.1647	-1685.950311	1.75954	False	ok
122422at33090	3	a_halleri	5..1	0.066	733.1	232.9	0.0603	0.0046	0.0769	-1685.950311	1.75954	True	ok
122422at33090	3	a_thaliana	5..2	0.083	733.1	232.9	0.0603	0.0058	0.0959	-1685.950311	1.75954	True	ok
122831at33090	4	c_grandiflora	4..3	0.011	1240.9	373.1	999.0	0.005	0.0	-2920.565904	1.99117	True	omega_boundary
122831at33090	4		4..5	0.134	1240.9	373.1	0.1154	0.0161	0.14	-2920.565904	1.99117	False	ok
122831at33090	4	a_halleri	5..1	0.089	1240.9	373.1	0.1154	0.0107	0.0929	-2920.565904	1.99117	True	ok
122831at33090	4	a_thaliana	5..2	0.099	1240.9	373.1	0.1154	0.0119	0.1035	-2920.565904	1.99117	True	ok
122958at33090	5	c_grandiflora	4..3	0.056	766.1	229.9	0.0001	0.0	0.0805	-1776.963841	1.16088	True	omega_boundary
122958at33090	5		4..5	0.115	766.1	229.9	0.2118	0.0205	0.0969	-1776.963841	1.16088	False	ok
122958at33090	5	a_halleri	5..1	0.047	766.1	229.9	0.2118	0.0085	0.04	-1776.963841	1.16088	True	ok
122958at33090	5	a_thaliana	5..2	0.08	766.1	229.9	0.2118	0.0143	0.0675	-1776.963841	1.16088	True	ok
123838at33090	6	c_grandiflora	4..3	0.117	780.6	254.4	0.0001	0.0	0.1584	-1950.998395	2.34166	True	omega_boundary
123838at33090	6		4..5	0.148	780.6	254.4	0.3021	0.0315	0.1044	-1950.998395	2.34166	False	ok
123838at33090	6	a_halleri	5..1	0.07	780.6	254.4	0.3021	0.0149	0.0494	-1950.998395	2.34166	True	ok
123838at33090	6	a_thaliana	5..2	0.091	780.6	254.4	0.3021	0.0194	0.0642	-1950.998395	2.34166	True	ok
125747at33090	7	c_grandiflora	4..3	0.006	759.4	224.6	999.0	0.0025	0.0	-1690.955254	1.3805	True	omega_boundary
125747at33090	7		4..5	0.137	759.4	224.6	0.1135	0.0165	0.1451	-1690.955254	1.3805	False	ok
125747at33090	7	a_halleri	5..1	0.041	759.4	224.6	0.1135	0.0049	0.0436	-1690.955254	1.3805	True	ok
125747at33090	7	a_thaliana	5..2	0.07	759.4	224.6	0.1135	0.0084	0.0742	-1690.955254	1.3805	True	ok
126138at33090	8	c_grandiflora	4..3	0.208	1208.9	405.1	0.109	0.0227	0.2081	-2910.720245	1.85446	True	ok
126138at33090	8		4..5	0.0	1208.9	405.1	0.1594	0.0	0.0	-2910.720245	1.85446	False	ds_floor
126138at33090	8	a_halleri	5..1	0.04	1208.9	405.1	0.1594	0.0058	0.0361	-2910.720245	1.85446	True	ok
126138at33090	8	a_thaliana	5..2	0.085	1208.9	405.1	0.1594	0.0122	0.0768	-2910.720245	1.85446	True	ok
126427at33090	9	c_grandiflora	4..3	0.169	721.4	244.6	0.178	0.026	0.1461	-1863.868635	1.34769	True	ok
126427at33090	9		4..5	0.0	721.4	244.6	0.2513	0.0	0.0	-1863.868635	1.34769	False	ds_floor
126427at33090	9	a_halleri	5..1	0.069	721.4	244.6	0.2513	0.013	0.0518	-1863.868635	1.34769	True	ok
126427at33090	9	a_thaliana	5..2	0.157	721.4	244.6	0.2513	0.0298	0.1187	-1863.868635	1.34769	True	ok
128774at33090	10	c_grandiflora	4..3	0.081	623.0	220.0	0.1771	0.0122	0.0689	-1501.184901	4.18321	True	ok
128774at33090	10		4..5	0.116	623.0	220.0	0.2489	0.0216	0.0867	-1501.184901	4.18321	False	ok
128774at33090	10	a_halleri	5..1	0.037	623.0	220.0	0.2489	0.0068	0.0274	-1501.184901	4.18321	True	ok
128774at33090	10	a_thaliana	5..2	0.077	623.0	220.0	0.2489	0.0144	0.0578	-1501.184901	4.18321	True	ok
130268at33090	11	c_grandiflora	4..3	0.035	804.6	260.4	999.0	0.0154	0.0	-1951.705303	1.54745	True	omega_boundary
130268at33090	11		4..5	0.146	804.6	260.4	0.0627	0.0105	0.1669	-1951.705303	1.54745	False	ok
130268at33090	11	a_halleri	5..1	0.058	804.6	260.4	0.0627	0.0041	0.0659	-1951.705303	1.54745	True	ok
130268at33090	11	a_thaliana	5..2	0.113	804.6	260.4	0.0627	0.0081	0.1296	-1951.705303	1.54745	True	ok
130279at33090	12	c_grandiflora	4..3	0.029	904.2	319.8	999.0	0.0131	0.0	-2244.577379	3.23931	True	omega_boundary
130279at33090	12		4..5	0.107	904.2	319.8	0.131	0.0131	0.0998	-2244.577379	3.23931	False	ok
130279at33090	12	a_halleri	5..1	0.093	904.2	319.8	0.131	0.0113	0.0865	-2244.577379	3.23931	True	ok
130279at33090	12	a_thaliana	5..2	0.114	904.2	319.8	0.131	0.014	0.1065	-2244.577379	3.23931	True	ok
13039at33090	13	c_grandiflora	4..3	0.022	2189.2	726.8	0.0001	0.0	0.0298	-5129.386754	2.39069	True	omega_boundary
13039at33090	13		4..5	0.121	2189.2	726.8	0.1265	0.0149	0.1175	-5129.386754	2.39069	False	ok
13039at33090	13	a_halleri	5..1	0.066	2189.2	726.8	0.1265	0.0081	0.0638	-5129.386754	2.39069	True	ok
13039at33090	13	a_thaliana	5..2	0.08	2189.2	726.8	0.1265	0.0098	0.0774	-5129.386754	2.39069	True	ok
130637at33090	14	c_grandiflora	4..3	0.146	1044.2	362.8	0.0735	0.0115	0.156	-2473.968259	1.77799	True	ok
130637at33090	14		4..5	0.0	1044.2	362.8	0.1	0.0	0.0	-2473.968259	1.77799	False	ds_floor
130637at33090	14	a_halleri	5..1	0.08	1044.2	362.8	0.1	0.0081	0.0805	-2473.968259	1.77799	True	ok
130637at33090	14	a_thaliana	5..2	0.064	1044.2	362.8	0.1	0.0064	0.0645	-2473.968259	1.77799	True	ok
131556at33090	15	c_grandiflora	4..3	0.069	1068.6	350.4	0.0001	0.0	0.093	-2626.343748	1.51628	True	omega_boundary
131556at33090	15		4..5	0.157	1068.6	350.4	0.1757	0.0242	0.1378	-2626.343748	1.51628	False	ok
131556at33090	15	a_halleri	5..1	0.044	1068.6	350.4	0.1757	0.0069	0.0391	-2626.343748	1.51628	True	ok
131556at33090	15	a_thaliana	5..2	0.098	1068.6	350.4	0.1757	0.0151	0.0857	-2626.343748	1.51628	True	ok
131874at33090	16	c_grandiflora	4..3	0.005	1471.8	553.2	369.2692	0.0022	0.0	-3606.961436	2.46221	True	ds_floor
131874at33090	16		4..5	0.187	1471.8	553.2	0.1245	0.0214	0.1716	-3606.961436	2.46221	False	ok
131874at33090	16	a_halleri	5..1	0.055	1471.8	553.2	0.1245	0.0062	0.0501	-3606.961436	2.46221	True	ok
131874at33090	16	a_thaliana	5..2	0.059	1471.8	553.2	0.1245	0.0067	0.054	-3606.961436	2.46221	True	ok
131914at33090	17	c_grandiflora	4..3	0.016	712.9	250.1	0.0001	0.0	0.021	-1698.339177	1.8141	True	omega_boundary
131914at33090	17		4..5	0.137	712.9	250.1	0.1187	0.0156	0.1312	-1698.339177	1.8141	False	ok
131914at33090	17	a_halleri	5..1	0.061	712.9	250.1	0.1187	0.0069	0.0584	-1698.339177	1.8141	True	ok
131914at33090	17	a_thaliana	5..2	0.078	712.9	250.1	0.1187	0.0089	0.0747	-1698.339177	1.8141	True	ok
133112at33090	18	c_grandiflora	4..3	0.148	917.1	324.9	0.1928	0.0235	0.1218	-2171.59612	1.50319	True	ok
133112at33090	18		4..5	0.0	917.1	324.9	0.1376	0.0	0.0	-2171.59612	1.50319	False	ds_floor
133112at33090	18	a_halleri	5..1	0.063	917.1	324.9	0.1376	0.0079	0.0574	-2171.59612	1.50319	True	ok
133112at33090	18	a_thaliana	5..2	0.059	917.1	324.9	0.1376	0.0074	0.054	-2171.59612	1.50319	True	ok
133622at33090	19	c_grandiflora	4..3	0.251	861.4	254.6	0.1593	0.038	0.2386	-2193.802952	1.70011	True	ok
133622at33090	19		4..5	0.0	861.4	254.6	0.2923	0.0	0.0	-2193.802952	1.70011	False	ds_floor
133622at33090	19	a_halleri	5..1	0.1	861.4	254.6	0.2923	0.0216	0.0738	-2193.802952	1.70011	True	ok
133622at33090	19	a_thaliana	5..2	0.123	861.4	254.6	0.2923	0.0264	0.0904	-2193.802952	1.70011	True	ok
134078at33090	20	c_grandiflora	4..3	0.056	729.0	261.0	0.0001	0.0	0.0711	-1673.70386	1.89743	True	omega_boundary
134078at33090	20		4..5	0.087	729.0	261.0	0.0746	0.0068	0.0911	-1673.70386	1.89743	False	ok
134078at33090	20	a_halleri	5..1	0.039	729.0	261.0	0.0746	0.0031	0.0412	-1673.70386	1.89743	True	ok
134078at33090	20	a_thaliana	5..2	0.088	729.0	261.0	0.0746	0.0068	0.0916	-1673.70386	1.89743	True	ok
135419at33090	1	c_grandiflora	4..3	0.028	937.6	313.4	999.0	0.0124	0.0	-2247.943629	2.31506	True	omega_boundary
135419at33090	1		4..5	0.152	937.6	313.4	0.098	0.0153	0.1564	-2247.943629	2.31506	False	ok
135419at33090	1	a_halleri	5..1	0.058	937.6	313.4	0.098	0.0058	0.0595	-2247.943629	2.31506	True	ok
135419at33090	1	a_thaliana	5..2	0.092	937.6	313.4	0.098	0.0093	0.095	-2247.943629	2.31506	True	ok
135892at33090	2	c_grandiflora	4..3	0.011	1216.4	415.6	0.0001	0.0	0.0147	-2858.417524	1.7295	True	omega_boundary
135892at33090	2		4..5	0.117	1216.4	415.6	0.0973	0.0116	0.1191	-2858.417524	1.7295	False	ok
135892at33090	2	a_halleri	5..1	0.059	1216.4	415.6	0.0973	0.0058	0.0598	-2858.417524	1.7295	True	ok
135892at33090	2	a_thaliana	5..2	0.102	1216.4	415.6	0.0973	0.0101	0.1035	-2858.417524	1.7295	True	ok
136118at33090	3	c_grandiflora	4..3	0.0	1473.1	467.9	0.2025	0.0	0.0	-3575.639662	1.24945	True	ds_floor
136118at33090	3		4..5	0.21	1473.1	467.9	0.1106	0.0238	0.2157	-3575.639662	1.24945	False	ok
136118at33090	3	a_halleri	5..1	0.074	1473.1	467.9	0.1106	0.0084	0.0763	-3575.639662	1.24945	True	ok
136118at33090	3	a_thaliana	5..2	0.075	1473.1	467.9	0.1106	0.0085	0.0767	-3575.639662	1.24945	True	ok
136267at33090	4	c_grandiflora	4..3	0.018	755.8	267.2	0.0001	0.0	0.0235	-1895.74713	2.15823	True	omega_boundary
136267at33090	4		4..5	0.175	755.8	267.2	0.4364	0.0436	0.0999	-1895.74713	2.15823	False	ok
136267at33090	4	a_halleri	5..1	0.053	755.8	267.2	0.4364	0.0131	0.0301	-1895.74713	2.15823	True	ok
136267at33090	4	a_thaliana	5..2	0.079	755.8	267.2	0.4364	0.0197	0.0452	-1895.74713	2.15823	True	ok
1363at33090	5	c_grandiflora	4..3	0.0	3646.6	1171.4	5.0295	0.0	0.0	-8057.399356	2.17733	True	ds_floor
1363at33090	5		4..5	0.136	3646.6	1171.4	0.1209	0.0163	0.1352	-8057.399356	2.17733	False	ok
1363at33090	5	a_halleri	5..1	0.028	3646.6	1171.4	0.1209	0.0034	0.0279	-8057.399356	2.17733	True	ok
1363at33090	5	a_thaliana	5..2	0.055	3646.6	1171.4	0.1209	0.0067	0.0552	-8057.399356	2.17733	True	ok
13643at33090	6	c_grandiflora	4..3	0.006	1841.2	666.8	817.2228	0.0028	0.0	-4181.841347	1.78613	True	ds_floor
13643at33090	6		4..5	0.116	1841.2	666.8	0.0423	0.0055	0.1301	-4181.841347	1.78613	False	ok
13643at33090	6	a_halleri	5..1	0.044	1841.2	666.8	0.0423	0.0021	0.0498	-4181.841347	1.78613	True	ok
13643at33090	6	a_thaliana	5..2	0.059	1841.2	666.8	0.0423	0.0028	0.0657	-4181.841347	1.78613	True	ok
136579at33090	7	c_grandiflora	4..3	0.01	1015.1	310.9	0.0001	0.0	0.0149	-2312.291771	2.80671	True	omega_boundary
136579at33090	7		4..5	0.112	1015.1	310.9	0.1859	0.0184	0.099	-2312.291771	2.80671	False	ok
136579at33090	7	a_halleri	5..1	0.086	1015.1	310.9	0.1859	0.0142	0.0765	-2312.291771	2.80671	True	ok
136579at33090	7	a_thaliana	5..2	0.057	1015.1	310.9	0.1859	0.0094	0.0504	-2312.291771	2.80671	True	ok
137018at33090	8	c_grandiflora	4..3	0.192	888.9	320.1	0.0727	0.0147	0.2015	-2151.743666	2.40827	True	ok
137018at33090	8		4..5	0.0	888.9	320.1	0.0601	0.0	0.0	-2151.743666	2.40827	False	ds_floor
137018at33090	8	a_halleri	5..1	0.063	888.9	320.1	0.0601	0.0041	0.0678	-2151.743666	2.40827	True	ok
137018at33090	8	a_thaliana	5..2	0.077	888.9	320.1	0.0601	0.005	0.0827	-2151.743666	2.40827	True	ok
137771at33090	9	c_grandiflora	4..3	0.0	1559.2	438.8	0.2972	0.0	0.0	-3352.184851	1.47883	True	ds_floor
137771at33090	9		4..5	0.094	1559.2	438.8	0.0967	0.0103	0.1064	-3352.184851	1.47883	False	ok
137771at33090	9	a_halleri	5..1	0.061	1559.2	438.8	0.0967	0.0066	0.0684	-3352.184851	1.47883	True	ok
137771at33090	9	a_thaliana	5..2	0.079	1559.2	438.8	0.0967	0.0086	0.0889	-3352.184851	1.47883	True	ok
137787at33090	10	c_grandiflora	4..3	0.022	1490.5	447.5	999.0	0.0096	0.0	-3685.342858	2.00132	True	omega_boundary
137787at33090	10		4..5	0.163	1490.5	447.5	0.1931	0.0276	0.1429	-3685.342858	2.00132	False	ok
137787at33090	10	a_halleri	5..1	0.073	1490.5	447.5	0.1931	0.0123	0.0639	-3685.342858	2.00132	True	ok
137787at33090	10	a_thaliana	5..2	0.139	1490.5	447.5	0.1931	0.0235	0.1217	-3685.342858	2.00132	True	ok
138782at33090	11	c_grandiflora	4..3	0.029	749.2	252.8	999.0	0.013	0.0	-1811.827162	1.85287	True	omega_boundary
138782at33090	11		4..5	0.116	749.2	252.8	0.0976	0.0116	0.1184	-1811.827162	1.85287	False	ok
138782at33090	11	a_halleri	5..1	0.09	749.2	252.8	0.0976	0.009	0.0921	-1811.827162	1.85287	True	ok
138782at33090	11	a_thaliana	5..2	0.084	749.2	252.8	0.0976	0.0084	0.0858	-1811.827162	1.85287	True	ok
139062at33090	12	c_grandiflora	4..3	0.15	831.9	260.1	0.1365	0.02	0.1465	-1849.979271	2.03215	True	ok
139062at33090	12		4..5	0.0	831.9	260.1	0.3099	0.0	0.0	-1849.979271	2.03215	False	ds_floor
139062at33090	12	a_halleri	5..1	0.058	831.9	260.1	0.3099	0.0127	0.041	-1849.979271	2.03215	True	ok
139062at33090	12	a_thaliana	5..2	0.048	831.9	260.1	0.3099	0.0104	0.0334	-1849.979271	2.03215	True	ok
139450at33090	13	c_grandiflora	4..3	0.023	1045.9	289.1	999.0	0.0097	0.0	-2565.467727	1.28882	True	omega_boundary
139450at33090	13		4..5	0.226	1045.9	289.1	0.1645	0.0359	0.2183	-2565.467727	1.28882	False	ok
139450at33090	13	a_halleri	5..1	0.066	1045.9	289.1	0.1645	0.0104	0.0635	-2565.467727	1.28882	True	ok
139450at33090	13	a_thaliana	5..2	0.122	1045.9	289.1	0.1645	0.0193	0.1176	-2565.467727	1.28882	True	ok
139497at33090	14	c_grandiflora	4..3	0.191	2434.6	721.4	0.177	0.0309	0.1744	-5825.718478	1.70091	True	ok
139497at33090	14		4..5	0.001	2434.6	721.4	0.1788	0.0002	0.0012	-5825.718478	1.70091	False	ok
139497at33090	14	a_halleri	5..1	0.071	2434.6	721.4	0.1788	0.0116	0.0646	-5825.718478	1.70091	True	ok
139497at33090	14	a_thaliana	5..2	0.086	2434.6	721.4	0.1788	0.014	0.0785	-5825.718478	1.70091	True	ok
140683at33090	15	c_grandiflora	4..3	0.0	782.6	297.4	0.3377	0.0	0.0	-2103.504011	1.33745	True	ds_floor
140683at33090	15		4..5	0.252	782.6	297.4	0.3257	0.0535	0.1644	-2103.504011	1.33745	False	ok
140683at33090	15	a_halleri	5..1	0.081	782.6	297.4	0.3257	0.0173	0.0531	-2103.504011	1.33745	True	ok
140683at33090	15	a_thaliana	5..2	0.067	782.6	297.4	0.3257	0.0141	0.0434	-2103.504011	1.33745	True	ok
140876at33090	16	c_grandiflora	4..3	0.01	651.6	230.4	999.0	0.0046	0.0	-1596.896774	2.98215	True	omega_boundary
140876at33090	16		4..5	0.201	651.6	230.4	0.1102	0.0215	0.1951	-1596.896774	2.98215	False	ok
140876at33090	16	a_halleri	5..1	0.031	651.6	230.4	0.1102	0.0033	0.0297	-1596.896774	2.98215	True	ok
140876at33090	16	a_thaliana	5..2	0.109	651.6	230.4	0.1102	0.0117	0.1058	-1596.896774	2.98215	True	ok
141861at33090	17	c_grandiflora	4..3	0.007	663.2	212.8	999.0	0.003	0.0	-1773.745362	2.38481	True	omega_boundary
141861at33090	17		4..5	0.231	663.2	212.8	0.2676	0.0463	0.1729	-1773.745362	2.38481	False	ok
141861at33090	17	a_halleri	5..1	0.11	663.2	212.8	0.2676	0.0221	0.0824	-1773.745362	2.38481	True	ok
141861at33090	17	a_thaliana	5..2	0.137	663.2	212.8	0.2676	0.0275	0.1027	-1773.745362	2.38481	True	ok
1419at33090	18	c_grandiflora	4..3	0.004	4124.4	1443.6	999.0	0.0019	0.0	-10281.513463	2.73962	True	omega_boundary
1419at33090	18		4..5	0.196	4124.4	1443.6	0.2852	0.0396	0.139	-10281.513463	2.73962	False	ok
1419at33090	18	a_halleri	5..1	0.049	4124.4	1443.6	0.2852	0.0099	0.0347	-10281.513463	2.73962	True	ok
1419at33090	18	a_thaliana	5..2	0.087	4124.4	1443.6	0.2852	0.0177	0.0619	-10281.513463	2.73962	True	ok
142382at33090	19	c_grandiflora	4..3	0.002	758.4	246.6	97.9914	0.0008	0.0	-1759.228105	1.98952	True	ds_floor
142382at33090	19		4..5	0.13	758.4	246.6	0.0868	0.0121	0.1396	-1759.228105	1.98952	False	ok
142382at33090	19	a_halleri	5..1	0.068	758.4	246.6	0.0868	0.0063	0.0728	-1759.228105	1.98952	True	ok
142382at33090	19	a_thaliana	5..2	0.098	758.4	246.6	0.0868	0.0092	0.1055	-1759.228105	1.98952	True	ok
142433at33090	20	c_grandiflora	4..3	0.018	777.5	278.5	0.0001	0.0	0.0225	-2140.173211	2.39002	True	omega_boundary
142433at33090	20		4..5	0.192	777.5	278.5	0.3381	0.0422	0.1249	-2140.173211	2.39002	False	ok
142433at33090	20	a_halleri	5..1	0.098	777.5	278.5	0.3381	0.0216	0.064	-2140.173211	2.39002	True	ok
142433at33090	20	a_thaliana	5..2	0.168	777.5	278.5	0.3381	0.0368	0.1089	-2140.173211	2.39002	True	ok
143102at33090	1	c_grandiflora	4..3	0.006	893.6	351.4	999.0	0.0026	0.0	-2237.320802	2.20922	True	omega_boundary
143102at33090	1		4..5	0.183	893.6	351.4	0.1436	0.0227	0.1581	-2237.320802	2.20922	False	ok
143102at33090	1	a_halleri	5..1	0.055	893.6	351.4	0.1436	0.0068	0.0477	-2237.320802	2.20922	True	ok
143102at33090	1	a_thaliana	5..2	0.076	893.6	351.4	0.1436	0.0095	0.0659	-2237.320802	2.20922	True	ok
143347at33090	2	c_grandiflora	4..3	0.04	750.5	242.5	0.0001	0.0	0.0542	-1747.824851	1.41738	True	omega_boundary
143347at33090	2		4..5	0.118	750.5	242.5	0.1153	0.0136	0.1183	-1747.824851	1.41738	False	ok
143347at33090	2	a_halleri	5..1	0.056	750.5	242.5	0.1153	0.0065	0.0567	-1747.824851	1.41738	True	ok
143347at33090	2	a_thaliana	5..2	0.085	750.5	242.5	0.1153	0.0099	0.0857	-1747.824851	1.41738	True	ok
143963at33090	3	c_grandiflora	4..3	0.177	716.4	276.6	0.3151	0.0368	0.1169	-1917.412332	2.49258	True	ok
143963at33090	3		4..5	0.0	716.4	276.6	0.4014	0.0	0.0	-1917.412332	2.49258	False	ds_floor
143963at33090	3	a_halleri	5..1	0.103	716.4	276.6	0.4014	0.0244	0.0607	-1917.412332	2.49258	True	ok
143963at33090	3	a_thaliana	5..2	0.095	716.4	276.6	0.4014	0.0223	0.0556	-1917.412332	2.49258	True	ok
144144at33090	4	c_grandiflora	4..3	0.126	469.1	145.9	0.144	0.0175	0.1214	-1040.092968	1.90654	True	ok
144144at33090	4		4..5	0.0	469.1	145.9	0.119	0.0	0.0	-1040.092968	1.90654	False	ds_floor
144144at33090	4	a_halleri	5..1	0.059	469.1	145.9	0.119	0.0071	0.0595	-1040.092968	1.90654	True	ok
144144at33090	4	a_thaliana	5..2	0.049	469.1	145.9	0.119	0.0059	0.0493	-1040.092968	1.90654	True	ok
144680at33090	5	c_grandiflora	4..3	50.0	501.1	182.9	0.0117	0.7065	60.3845	-1901.333248	1.35689	True	ok
144680at33090	5		4..5	0.968	501.1	182.9	0.1968	0.1542	0.7837	-1901.333248	1.35689	False	ok
144680at33090	5	a_halleri	5..1	0.088	501.1	182.9	0.1968	0.014	0.0711	-1901.333248	1.35689	True	ok
144680at33090	5	a_thaliana	5..2	0.039	501.1	182.9	0.1968	0.0062	0.0316	-1901.333248	1.35689	True	ok
144716at33090	6	c_grandiflora	4..3	0.197	650.9	222.1	0.135	0.0249	0.1846	-1858.377656	1.79134	True	ok
144716at33090	6		4..5	0.0	650.9	222.1	0.4311	0.0	0.0	-1858.377656	1.79134	False	ds_floor
144716at33090	6	a_halleri	5..1	0.243	650.9	222.1	0.4311	0.0607	0.1408	-1858.377656	1.79134	True	ok
144716at33090	6	a_thaliana	5..2	0.145	650.9	222.1	0.4311	0.0363	0.0842	-1858.377656	1.79134	True	ok
144765at33090	7	c_grandiflora	4..3	0.023	743.4	294.6	0.0001	0.0	0.0275	-1923.735966	2.57756	True	omega_boundary
144765at33090	7		4..5	0.2	743.4	294.6	0.1215	0.0218	0.1798	-1923.735966	2.57756	False	ok
144765at33090	7	a_halleri	5..1	0.061	743.4	294.6	0.1215	0.0067	0.0551	-1923.735966	2.57756	True	ok
144765at33090	7	a_thaliana	5..2	0.094	743.4	294.6	0.1215	0.0102	0.0844	-1923.735966	2.57756	True	ok
144990at33090	8	c_grandiflora	4..3	0.028	672.1	236.9	999.0	0.0124	0.0	-1601.561119	1.95475	True	omega_boundary
144990at33090	8		4..5	0.148	672.1	236.9	0.0453	0.0076	0.1679	-1601.561119	1.95475	False	ok
144990at33090	8	a_halleri	5..1	0.059	672.1	236.9	0.0453	0.003	0.0667	-1601.561119	1.95475	True	ok
144990at33090	8	a_thaliana	5..2	0.083	672.1	236.9	0.0453	0.0043	0.0945	-1601.561119	1.95475	True	ok
145061at33090	9	c_grandiflora	4..3	0.0	1429.5	517.5	8.0794	0.0	0.0	-3526.400444	2.22785	True	ds_floor
145061at33090	9		4..5	0.162	1429.5	517.5	0.1741	0.0239	0.1375	-3526.400444	2.22785	False	ok
145061at33090	9	a_halleri	5..1	0.062	1429.5	517.5	0.1741	0.0092	0.0528	-3526.400444	2.22785	True	ok
145061at33090	9	a_thaliana	5..2	0.081	1429.5	517.5	0.1741	0.012	0.0688	-3526.400444	2.22785	True	ok
145734at33090	10	c_grandiflora	4..3	0.03	954.7	251.3	0.0001	0.0	0.0478	-2242.824697	1.26374	True	omega_boundary
145734at33090	10		4..5	0.141	954.7	251.3	0.0955	0.0158	0.1654	-2242.824697	1.26374	False	ok
145734at33090	10	a_halleri	5..1	0.051	954.7	251.3	0.0955	0.0057	0.0599	-2242.824697	1.26374	True	ok
145734at33090	10	a_thaliana	5..2	0.195	954.7	251.3	0.0955	0.0218	0.2284	-2242.824697	1.26374	True	ok
146354at33090	11	c_grandiflora	4..3	0.244	663.0	243.0	0.0937	0.0226	0.2413	-1685.39967	2.38628	True	ok
146354at33090	11		4..5	0.0	663.0	243.0	0.0846	0.0	0.0	-1685.39967	2.38628	False	ds_floor
146354at33090	11	a_halleri	5..1	0.112	663.0	243.0	0.0846	0.0096	0.1131	-1685.39967	2.38628	True	ok
146354at33090	11	a_thaliana	5..2	0.073	663.0	243.0	0.0846	0.0062	0.0739	-1685.39967	2.38628	True	ok
146469at33090	12	c_grandiflora	4..3	0.058	596.9	231.1	0.0001	0.0	0.0699	-1595.747716	1.83486	True	omega_boundary
146469at33090	12		4..5	0.211	596.9	231.1	0.1166	0.0226	0.1936	-1595.747716	1.83486	False	ok
146469at33090	12	a_halleri	5..1	0.102	596.9	231.1	0.1166	0.0109	0.0933	-1595.747716	1.83486	True	ok
146469at33090	12	a_thaliana	5..2	0.108	596.9	231.1	0.1166	0.0116	0.0993	-1595.747716	1.83486	True	ok
146772at33090	13	c_grandiflora	4..3	0.138	692.6	237.4	0.5953	0.0392	0.0659	-1743.262406	1.77452	True	ok
146772at33090	13		4..5	0.062	692.6	237.4	0.1152	0.0069	0.0603	-1743.262406	1.77452	False	ok
146772at33090	13	a_halleri	5..1	0.114	692.6	237.4	0.1152	0.0128	0.1114	-1743.262406	1.77452	True	ok
146772at33090	13	a_thaliana	5..2	0.07	692.6	237.4	0.1152	0.0079	0.0686	-1743.262406	1.77452	True	ok
146921at33090	14	c_grandiflora	4..3	0.165	536.2	198.8	0.0513	0.0092	0.1788	-1303.341357	2.37081	True	ok
146921at33090	14		4..5	0.0	536.2	198.8	0.0357	0.0	0.0	-1303.341357	2.37081	False	ds_floor
146921at33090	14	a_halleri	5..1	0.051	536.2	198.8	0.0357	0.0021	0.0576	-1303.341357	2.37081	True	ok
146921at33090	14	a_thaliana	5..2	0.143	536.2	198.8	0.0357	0.0058	0.1613	-1303.341357	2.37081	True	ok
147083at33090	15	c_grandiflora	4..3	0.025	769.8	265.2	999.0	0.0111	0.0	-2029.781883	2.54027	True	omega_boundary
147083at33090	15		4..5	0.237	769.8	265.2	0.2071	0.0398	0.1922	-2029.781883	2.54027	False	ok
147083at33090	15	a_halleri	5..1	0.07	769.8	265.2	0.2071	0.0118	0.057	-2029.781883	2.54027	True	ok
147083at33090	15	a_thaliana	5..2	0.118	769.8	265.2	0.2071	0.0198	0.0956	-2029.781883	2.54027	True	ok
147262at33090	16	c_grandiflora	4..3	0.201	795.7	332.3	0.0956	0.0177	0.185	-2121.883802	1.81993	True	ok
147262at33090	16		4..5	0.0	795.7	332.3	0.1694	0.0	0.0	-2121.883802	1.81993	False	ds_floor
147262at33090	16	a_halleri	5..1	0.093	795.7	332.3	0.1694	0.0127	0.0752	-2121.883802	1.81993	True	ok
147262at33090	16	a_thaliana	5..2	0.097	795.7	332.3	0.1694	0.0133	0.0783	-2121.883802	1.81993	True	ok
148839at33090	17	c_grandiflora	4..3	0.0	946.8	292.2	0.4292	0.0	0.0	-2034.009009	1.34705	True	ds_floor
148839at33090	17		4..5	0.079	946.8	292.2	0.0975	0.0083	0.085	-2034.009009	1.34705	False	ok
148839at33090	17	a_halleri	5..1	0.028	946.8	292.2	0.0975	0.0029	0.0298	-2034.009009	1.34705	True	ok
148839at33090	17	a_thaliana	5..2	0.077	946.8	292.2	0.0975	0.0081	0.0828	-2034.009009	1.34705	True	ok
149782at33090	18	c_grandiflora	4..3	0.302	572.1	195.9	0.1021	0.031	0.3039	-1414.039944	0.94623	True	ok
149782at33090	18		4..5	0.0	572.1	195.9	0.0682	0.0	0.0	-1414.039944	0.94623	False	ds_floor
149782at33090	18	a_halleri	5..1	0.053	572.1	195.9	0.0682	0.0039	0.0575	-1414.039944	0.94623	True	ok
149782at33090	18	a_thaliana	5..2	0.054	572.1	195.9	0.0682	0.004	0.0584	-1414.039944	0.94623	True	ok
150559at33090	19	c_grandiflora	4..3	0.075	654.7	164.3	0.0001	0.0	0.1253	-1602.364825	1.11078	True	omega_boundary
150559at33090	19		4..5	0.158	654.7	164.3	0.2539	0.0331	0.1304	-1602.364825	1.11078	False	ok
150559at33090	19	a_halleri	5..1	0.173	654.7	164.3	0.2539	0.0362	0.1428	-1602.364825	1.11078	True	ok
150559at33090	19	a_thaliana	5..2	0.061	654.7	164.3	0.2539	0.0128	0.0503	-1602.364825	1.11078	True	ok
152317at33090	20	c_grandiflora	4..3	0.039	675.2	263.8	0.0001	0.0	0.0467	-1727.478444	2.56366	True	omega_boundary
152317at33090	20		4..5	0.107	675.2	263.8	0.2557	0.0197	0.077	-1727.478444	2.56366	False	ok
152317at33090	20	a_halleri	5..1	0.07	675.2	263.8	0.2557	0.0128	0.0502	-1727.478444	2.56366	True	ok
152317at33090	20	a_thaliana	5..2	0.113	675.2	263.8	0.2557	0.0208	0.0814	-1727.478444	2.56366	True	ok
153820at33090	1	c_grandiflora	4..3	0.01	980.4	333.6	0.0001	0.0	0.0133	-2354.554714	1.72151	True	omega_boundary
153820at33090	1		4..5	0.165	980.4	333.6	0.0977	0.0164	0.1681	-2354.554714	1.72151	False	ok
153820at33090	1	a_halleri	5..1	0.065	980.4	333.6	0.0977	0.0064	0.0658	-2354.554714	1.72151	True	ok
153820at33090	1	a_thaliana	5..2	0.073	980.4	333.6	0.0977	0.0073	0.0748	-2354.554714	1.72151	True	ok
154870at33090	2	c_grandiflora	4..3	0.0	1504.1	523.9	3.0524	0.0	0.0	-3567.158868	2.1057	True	ds_floor
154870at33090	2		4..5	0.161	1504.1	523.9	0.14	0.0207	0.1481	-3567.158868	2.1057	False	ok
154870at33090	2	a_halleri	5..1	0.053	1504.1	523.9	0.14	0.0068	0.0488	-3567.158868	2.1057	True	ok
154870at33090	2	a_thaliana	5..2	0.072	1504.1	523.9	0.14	0.0093	0.0662	-3567.158868	2.1057	True	ok
155102at33090	3	c_grandiflora	4..3	0.035	642.4	218.6	0.0001	0.0	0.0457	-1493.649164	2.06681	True	omega_boundary
155102at33090	3		4..5	0.123	642.4	218.6	0.2312	0.0222	0.0962	-1493.649164	2.06681	False	ok
155102at33090	3	a_halleri	5..1	0.032	642.4	218.6	0.2312	0.0058	0.0252	-1493.649164	2.06681	True	ok
155102at33090	3	a_thaliana	5..2	0.064	642.4	218.6	0.2312	0.0117	0.0504	-1493.649164	2.06681	True	ok
1557at33090	4	c_grandiflora	4..3	0.184	3871.0	1262.0	0.2353	0.0341	0.1448	-9243.324296	2.1507	True	ok
1557at33090	4		4..5	0.0	3871.0	1262.0	0.2261	0.0	0.0	-9243.324296	2.1507	False	ds_floor
1557at33090	4	a_halleri	5..1	0.051	3871.0	1262.0	0.2261	0.0092	0.0407	-9243.324296	2.1507	True	ok
1557at33090	4	a_thaliana	5..2	0.069	3871.0	1262.0	0.2261	0.0126	0.0556	-9243.324296	2.1507	True	ok
15682at33090	5	c_grandiflora	4..3	0.145	1890.6	653.4	0.14	0.0188	0.1343	-4344.613443	2.1045	True	ok
15682at33090	5		4..5	0.0	1890.6	653.4	0.0674	0.0	0.0	-4344.613443	2.1045	False	ds_floor
15682at33090	5	a_halleri	5..1	0.038	1890.6	653.4	0.0674	0.0028	0.0418	-4344.613443	2.1045	True	ok
15682at33090	5	a_thaliana	5..2	0.064	1890.6	653.4	0.0674	0.0047	0.0698	-4344.613443	2.1045	True	ok
156843at33090	6	c_grandiflora	4..3	0.0	596.1	216.9	0.2698	0.0	0.0	-1454.023976	1.45752	True	ds_floor
156843at33090	6		4..5	0.258	596.1	216.9	0.0606	0.0168	0.2765	-1454.023976	1.45752	False	ok
156843at33090	6	a_halleri	5..1	0.047	596.1	216.9	0.0606	0.0031	0.0504	-1454.023976	1.45752	True	ok
156843at33090	6	a_thaliana	5..2	0.063	596.1	216.9	0.0606	0.0041	0.0673	-1454.023976	1.45752	True	ok
156887at33090	7	c_grandiflora	4..3	0.041	611.7	201.3	999.0	0.0183	0.0	-1432.475439	2.6807	True	omega_boundary
156887at33090	7		4..5	0.156	611.7	201.3	0.0627	0.0111	0.1765	-1432.475439	2.6807	False	ok
156887at33090	7	a_halleri	5..1	0.069	611.7	201.3	0.0627	0.0049	0.0779	-1432.475439	2.6807	True	ok
156887at33090	7	a_thaliana	5..2	0.042	611.7	201.3	0.0627	0.003	0.0479	-1432.475439	2.6807	True	ok
158492at33090	8	c_grandiflora	4..3	0.077	615.0	174.0	0.1833	0.0129	0.0705	-1352.73821	2.44281	True	ok
158492at33090	8		4..5	0.059	615.0	174.0	0.053	0.004	0.0745	-1352.73821	2.44281	False	ok
158492at33090	8	a_halleri	5..1	0.053	615.0	174.0	0.053	0.0036	0.0672	-1352.73821	2.44281	True	ok
158492at33090	8	a_thaliana	5..2	0.093	615.0	174.0	0.053	0.0063	0.1186	-1352.73821	2.44281	True	ok
158957at33090	9	c_grandiflora	4..3	0.16	549.2	167.8	0.2619	0.032	0.1224	-1330.649787	1.24482	True	ok
158957at33090	9		4..5	0.0	549.2	167.8	0.4344	0.0	0.0	-1330.649787	1.24482	False	ds_floor
158957at33090	9	a_halleri	5..1	0.079	549.2	167.8	0.4344	0.0201	0.0463	-1330.649787	1.24482	True	ok
158957at33090	9	a_thaliana	5..2	0.083	549.2	167.8	0.4344	0.0212	0.0487	-1330.649787	1.24482	True	ok
160064at33090	10	c_grandiflora	4..3	0.211	423.5	146.5	0.0621	0.0144	0.2322	-979.711457	1.63629	True	ok
160064at33090	10		4..5	0.0	423.5	146.5	0.0319	0.0	0.0	-979.711457	1.63629	False	ds_floor
160064at33090	10	a_halleri	5..1	0.063	423.5	146.5	0.0319	0.0024	0.0751	-979.711457	1.63629	True	ok
160064at33090	10	a_thaliana	5..2	0.062	423.5	146.5	0.0319	0.0023	0.0735	-979.711457	1.63629	True	ok
160610at33090	11	c_grandiflora	4..3	0.0	708.3	251.7	5.5249	0.0	0.0	-1776.804653	3.12492	True	ds_floor
160610at33090	11		4..5	0.181	708.3	251.7	0.1827	0.0278	0.152	-1776.804653	3.12492	False	ok
160610at33090	11	a_halleri	5..1	0.097	708.3	251.7	0.1827	0.0148	0.0811	-1776.804653	3.12492	True	ok
160610at33090	11	a_thaliana	5..2	0.089	708.3	251.7	0.1827	0.0136	0.0746	-1776.804653	3.12492	True	ok
160680at33090	12	c_grandiflora	4..3	0.009	1610.8	534.2	198.2065	0.0041	0.0	-3619.483989	2.43205	True	ds_floor
160680at33090	12		4..5	0.126	1610.8	534.2	0.2264	0.0227	0.1004	-3619.483989	2.43205	False	ok
160680at33090	12	a_halleri	5..1	0.027	1610.8	534.2	0.2264	0.0048	0.0211	-3619.483989	2.43205	True	ok
160680at33090	12	a_thaliana	5..2	0.052	1610.8	534.2	0.2264	0.0093	0.041	-3619.483989	2.43205	True	ok
161054at33090	13	c_grandiflora	4..3	0.047	825.3	305.7	0.0001	0.0	0.0582	-2190.258589	2.26451	True	omega_boundary
161054at33090	13		4..5	0.212	825.3	305.7	0.2863	0.0423	0.1478	-2190.258589	2.26451	False	ok
161054at33090	13	a_halleri	5..1	0.071	825.3	305.7	0.2863	0.0142	0.0497	-2190.258589	2.26451	True	ok
161054at33090	13	a_thaliana	5..2	0.086	825.3	305.7	0.2863	0.0172	0.0599	-2190.258589	2.26451	True	ok
161066at33090	14	c_grandiflora	4..3	0.072	856.5	349.5	0.0001	0.0	0.0824	-2311.666104	1.76842	True	omega_boundary
161066at33090	14		4..5	0.131	856.5	349.5	0.2621	0.024	0.0915	-2311.666104	1.76842	False	ok
161066at33090	14	a_halleri	5..1	0.084	856.5	349.5	0.2621	0.0154	0.0588	-2311.666104	1.76842	True	ok
161066at33090	14	a_thaliana	5..2	0.109	856.5	349.5	0.2621	0.02	0.0765	-2311.666104	1.76842	True	ok
161269at33090	15	c_grandiflora	4..3	0.303	510.4	179.6	0.1829	0.0468	0.2556	-1313.303625	1.84238	True	ok
161269at33090	15		4..5	0.0	510.4	179.6	0.1499	0.0	0.0	-1313.303625	1.84238	False	ds_floor
161269at33090	15	a_halleri	5..1	0.07	510.4	179.6	0.1499	0.0095	0.0631	-1313.303625	1.84238	True	ok
161269at33090	15	a_thaliana	5..2	0.065	510.4	179.6	0.1499	0.0087	0.0583	-1313.303625	1.84238	True	ok
161309at33090	16	c_grandiflora	4..3	0.0	1131.9	350.1	0.5156	0.0	0.0	-2741.200417	1.77246	True	ds_floor
161309at33090	16		4..5	0.263	1131.9	350.1	0.1818	0.0425	0.2337	-2741.200417	1.77246	False	ok
161309at33090	16	a_halleri	5..1	0.036	1131.9	350.1	0.1818	0.0058	0.0318	-2741.200417	1.77246	True	ok
161309at33090	16	a_thaliana	5..2	0.076	1131.9	350.1	0.1818	0.0122	0.0673	-2741.200417	1.77246	True	ok
161559at33090	17	c_grandiflora	4..3	0.018	666.0	264.0	999.0	0.0085	0.0	-1669.103543	2.8627	True	omega_boundary
161559at33090	17		4..5	0.156	666.0	264.0	0.1384	0.0188	0.1361	-1669.103543	2.8627	False	ok
161559at33090	17	a_halleri	5..1	0.054	666.0	264.0	0.1384	0.0065	0.0466	-1669.103543	2.8627	True	ok
161559at33090	17	a_thaliana	5..2	0.068	666.0	264.0	0.1384	0.0082	0.0594	-1669.103543	2.8627	True	ok
162794at33090	18	c_grandiflora	4..3	6.441	650.1	216.9	0.02	0.1616	8.0968	-2299.787599	1.76718	True	ok
162794at33090	18		4..5	29.68	650.1	216.9	0.0132	0.5012	38.0392	-2299.787599	1.76718	False	ok
162794at33090	18	a_halleri	5..1	0.0	650.1	216.9	0.0132	0.0	0.0	-2299.787599	1.76718	True	ds_floor
162794at33090	18	a_thaliana	5..2	0.086	650.1	216.9	0.0132	0.0015	0.1108	-2299.787599	1.76718	True	ok
163097at33090	19	c_grandiflora	4..3	0.091	965.0	346.0	0.0001	0.0	0.1144	-2375.938106	1.9476	True	omega_boundary
163097at33090	19		4..5	0.107	965.0	346.0	0.1994	0.0174	0.0871	-2375.938106	1.9476	False	ok
163097at33090	19	a_halleri	5..1	0.049	965.0	346.0	0.1994	0.0079	0.0396	-2375.938106	1.9476	True	ok
163097at33090	19	a_thaliana	5..2	0.103	965.0	346.0	0.1994	0.0166	0.0834	-2375.938106	1.9476	True	ok
163701at33090	20	c_grandiflora	4..3	0.023	681.9	215.1	999.0	0.0102	0.0	-1696.628539	1.85328	True	omega_boundary
163701at33090	20		4..5	0.259	681.9	215.1	0.1507	0.0367	0.2434	-1696.628539	1.85328	False	ok
163701at33090	20	a_halleri	5..1	0.065	681.9	215.1	0.1507	0.0092	0.0612	-1696.628539	1.85328	True	ok
163701at33090	20	a_thaliana	5..2	0.065	681.9	215.1	0.1507	0.0093	0.0615	-1696.628539	1.85328	True	ok
163833at33090	1	c_grandiflora	4..3	0.26	951.9	341.1	0.0926	0.0242	0.2608	-2282.646315	2.46549	True	ok
163833at33090	1		4..5	0.0	951.9	341.1	0.172	0.0	0.0	-2282.646315	2.46549	False	ds_floor
163833at33090	1	a_halleri	5..1	0.029	951.9	341.1	0.172	0.0043	0.0251	-2282.646315	2.46549	True	ok
163833at33090	1	a_thaliana	5..2	0.057	951.9	341.1	0.172	0.0084	0.0491	-2282.646315	2.46549	True	ok
164019at33090	2	c_grandiflora	4..3	0.111	799.7	253.3	0.0001	0.0	0.1535	-1944.001872	1.69127	True	omega_boundary
164019at33090	2		4..5	0.115	799.7	253.3	0.61	0.0333	0.0545	-1944.001872	1.69127	False	ok
164019at33090	2	a_halleri	5..1	0.041	799.7	253.3	0.61	0.0119	0.0195	-1944.001872	1.69127	True	ok
164019at33090	2	a_thaliana	5..2	0.073	799.7	253.3	0.61	0.021	0.0344	-1944.001872	1.69127	True	ok
164556at33090	3	c_grandiflora	4..3	0.092	593.6	219.4	0.0001	0.0	0.1137	-1547.214711	2.09963	True	omega_boundary
164556at33090	3		4..5	0.147	593.6	219.4	0.3833	0.0341	0.089	-1547.214711	2.09963	False	ok
164556at33090	3	a_halleri	5..1	0.059	593.6	219.4	0.3833	0.0137	0.0359	-1547.214711	2.09963	True	ok
164556at33090	3	a_thaliana	5..2	0.093	593.6	219.4	0.3833	0.0216	0.0563	-1547.214711	2.09963	True	ok
165103at33090	4	c_grandiflora	4..3	0.372	666.2	227.8	0.0001	0.0	0.4869	-2500.498325	1.40821	True	omega_boundary
165103at33090	4		4..5	10.183	666.2	227.8	0.0669	0.7449	11.1424	-2500.498325	1.40821	False	ok
165103at33090	4	a_halleri	5..1	0.183	666.2	227.8	0.0669	0.0134	0.2005	-2500.498325	1.40821	True	ok
165103at33090	4	a_thaliana	5..2	0.0	666.2	227.8	0.0669	0.0	0.0	-2500.498325	1.40821	True	ds_floor
166645at33090	5	c_grandiflora	4..3	0.027	4121.4	1344.6	0.0001	0.0	0.0368	-9531.201214	2.18285	True	omega_boundary
166645at33090	5		4..5	0.145	4121.4	1344.6	0.2436	0.0275	0.1127	-9531.201214	2.18285	False	ok
166645at33090	5	a_halleri	5..1	0.032	4121.4	1344.6	0.2436	0.0061	0.0251	-9531.201214	2.18285	True	ok
166645at33090	5	a_thaliana	5..2	0.055	4121.4	1344.6	0.2436	0.0104	0.0425	-9531.201214	2.18285	True	ok
167076at33090	6	c_grandiflora	4..3	0.0	520.2	160.8	4.1544	0.0	0.0	-1220.93596	2.41921	True	ds_floor
167076at33090	6		4..5	0.199	520.2	160.8	0.0737	0.0167	0.2268	-1220.93596	2.41921	False	ok
167076at33090	6	a_halleri	5..1	0.098	520.2	160.8	0.0737	0.0082	0.1115	-1220.93596	2.41921	True	ok
167076at33090	6	a_thaliana	5..2	0.057	520.2	160.8	0.0737	0.0048	0.0647	-1220.93596	2.41921	True	ok
167217at33090	7	c_grandiflora	4..3	0.139	565.0	188.0	0.0847	0.0126	0.1482	-1356.359891	2.33165	True	ok
167217at33090	7		4..5	0.0	565.0	188.0	0.0584	0.0	0.0	-1356.359891	2.33165	False	ds_floor
167217at33090	7	a_halleri	5..1	0.081	565.0	188.0	0.0584	0.0054	0.0918	-1356.359891	2.33165	True	ok
167217at33090	7	a_thaliana	5..2	0.135	565.0	188.0	0.0584	0.009	0.1533	-1356.359891	2.33165	True	ok
16726at33090	8	c_grandiflora	4..3	0.207	2046.1	716.9	0.1915	0.0329	0.1716	-5100.361373	2.09582	True	ok
16726at33090	8		4..5	0.0	2046.1	716.9	0.2562	0.0	0.0	-5100.361373	2.09582	False	ds_floor
16726at33090	8	a_halleri	5..1	0.057	2046.1	716.9	0.2562	0.0108	0.0422	-5100.361373	2.09582	True	ok
16726at33090	8	a_thaliana	5..2	0.073	2046.1	716.9	0.2562	0.014	0.0545	-5100.361373	2.09582	True	ok
167325at33090	9	c_grandiflora	4..3	0.021	572.5	216.5	0.0001	0.0	0.0258	-1427.776982	2.65594	True	omega_boundary
167325at33090	9		4..5	0.135	572.5	216.5	0.4683	0.0343	0.0732	-1427.776982	2.65594	False	ok
167325at33090	9	a_halleri	5..1	0.034	572.5	216.5	0.4683	0.0087	0.0186	-1427.776982	2.65594	True	ok
167325at33090	9	a_thaliana	5..2	0.107	572.5	216.5	0.4683	0.0273	0.0583	-1427.776982	2.65594	True	ok
167809at33090	10	c_grandiflora	4..3	0.005	429.5	167.5	999.0	0.0025	0.0	-1017.2066	3.97593	True	omega_boundary
167809at33090	10		4..5	0.151	429.5	167.5	0.0275	0.0046	0.1678	-1017.2066	3.97593	False	ok
167809at33090	10	a_halleri	5..1	0.06	429.5	167.5	0.0275	0.0018	0.0663	-1017.2066	3.97593	True	ok
167809at33090	10	a_thaliana	5..2	0.093	429.5	167.5	0.0275	0.0028	0.1029	-1017.2066	3.97593	True	ok
167850at33090	11	c_grandiflora	4..3	0.01	508.9	166.1	999.0	0.0044	0.0	-1327.240459	1.62818	True	omega_boundary
167850at33090	11		4..5	0.294	508.9	166.1	0.2638	0.058	0.22	-1327.240459	1.62818	False	ok
167850at33090	11	a_halleri	5..1	0.09	508.9	166.1	0.2638	0.0177	0.0671	-1327.240459	1.62818	True	ok
167850at33090	11	a_thaliana	5..2	0.058	508.9	166.1	0.2638	0.0116	0.0438	-1327.240459	1.62818	True	ok
167932at33090	12	c_grandiflora	4..3	0.111	553.6	202.4	0.1022	0.0111	0.1082	-1399.093663	2.00768	True	ok
167932at33090	12		4..5	0.0	553.6	202.4	0.3881	0.0	0.0	-1399.093663	2.00768	False	ds_floor
167932at33090	12	a_halleri	5..1	0.052	553.6	202.4	0.3881	0.0123	0.0316	-1399.093663	2.00768	True	ok
167932at33090	12	a_thaliana	5..2	0.163	553.6	202.4	0.3881	0.0381	0.0982	-1399.093663	2.00768	True	ok
168269at33090	13	c_grandiflora	4..3	0.0	574.2	181.8	1.3908	0.0	0.0	-1286.401647	1.67402	True	ds_floor
168269at33090	13		4..5	0.134	574.2	181.8	0.1365	0.0177	0.1299	-1286.401647	1.67402	False	ok
168269at33090	13	a_halleri	5..1	0.055	574.2	181.8	0.1365	0.0072	0.0528	-1286.401647	1.67402	True	ok
168269at33090	13	a_thaliana	5..2	0.062	574.2	181.8	0.1365	0.0081	0.0597	-1286.401647	1.67402	True	ok
168270at33090	14	c_grandiflora	4..3	0.059	856.1	265.9	0.0513	0.0036	0.071	-1865.519886	1.07049	True	ok
168270at33090	14		4..5	0.086	856.1	265.9	0.0707	0.007	0.0988	-1865.519886	1.07049	False	ok
168270at33090	14	a_halleri	5..1	0.017	856.1	265.9	0.0707	0.0014	0.0193	-1865.519886	1.07049	True	ok
168270at33090	14	a_thaliana	5..2	0.06	856.1	265.9	0.0707	0.0048	0.0684	-1865.519886	1.07049	True	ok
168563at33090	15	c_grandiflora	4..3	0.054	511.5	190.5	0.0001	0.0	0.0659	-1416.361818	1.24301	True	omega_boundary
168563at33090	15		4..5	0.171	511.5	190.5	0.2093	0.0281	0.1343	-1416.361818	1.24301	False	ok
168563at33090	15	a_halleri	5..1	0.065	511.5	190.5	0.2093	0.0107	0.0513	-1416.361818	1.24301	True	ok
168563at33090	15	a_thaliana	5..2	0.206	511.5	190.5	0.2093	0.034	0.1623	-1416.361818	1.24301	True	ok
169007at33090	16	c_grandiflora	4..3	0.006	475.9	190.1	0.0001	0.0	0.0069	-1221.693411	4.0522	True	omega_boundary
169007at33090	16		4..5	0.266	475.9	190.1	0.0861	0.022	0.2555	-1221.693411	4.0522	False	ok
169007at33090	16	a_halleri	5..1	0.103	475.9	190.1	0.0861	0.0086	0.0993	-1221.693411	4.0522	True	ok
169007at33090	16	a_thaliana	5..2	0.076	475.9	190.1	0.0861	0.0063	0.0732	-1221.693411	4.0522	True	ok
170939at33090	17	c_grandiflora	4..3	0.034	1075.7	361.3	999.0	0.0151	0.0	-2527.364238	1.59951	True	omega_boundary
170939at33090	17		4..5	0.129	1075.7	361.3	0.0767	0.0107	0.1393	-2527.364238	1.59951	False	ok
170939at33090	17	a_halleri	5..1	0.043	1075.7	361.3	0.0767	0.0036	0.0468	-2527.364238	1.59951	True	ok
170939at33090	17	a_thaliana	5..2	0.077	1075.7	361.3	0.0767	0.0064	0.083	-2527.364238	1.59951	True	ok
170945at33090	18	c_grandiflora	4..3	0.032	1202.1	435.9	0.0001	0.0	0.0402	-2866.654588	2.00717	True	omega_boundary
170945at33090	18		4..5	0.105	1202.1	435.9	0.1056	0.0107	0.1015	-2866.654588	2.00717	False	ok
170945at33090	18	a_halleri	5..1	0.072	1202.1	435.9	0.1056	0.0074	0.0702	-2866.654588	2.00717	True	ok
170945at33090	18	a_thaliana	5..2	0.072	1202.1	435.9	0.1056	0.0073	0.0695	-2866.654588	2.00717	True	ok
171195at33090	19	c_grandiflora	4..3	0.034	541.3	178.7	999.0	0.0149	0.0	-1432.840299	1.99058	True	omega_boundary
171195at33090	19		4..5	0.257	541.3	178.7	0.1013	0.0268	0.2644	-1432.840299	1.99058	False	ok
171195at33090	19	a_halleri	5..1	0.107	541.3	178.7	0.1013	0.0112	0.1104	-1432.840299	1.99058	True	ok
171195at33090	19	a_thaliana	5..2	0.144	541.3	178.7	0.1013	0.015	0.1484	-1432.840299	1.99058	True	ok
171627at33090	20	c_grandiflora	4..3	0.182	441.1	128.9	0.0485	0.0112	0.2306	-995.745996	0.76944	True	ok
171627at33090	20		4..5	0.0	441.1	128.9	0.0621	0.0	0.0	-995.745996	0.76944	False	ds_floor
171627at33090	20	a_halleri	5..1	0.124	441.1	128.9	0.0621	0.0094	0.1509	-995.745996	0.76944	True	ok
171627at33090	20	a_thaliana	5..2	0.053	441.1	128.9	0.0621	0.004	0.0643	-995.745996	0.76944	True	ok
171708at33090	1	c_grandiflora	4..3	0.219	711.2	254.8	0.0677	0.0157	0.2325	-1694.751397	1.96057	True	ok
171708at33090	1		4..5	0.0	711.2	254.8	0.1462	0.0	0.0	-1694.751397	1.96057	False	ds_floor
171708at33090	1	a_halleri	5..1	0.03	711.2	254.8	0.1462	0.004	0.0271	-1694.751397	1.96057	True	ok
171708at33090	1	a_thaliana	5..2	0.067	711.2	254.8	0.1462	0.0088	0.0603	-1694.751397	1.96057	True	ok
171767at33090	2	c_grandiflora	4..3	0.053	558.9	221.1	0.0001	0.0	0.0628	-1416.332856	2.92836	True	omega_boundary
171767at33090	2		4..5	0.13	558.9	221.1	0.2114	0.021	0.0994	-1416.332856	2.92836	False	ok
171767at33090	2	a_halleri	5..1	0.047	558.9	221.1	0.2114	0.0077	0.0363	-1416.332856	2.92836	True	ok
171767at33090	2	a_thaliana	5..2	0.102	558.9	221.1	0.2114	0.0165	0.0782	-1416.332856	2.92836	True	ok
172000at33090	3	c_grandiflora	4..3	0.02	980.9	321.1	999.0	0.0087	0.0	-2371.946882	1.80414	True	omega_boundary
172000at33090	3		4..5	0.232	980.9	321.1	0.1018	0.0244	0.2395	-2371.946882	1.80414	False	ok
172000at33090	3	a_halleri	5..1	0.063	980.9	321.1	0.1018	0.0066	0.0646	-2371.946882	1.80414	True	ok
172000at33090	3	a_thaliana	5..2	0.052	980.9	321.1	0.1018	0.0054	0.0534	-2371.946882	1.80414	True	ok
172535at33090	4	c_grandiflora	4..3	0.039	1012.7	334.3	0.0001	0.0	0.0518	-2491.86442	2.12133	True	omega_boundary
172535at33090	4		4..5	0.186	1012.7	334.3	0.216	0.0326	0.1509	-2491.86442	2.12133	False	ok
172535at33090	4	a_halleri	5..1	0.063	1012.7	334.3	0.216	0.011	0.051	-2491.86442	2.12133	True	ok
172535at33090	4	a_thaliana	5..2	0.073	1012.7	334.3	0.216	0.0129	0.0595	-2491.86442	2.12133	True	ok
172666at33090	5	c_grandiflora	4..3	0.014	604.5	208.5	0.0001	0.0	0.0186	-1590.737483	1.5561	True	omega_boundary
172666at33090	5		4..5	0.22	604.5	208.5	0.206	0.0369	0.179	-1590.737483	1.5561	False	ok
172666at33090	5	a_halleri	5..1	0.118	604.5	208.5	0.206	0.0198	0.0962	-1590.737483	1.5561	True	ok
172666at33090	5	a_thaliana	5..2	0.081	604.5	208.5	0.206	0.0136	0.066	-1590.737483	1.5561	True	ok
173119at33090	6	c_grandiflora	4..3	0.037	695.1	201.9	0.0001	0.0	0.055	-1790.183125	2.13103	True	omega_boundary
173119at33090	6		4..5	0.203	695.1	201.9	0.1795	0.0333	0.1854	-1790.183125	2.13103	False	ok
173119at33090	6	a_halleri	5..1	0.106	695.1	201.9	0.1795	0.0173	0.0966	-1790.183125	2.13103	True	ok
173119at33090	6	a_thaliana	5..2	0.147	695.1	201.9	0.1795	0.0242	0.1347	-1790.183125	2.13103	True	ok
173143at33090	7	c_grandiflora	4..3	0.007	1417.2	769.8	999.0	0.0037	0.0	-3996.546521	2.13545	True	omega_boundary
173143at33090	7		4..5	0.207	1417.2	769.8	0.2727	0.0356	0.1306	-3996.546521	2.13545	False	ok
173143at33090	7	a_halleri	5..1	0.062	1417.2	769.8	0.2727	0.0107	0.0394	-3996.546521	2.13545	True	ok
173143at33090	7	a_thaliana	5..2	0.109	1417.2	769.8	0.2727	0.0187	0.0686	-3996.546521	2.13545	True	ok
173477at33090	8	c_grandiflora	4..3	0.002	440.6	132.4	998.9998	0.0008	0.0	-974.241196	1.40826	True	ds_floor
173477at33090	8		4..5	0.197	440.6	132.4	0.0334	0.0085	0.2558	-974.241196	1.40826	False	ok
173477at33090	8	a_halleri	5..1	0.052	440.6	132.4	0.0334	0.0023	0.0678	-974.241196	1.40826	True	ok
173477at33090	8	a_thaliana	5..2	0.049	440.6	132.4	0.0334	0.0021	0.0634	-974.241196	1.40826	True	ok
174213at33090	9	c_grandiflora	4..3	0.043	578.5	156.5	999.0	0.0181	0.0	-1339.246492	1.43907	True	omega_boundary
174213at33090	9		4..5	0.173	578.5	156.5	0.122	0.0228	0.1871	-1339.246492	1.43907	False	ok
174213at33090	9	a_halleri	5..1	0.052	578.5	156.5	0.122	0.0068	0.0558	-1339.246492	1.43907	True	ok
174213at33090	9	a_thaliana	5..2	0.1	578.5	156.5	0.122	0.0131	0.1074	-1339.246492	1.43907	True	ok
174767at33090	10	c_grandiflora	4..3	0.028	508.3	178.7	999.0	0.0127	0.0	-1191.693572	1.72293	True	omega_boundary
174767at33090	10		4..5	0.151	508.3	178.7	0.0307	0.0055	0.1783	-1191.693572	1.72293	False	ok
174767at33090	10	a_halleri	5..1	0.053	508.3	178.7	0.0307	0.0019	0.0621	-1191.693572	1.72293	True	ok
174767at33090	10	a_thaliana	5..2	0.053	508.3	178.7	0.0307	0.0019	0.0628	-1191.693572	1.72293	True	ok
175583at33090	11	c_grandiflora	4..3	0.219	464.9	147.1	0.2172	0.0392	0.1804	-1148.829039	1.27738	True	ok
175583at33090	11		4..5	0.0	464.9	147.1	0.4112	0.0	0.0	-1148.829039	1.27738	False	ds_floor
175583at33090	11	a_halleri	5..1	0.046	464.9	147.1	0.4112	0.0114	0.0277	-1148.829039	1.27738	True	ok
175583at33090	11	a_thaliana	5..2	0.078	464.9	147.1	0.4112	0.0193	0.047	-1148.829039	1.27738	True	ok
175792at33090	12	c_grandiflora	4..3	0.169	541.8	136.2	0.1249	0.0234	0.1872	-1178.909548	1.21691	True	ok
175792at33090	12		4..5	0.0	541.8	136.2	0.0987	0.0	0.0	-1178.909548	1.21691	False	ds_floor
175792at33090	12	a_halleri	5..1	0.044	541.8	136.2	0.0987	0.0051	0.052	-1178.909548	1.21691	True	ok
175792at33090	12	a_thaliana	5..2	0.084	541.8	136.2	0.0987	0.0099	0.1005	-1178.909548	1.21691	True	ok
176016at33090	13	c_grandiflora	4..3	0.065	386.3	135.7	0.0001	0.0	0.0838	-797.022529	2.51505	True	omega_boundary
176016at33090	13		4..5	0.0	386.3	135.7	0.0001	0.0	0.0003	-797.022529	2.51505	False	omega_boundary
176016at33090	13	a_halleri	5..1	0.035	386.3	135.7	0.0001	0.0	0.0451	-797.022529	2.51505	True	omega_boundary
176016at33090	13	a_thaliana	5..2	0.038	386.3	135.7	0.0001	0.0	0.0489	-797.022529	2.51505	True	omega_boundary
176328at33090	14	c_grandiflora	4..3	0.003	1189.4	400.6	999.0	0.0015	0.0	-2822.059577	1.88614	True	omega_boundary
176328at33090	14		4..5	0.068	1189.4	400.6	0.1948	0.0111	0.0567	-2822.059577	1.88614	False	ok
176328at33090	14	a_halleri	5..1	0.038	1189.4	400.6	0.1948	0.0062	0.0317	-2822.059577	1.88614	True	ok
176328at33090	14	a_thaliana	5..2	0.187	1189.4	400.6	0.1948	0.0305	0.1566	-2822.059577	1.88614	True	ok
177296at33090	15	c_grandiflora	4..3	0.01	368.1	114.9	0.0001	0.0	0.0137	-853.995721	1.44668	True	omega_boundary
177296at33090	15		4..5	0.183	368.1	114.9	0.0971	0.0189	0.195	-853.995721	1.44668	False	ok
177296at33090	15	a_halleri	5..1	0.122	368.1	114.9	0.0971	0.0127	0.1304	-853.995721	1.44668	True	ok
177296at33090	15	a_thaliana	5..2	0.042	368.1	114.9	0.0971	0.0043	0.0446	-853.995721	1.44668	True	ok
177720at33090	16	c_grandiflora	4..3	0.225	1584.2	578.8	0.1827	0.0341	0.1866	-4078.450474	2.56983	True	ok
177720at33090	16		4..5	0.0	1584.2	578.8	0.228	0.0	0.0	-4078.450474	2.56983	False	ds_floor
177720at33090	16	a_halleri	5..1	0.07	1584.2	578.8	0.228	0.0123	0.0538	-4078.450474	2.56983	True	ok
177720at33090	16	a_thaliana	5..2	0.093	1584.2	578.8	0.228	0.0162	0.071	-4078.450474	2.56983	True	ok
177964at33090	17	c_grandiflora	4..3	0.223	577.5	190.5	0.0811	0.0195	0.2402	-1391.321165	1.44301	True	ok
177964at33090	17		4..5	0.0	577.5	190.5	0.1069	0.0	0.0	-1391.321165	1.44301	False	ds_floor
177964at33090	17	a_halleri	5..1	0.072	577.5	190.5	0.1069	0.0078	0.0731	-1391.321165	1.44301	True	ok
177964at33090	17	a_thaliana	5..2	0.056	577.5	190.5	0.1069	0.0061	0.0568	-1391.321165	1.44301	True	ok
178386at33090	18	c_grandiflora	4..3	0.166	679.9	232.1	0.2147	0.0287	0.1336	-1600.067347	2.28041	True	ok
178386at33090	18		4..5	0.0	679.9	232.1	0.1114	0.0	0.0	-1600.067347	2.28041	False	ds_floor
178386at33090	18	a_halleri	5..1	0.069	679.9	232.1	0.1114	0.0076	0.0678	-1600.067347	2.28041	True	ok
178386at33090	18	a_thaliana	5..2	0.04	679.9	232.1	0.1114	0.0044	0.0391	-1600.067347	2.28041	True	ok
179975at33090	19	c_grandiflora	4..3	0.144	610.6	229.4	0.0956	0.0134	0.1405	-1484.563751	1.91388	True	ok
179975at33090	19		4..5	0.0	610.6	229.4	0.0751	0.0	0.0	-1484.563751	1.91388	False	ds_floor
179975at33090	19	a_halleri	5..1	0.046	610.6	229.4	0.0751	0.0035	0.0464	-1484.563751	1.91388	True	ok
179975at33090	19	a_thaliana	5..2	0.105	610.6	229.4	0.0751	0.008	0.1071	-1484.563751	1.91388	True	ok
180408at33090	20	c_grandiflora	4..3	0.015	595.7	205.3	0.002	0.0	0.0196	-1384.493477	3.61989	True	ok
180408at33090	20		4..5	0.149	595.7	205.3	0.1471	0.02	0.1356	-1384.493477	3.61989	False	ok
180408at33090	20	a_halleri	5..1	0.067	595.7	205.3	0.1471	0.0089	0.0607	-1384.493477	3.61989	True	ok
180408at33090	20	a_thaliana	5..2	0.045	595.7	205.3	0.1471	0.006	0.0409	-1384.493477	3.61989	True	ok
180466at33090	1	c_grandiflora	4..3	0.014	726.2	260.8	999.0	0.0062	0.0	-1814.538165	2.61308	True	omega_boundary
180466at33090	1		4..5	0.192	726.2	260.8	0.2101	0.0322	0.1531	-1814.538165	2.61308	False	ok
180466at33090	1	a_halleri	5..1	0.064	726.2	260.8	0.2101	0.0108	0.0512	-1814.538165	2.61308	True	ok
180466at33090	1	a_thaliana	5..2	0.067	726.2	260.8	0.2101	0.0112	0.0535	-1814.538165	2.61308	True	ok
180674at33090	2	c_grandiflora	4..3	0.021	672.5	263.5	487.7481	0.0099	0.0	-1595.40259	3.00669	True	ds_floor
180674at33090	2		4..5	0.166	672.5	263.5	0.068	0.0114	0.1672	-1595.40259	3.00669	False	ok
180674at33090	2	a_halleri	5..1	0.037	672.5	263.5	0.068	0.0026	0.0375	-1595.40259	3.00669	True	ok
180674at33090	2	a_thaliana	5..2	0.048	672.5	263.5	0.068	0.0033	0.0489	-1595.40259	3.00669	True	ok
181108at33090	3	c_grandiflora	4..3	0.202	520.2	196.8	0.0562	0.012	0.2135	-1342.186862	2.35205	True	ok
181108at33090	3		4..5	0.0	520.2	196.8	0.1335	0.0	0.0	-1342.186862	2.35205	False	ds_floor
181108at33090	3	a_halleri	5..1	0.091	520.2	196.8	0.1335	0.011	0.0821	-1342.186862	2.35205	True	ok
181108at33090	3	a_thaliana	5..2	0.105	520.2	196.8	0.1335	0.0126	0.0944	-1342.186862	2.35205	True	ok
182493at33090	4	c_grandiflora	4..3	0.007	686.5	264.5	968.9581	0.0033	0.0	-1875.658066	2.52171	True	ds_floor
182493at33090	4		4..5	0.344	686.5	264.5	0.1358	0.0414	0.3047	-1875.658066	2.52171	False	ok
182493at33090	4	a_halleri	5..1	0.062	686.5	264.5	0.1358	0.0075	0.0552	-1875.658066	2.52171	True	ok
182493at33090	4	a_thaliana	5..2	0.115	686.5	264.5	0.1358	0.0138	0.1017	-1875.658066	2.52171	True	ok
182513at33090	5	c_grandiflora	4..3	0.007	943.5	343.5	704.8646	0.003	0.0	-2322.4755	2.83116	True	ds_floor
182513at33090	5		4..5	0.158	943.5	343.5	0.1293	0.0188	0.1453	-2322.4755	2.83116	False	ok
182513at33090	5	a_halleri	5..1	0.071	943.5	343.5	0.1293	0.0085	0.0658	-2322.4755	2.83116	True	ok
182513at33090	5	a_thaliana	5..2	0.095	943.5	343.5	0.1293	0.0113	0.0877	-2322.4755	2.83116	True	ok
183313at33090	6	c_grandiflora	4..3	0.026	761.6	213.4	999.0	0.0112	0.0	-1730.134362	1.52934	True	omega_boundary
183313at33090	6		4..5	0.103	761.6	213.4	0.1255	0.0135	0.1079	-1730.134362	1.52934	False	ok
183313at33090	6	a_halleri	5..1	0.071	761.6	213.4	0.1255	0.0093	0.0744	-1730.134362	1.52934	True	ok
183313at33090	6	a_thaliana	5..2	0.079	761.6	213.4	0.1255	0.0104	0.0829	-1730.134362	1.52934	True	ok
183396at33090	7	c_grandiflora	4..3	0.212	493.3	142.7	0.1723	0.0341	0.1978	-1167.364072	2.10841	True	ok
183396at33090	7		4..5	0.0	493.3	142.7	0.0891	0.0	0.0	-1167.364072	2.10841	False	ds_floor
183396at33090	7	a_halleri	5..1	0.075	493.3	142.7	0.0891	0.0076	0.0856	-1167.364072	2.10841	True	ok
183396at33090	7	a_thaliana	5..2	0.085	493.3	142.7	0.0891	0.0087	0.0971	-1167.364072	2.10841	True	ok
183719at33090	8	c_grandiflora	4..3	0.162	1086.9	377.1	0.173	0.0242	0.1398	-2698.03974	1.69562	True	ok
183719at33090	8		4..5	0.0	1086.9	377.1	0.2532	0.0	0.0	-2698.03974	1.69562	False	ds_floor
183719at33090	8	a_halleri	5..1	0.093	1086.9	377.1	0.2532	0.0176	0.0695	-2698.03974	1.69562	True	ok
183719at33090	8	a_thaliana	5..2	0.068	1086.9	377.1	0.2532	0.0129	0.051	-2698.03974	1.69562	True	ok
183931at33090	9	c_grandiflora	4..3	0.164	739.6	202.4	0.0367	0.0082	0.2241	-1575.01322	1.77445	True	ok
183931at33090	9		4..5	0.0	739.6	202.4	0.0175	0.0	0.0	-1575.01322	1.77445	False	ds_floor
183931at33090	9	a_halleri	5..1	0.042	739.6	202.4	0.0175	0.0011	0.0611	-1575.01322	1.77445	True	ok
183931at33090	9	a_thaliana	5..2	0.066	739.6	202.4	0.0175	0.0017	0.0957	-1575.01322	1.77445	True	ok
184405at33090	10	c_grandiflora	4..3	0.009	1105.8	349.2	0.0001	0.0	0.0124	-3092.352578	1.57229	True	omega_boundary
184405at33090	10		4..5	0.259	1105.8	349.2	0.3878	0.0627	0.1618	-3092.352578	1.57229	False	ok
184405at33090	10	a_halleri	5..1	0.132	1105.8	349.2	0.3878	0.032	0.0825	-3092.352578	1.57229	True	ok
184405at33090	10	a_thaliana	5..2	0.157	1105.8	349.2	0.3878	0.0381	0.0981	-3092.352578	1.57229	True	ok
18455at33090	11	c_grandiflora	4..3	0.0	1716.6	557.4	2.8708	0.0	0.0	-3837.920741	2.2176	True	ds_floor
18455at33090	11		4..5	0.129	1716.6	557.4	0.13	0.0163	0.1253	-3837.920741	2.2176	False	ok
18455at33090	11	a_halleri	5..1	0.038	1716.6	557.4	0.13	0.0048	0.0373	-3837.920741	2.2176	True	ok
18455at33090	11	a_thaliana	5..2	0.061	1716.6	557.4	0.13	0.0077	0.0589	-3837.920741	2.2176	True	ok
185172at33090	12	c_grandiflora	4..3	0.022	425.1	144.9	999.0	0.0098	0.0	-970.27359	2.1083	True	omega_boundary
185172at33090	12		4..5	0.164	425.1	144.9	0.0702	0.0125	0.1787	-970.27359	2.1083	False	ok
185172at33090	12	a_halleri	5..1	0.05	425.1	144.9	0.0702	0.0038	0.0542	-970.27359	2.1083	True	ok
185172at33090	12	a_thaliana	5..2	0.038	425.1	144.9	0.0702	0.0029	0.041	-970.27359	2.1083	True	ok
185214at33090	13	c_grandiflora	4..3	0.007	611.6	228.4	0.0001	0.0	0.0089	-1487.845581	2.10191	True	omega_boundary
185214at33090	13		4..5	0.155	611.6	228.4	0.1753	0.0227	0.1295	-1487.845581	2.10191	False	ok
185214at33090	13	a_halleri	5..1	0.038	611.6	228.4	0.1753	0.0056	0.0319	-1487.845581	2.10191	True	ok
185214at33090	13	a_thaliana	5..2	0.073	611.6	228.4	0.1753	0.0107	0.061	-1487.845581	2.10191	True	ok
1855at33090	14	c_grandiflora	4..3	0.17	4762.0	1610.0	0.1971	0.0279	0.1417	-11414.957518	2.41709	True	ok
1855at33090	14		4..5	0.0	4762.0	1610.0	0.2154	0.0	0.0	-11414.957518	2.41709	False	ds_floor
1855at33090	14	a_halleri	5..1	0.058	4762.0	1610.0	0.2154	0.0101	0.0469	-11414.957518	2.41709	True	ok
1855at33090	14	a_thaliana	5..2	0.068	4762.0	1610.0	0.2154	0.0118	0.0547	-11414.957518	2.41709	True	ok
185696at33090	15	c_grandiflora	4..3	0.114	1436.8	426.2	0.0958	0.012	0.1254	-3553.370669	1.49274	True	ok
185696at33090	15		4..5	0.082	1436.8	426.2	0.2186	0.0151	0.0689	-3553.370669	1.49274	False	ok
185696at33090	15	a_halleri	5..1	0.086	1436.8	426.2	0.2186	0.0157	0.072	-3553.370669	1.49274	True	ok
185696at33090	15	a_thaliana	5..2	0.125	1436.8	426.2	0.2186	0.0229	0.1048	-3553.370669	1.49274	True	ok
185941at33090	16	c_grandiflora	4..3	0.141	537.9	203.1	0.383	0.0326	0.085	-1372.952418	2.17441	True	ok
185941at33090	16		4..5	0.0	537.9	203.1	0.2756	0.0	0.0	-1372.952418	2.17441	False	ds_floor
185941at33090	16	a_halleri	5..1	0.12	537.9	203.1	0.2756	0.0232	0.0841	-1372.952418	2.17441	True	ok
185941at33090	16	a_thaliana	5..2	0.066	537.9	203.1	0.2756	0.0129	0.0467	-1372.952418	2.17441	True	ok
186340at33090	17	c_grandiflora	4..3	0.237	616.1	244.9	0.195	0.0363	0.1862	-1630.576716	2.70462	True	ok
186340at33090	17		4..5	0.0	616.1	244.9	0.2884	0.0	0.0	-1630.576716	2.70462	False	ds_floor
186340at33090	17	a_halleri	5..1	0.083	616.1	244.9	0.2884	0.0162	0.0562	-1630.576716	2.70462	True	ok
186340at33090	17	a_thaliana	5..2	0.08	616.1	244.9	0.2884	0.0157	0.0544	-1630.576716	2.70462	True	ok
187462at33090	18	c_grandiflora	4..3	0.0	1060.5	343.5	4.1077	0.0	0.0	-2443.46307	2.05239	True	ds_floor
187462at33090	18		4..5	0.139	1060.5	343.5	0.1031	0.0148	0.1439	-2443.46307	2.05239	False	ok
187462at33090	18	a_halleri	5..1	0.04	1060.5	343.5	0.1031	0.0042	0.041	-2443.46307	2.05239	True	ok
187462at33090	18	a_thaliana	5..2	0.107	1060.5	343.5	0.1031	0.0114	0.111	-2443.46307	2.05239	True	ok
187866at33090	19	c_grandiflora	4..3	0.098	290.4	108.6	0.0001	0.0	0.12	-782.654607	2.1932	True	omega_boundary
187866at33090	19		4..5	0.174	290.4	108.6	0.3723	0.0398	0.1069	-782.654607	2.1932	False	ok
187866at33090	19	a_halleri	5..1	0.056	290.4	108.6	0.3723	0.0128	0.0345	-782.654607	2.1932	True	ok
187866at33090	19	a_thaliana	5..2	0.121	290.4	108.6	0.3723	0.0277	0.0744	-782.654607	2.1932	True	ok
187914at33090	20	c_grandiflora	4..3	0.031	993.2	308.8	999.0	0.0134	0.0	-2383.329687	2.5436	True	omega_boundary
187914at33090	20		4..5	0.216	993.2	308.8	0.1033	0.0235	0.2275	-2383.329687	2.5436	False	ok
187914at33090	20	a_halleri	5..1	0.051	993.2	308.8	0.1033	0.0056	0.0543	-2383.329687	2.5436	True	ok
187914at33090	20	a_thaliana	5..2	0.088	993.2	308.8	0.1033	0.0096	0.0933	-2383.329687	2.5436	True	ok
18801at33090	1	c_grandiflora	4..3	0.0	2327.4	801.6	1.1534	0.0	0.0	-5736.825782	2.05081	True	ds_floor
18801at33090	1		4..5	0.22	2327.4	801.6	0.1499	0.0299	0.1993	-5736.825782	2.05081	False	ok
18801at33090	1	a_halleri	5..1	0.06	2327.4	801.6	0.1499	0.0082	0.0545	-5736.825782	2.05081	True	ok
18801at33090	1	a_thaliana	5..2	0.081	2327.4	801.6	0.1499	0.011	0.0732	-5736.825782	2.05081	True	ok
188180at33090	2	c_grandiflora	4..3	0.209	513.2	176.8	0.1184	0.024	0.2027	-1241.532394	2.48134	True	ok
188180at33090	2		4..5	0.0	513.2	176.8	0.1888	0.0	0.0	-1241.532394	2.48134	False	ds_floor
188180at33090	2	a_halleri	5..1	0.059	513.2	176.8	0.1888	0.0094	0.0499	-1241.532394	2.48134	True	ok
188180at33090	2	a_thaliana	5..2	0.053	513.2	176.8	0.1888	0.0083	0.0441	-1241.532394	2.48134	True	ok
188436at33090	3	c_grandiflora	4..3	0.176	511.2	184.8	0.0647	0.0121	0.1873	-1214.676794	2.33385	True	ok
188436at33090	3		4..5	0.0	511.2	184.8	0.0126	0.0	0.0	-1214.676794	2.33385	False	ds_floor
188436at33090	3	a_halleri	5..1	0.076	511.2	184.8	0.0126	0.0012	0.0918	-1214.676794	2.33385	True	ok
188436at33090	3	a_thaliana	5..2	0.053	511.2	184.8	0.0126	0.0008	0.0638	-1214.676794	2.33385	True	ok
188583at33090	4	c_grandiflora	4..3	0.274	893.9	312.1	0.1571	0.0382	0.243	-2316.844348	1.83899	True	ok
188583at33090	4		4..5	0.0	893.9	312.1	0.2379	0.0	0.0	-2316.844348	1.83899	False	ds_floor
188583at33090	4	a_halleri	5..1	0.081	893.9	312.1	0.2379	0.0147	0.0617	-2316.844348	1.83899	True	ok
188583at33090	4	a_thaliana	5..2	0.078	893.9	312.1	0.2379	0.0141	0.0594	-2316.844348	1.83899	True	ok
188938at33090	5	c_grandiflora	4..3	0.105	609.6	221.4	0.0001	0.0	0.131	-1751.955035	1.61375	True	omega_boundary
188938at33090	5		4..5	0.088	609.6	221.4	0.3681	0.0201	0.0546	-1751.955035	1.61375	False	ok
188938at33090	5	a_halleri	5..1	0.123	609.6	221.4	0.3681	0.0281	0.0763	-1751.955035	1.61375	True	ok
188938at33090	5	a_thaliana	5..2	0.252	609.6	221.4	0.3681	0.0576	0.1566	-1751.955035	1.61375	True	ok
189891at33090	6	c_grandiflora	4..3	0.006	815.2	288.8	876.2785	0.0028	0.0	-1897.734142	1.85453	True	ds_floor
189891at33090	6		4..5	0.095	815.2	288.8	0.0576	0.006	0.1037	-1897.734142	1.85453	False	ok
189891at33090	6	a_halleri	5..1	0.086	815.2	288.8	0.0576	0.0054	0.0938	-1897.734142	1.85453	True	ok
189891at33090	6	a_thaliana	5..2	0.072	815.2	288.8	0.0576	0.0045	0.0789	-1897.734142	1.85453	True	ok
190390at33090	7	c_grandiflora	4..3	0.01	732.8	245.2	661.4741	0.0044	0.0	-1883.257825	1.22351	True	ds_floor
190390at33090	7		4..5	0.234	732.8	245.2	0.2643	0.046	0.174	-1883.257825	1.22351	False	ok
190390at33090	7	a_halleri	5..1	0.054	732.8	245.2	0.2643	0.0105	0.0398	-1883.257825	1.22351	True	ok
190390at33090	7	a_thaliana	5..2	0.1	732.8	245.2	0.2643	0.0196	0.0742	-1883.257825	1.22351	True	ok
191396at33090	8	c_grandiflora	4..3	0.165	884.7	264.3	0.1819	0.027	0.1483	-2096.297194	1.92108	True	ok
191396at33090	8		4..5	0.0	884.7	264.3	0.0958	0.0	0.0	-2096.297194	1.92108	False	ds_floor
191396at33090	8	a_halleri	5..1	0.092	884.7	264.3	0.0958	0.0096	0.1005	-2096.297194	1.92108	True	ok
191396at33090	8	a_thaliana	5..2	0.093	884.7	264.3	0.0958	0.0098	0.1019	-2096.297194	1.92108	True	ok
191581at33090	9	c_grandiflora	4..3	0.0	593.5	198.5	0.2775	0.0	0.0	-1400.870726	1.45224	True	ds_floor
191581at33090	9		4..5	0.152	593.5	198.5	0.1165	0.0175	0.1502	-1400.870726	1.45224	False	ok
191581at33090	9	a_halleri	5..1	0.046	593.5	198.5	0.1165	0.0053	0.0455	-1400.870726	1.45224	True	ok
191581at33090	9	a_thaliana	5..2	0.101	593.5	198.5	0.1165	0.0117	0.1001	-1400.870726	1.45224	True	ok
192090at33090	10	c_grandiflora	4..3	0.019	1798.9	517.1	999.0	0.0082	0.0	-4290.760887	1.56221	True	omega_boundary
192090at33090	10		4..5	0.207	1798.9	517.1	0.1567	0.0313	0.1997	-4290.760887	1.56221	False	ok
192090at33090	10	a_halleri	5..1	0.067	1798.9	517.1	0.1567	0.0102	0.0652	-4290.760887	1.56221	True	ok
192090at33090	10	a_thaliana	5..2	0.081	1798.9	517.1	0.1567	0.0122	0.0781	-4290.760887	1.56221	True	ok
192456at33090	11	c_grandiflora	4..3	0.226	475.4	145.6	0.2029	0.0392	0.193	-1783.462695	1.44862	True	ok
192456at33090	11		4..5	0.0	475.4	145.6	0.0108	0.0	0.0	-1783.462695	1.44862	False	ds_floor
192456at33090	11	a_halleri	5..1	0.0	475.4	145.6	0.0108	0.0	0.0	-1783.462695	1.44862	True	ds_floor
192456at33090	11	a_thaliana	5..2	50.0	475.4	145.6	0.0108	0.7408	68.66	-1783.462695	1.44862	True	ok
192750at33090	12	c_grandiflora	4..3	0.003	640.7	196.3	0.509	0.0007	0.0014	-1354.16709	1.23624	True	ok
192750at33090	12		4..5	0.079	640.7	196.3	0.0232	0.0024	0.1043	-1354.16709	1.23624	False	ok
192750at33090	12	a_halleri	5..1	0.049	640.7	196.3	0.0232	0.0015	0.0646	-1354.16709	1.23624	True	ok
192750at33090	12	a_thaliana	5..2	0.053	640.7	196.3	0.0232	0.0016	0.07	-1354.16709	1.23624	True	ok
193351at33090	13	c_grandiflora	4..3	0.111	260.4	78.6	0.0947	0.0115	0.1215	-601.960687	1.47289	True	ok
193351at33090	13		4..5	0.0	260.4	78.6	0.0501	0.0	0.0	-601.960687	1.47289	False	ds_floor
193351at33090	13	a_halleri	5..1	0.09	260.4	78.6	0.0501	0.0056	0.1114	-601.960687	1.47289	True	ok
193351at33090	13	a_thaliana	5..2	0.161	260.4	78.6	0.0501	0.0099	0.198	-601.960687	1.47289	True	ok
193437at33090	14	c_grandiflora	4..3	0.049	608.5	180.5	0.0001	0.0	0.0714	-1549.826983	1.31584	True	omega_boundary
193437at33090	14		4..5	0.138	608.5	180.5	0.2633	0.028	0.1065	-1549.826983	1.31584	False	ok
193437at33090	14	a_halleri	5..1	0.069	608.5	180.5	0.2633	0.014	0.0531	-1549.826983	1.31584	True	ok
193437at33090	14	a_thaliana	5..2	0.185	608.5	180.5	0.2633	0.0375	0.1424	-1549.826983	1.31584	True	ok
193683at33090	15	c_grandiflora	4..3	0.0	554.5	156.5	0.1505	0.0	0.0	-1242.040801	1.59395	True	ds_floor
193683at33090	15		4..5	0.195	554.5	156.5	0.095	0.021	0.2213	-1242.040801	1.59395	False	ok
193683at33090	15	a_halleri	5..1	0.056	554.5	156.5	0.095	0.006	0.063	-1242.040801	1.59395	True	ok
193683at33090	15	a_thaliana	5..2	0.094	554.5	156.5	0.095	0.0102	0.1069	-1242.040801	1.59395	True	ok
193777at33090	16	c_grandiflora	4..3	0.009	714.1	263.9	999.0	0.0042	0.0	-1746.745691	1.57486	True	omega_boundary
193777at33090	16		4..5	0.148	714.1	263.9	0.1185	0.0163	0.138	-1746.745691	1.57486	False	ok
193777at33090	16	a_halleri	5..1	0.086	714.1	263.9	0.1185	0.0095	0.0806	-1746.745691	1.57486	True	ok
193777at33090	16	a_thaliana	5..2	0.05	714.1	263.9	0.1185	0.0056	0.0471	-1746.745691	1.57486	True	ok
193982at33090	17	c_grandiflora	4..3	0.039	503.7	168.3	999.0	0.0173	0.0	-1255.878361	1.65526	True	omega_boundary
193982at33090	17		4..5	0.132	503.7	168.3	0.1879	0.0211	0.1124	-1255.878361	1.65526	False	ok
193982at33090	17	a_halleri	5..1	0.082	503.7	168.3	0.1879	0.0131	0.0699	-1255.878361	1.65526	True	ok
193982at33090	17	a_thaliana	5..2	0.091	503.7	168.3	0.1879	0.0146	0.0778	-1255.878361	1.65526	True	ok
194002at33090	18	c_grandiflora	4..3	0.054	529.4	163.6	0.0001	0.0	0.0767	-1279.383845	0.61831	True	omega_boundary
194002at33090	18		4..5	0.109	529.4	163.6	0.4117	0.0273	0.0662	-1279.383845	0.61831	False	ok
194002at33090	18	a_halleri	5..1	0.032	529.4	163.6	0.4117	0.008	0.0195	-1279.383845	0.61831	True	ok
194002at33090	18	a_thaliana	5..2	0.124	529.4	163.6	0.4117	0.031	0.0754	-1279.383845	0.61831	True	ok
194293at33090	19	c_grandiflora	4..3	0.215	758.3	243.7	0.2661	0.0428	0.1608	-2029.200959	1.11261	True	ok
194293at33090	19		4..5	0.0	758.3	243.7	0.3838	0.0	0.0	-2029.200959	1.11261	False	ds_floor
194293at33090	19	a_halleri	5..1	0.054	758.3	243.7	0.3838	0.0129	0.0335	-2029.200959	1.11261	True	ok
194293at33090	19	a_thaliana	5..2	0.187	758.3	243.7	0.3838	0.0448	0.1168	-2029.200959	1.11261	True	ok
194372at33090	20	c_grandiflora	4..3	0.177	344.6	108.4	0.1167	0.021	0.1797	-843.926422	1.43853	True	ok
194372at33090	20		4..5	0.0	344.6	108.4	0.074	0.0	0.0	-843.926422	1.43853	False	ds_floor
194372at33090	20	a_halleri	5..1	0.081	344.6	108.4	0.074	0.0067	0.0911	-843.926422	1.43853	True	ok
194372at33090	20	a_thaliana	5..2	0.136	344.6	108.4	0.074	0.0113	0.1529	-843.926422	1.43853	True	ok
194467at33090	1	c_grandiflora	4..3	0.031	569.6	243.4	999.0	0.0148	0.0	-1444.654244	2.90101	True	omega_boundary
194467at33090	1		4..5	0.145	569.6	243.4	0.0964	0.0127	0.1316	-1444.654244	2.90101	False	ok
194467at33090	1	a_halleri	5..1	0.033	569.6	243.4	0.0964	0.0029	0.0299	-1444.654244	2.90101	True	ok
194467at33090	1	a_thaliana	5..2	0.087	569.6	243.4	0.0964	0.0077	0.0794	-1444.654244	2.90101	True	ok
195185at33090	2	c_grandiflora	4..3	0.042	631.2	211.8	0.0001	0.0	0.0553	-1594.503597	1.39383	True	omega_boundary
195185at33090	2		4..5	0.183	631.2	211.8	0.1123	0.0204	0.1818	-1594.503597	1.39383	False	ok
195185at33090	2	a_halleri	5..1	0.098	631.2	211.8	0.1123	0.0109	0.097	-1594.503597	1.39383	True	ok
195185at33090	2	a_thaliana	5..2	0.123	631.2	211.8	0.1123	0.0137	0.1223	-1594.503597	1.39383	True	ok
195354at33090	3	c_grandiflora	4..3	0.065	464.3	162.7	0.0001	0.0	0.0836	-1143.862114	1.37464	True	omega_boundary
195354at33090	3		4..5	0.083	464.3	162.7	0.2259	0.0146	0.0648	-1143.862114	1.37464	False	ok
195354at33090	3	a_halleri	5..1	0.085	464.3	162.7	0.2259	0.0151	0.0667	-1143.862114	1.37464	True	ok
195354at33090	3	a_thaliana	5..2	0.082	464.3	162.7	0.2259	0.0145	0.064	-1143.862114	1.37464	True	ok
195527at33090	4	c_grandiflora	4..3	0.034	942.7	317.3	999.0	0.0151	0.0	-2215.978489	2.24021	True	omega_boundary
195527at33090	4		4..5	0.149	942.7	317.3	0.0682	0.0112	0.1644	-2215.978489	2.24021	False	ok
195527at33090	4	a_halleri	5..1	0.038	942.7	317.3	0.0682	0.0028	0.0418	-2215.978489	2.24021	True	ok
195527at33090	4	a_thaliana	5..2	0.073	942.7	317.3	0.0682	0.0054	0.08	-2215.978489	2.24021	True	ok
195843at33090	5	c_grandiflora	4..3	0.189	526.7	163.3	0.0719	0.0155	0.2157	-1241.174563	1.66606	True	ok
195843at33090	5		4..5	0.0	526.7	163.3	0.1606	0.0	0.0	-1241.174563	1.66606	False	ds_floor
195843at33090	5	a_halleri	5..1	0.097	526.7	163.3	0.1606	0.0145	0.0901	-1241.174563	1.66606	True	ok
195843at33090	5	a_thaliana	5..2	0.061	526.7	163.3	0.1606	0.009	0.0562	-1241.174563	1.66606	True	ok
196198at33090	6	c_grandiflora	4..3	0.281	387.2	161.8	0.2397	0.0483	0.2017	-1016.168671	2.22987	True	ok
196198at33090	6		4..5	0.0	387.2	161.8	0.1373	0.0	0.0	-1016.168671	2.22987	False	ds_floor
196198at33090	6	a_halleri	5..1	0.03	387.2	161.8	0.1373	0.0035	0.0255	-1016.168671	2.22987	True	ok
196198at33090	6	a_thaliana	5..2	0.058	387.2	161.8	0.1373	0.0068	0.0497	-1016.168671	2.22987	True	ok
196324at33090	7	c_grandiflora	4..3	0.019	639.8	182.2	999.0	0.0083	0.0	-1629.379471	1.9034	True	omega_boundary
196324at33090	7		4..5	0.253	639.8	182.2	0.1667	0.04	0.2398	-1629.379471	1.9034	False	ok
196324at33090	7	a_halleri	5..1	0.079	639.8	182.2	0.1667	0.0125	0.0749	-1629.379471	1.9034	True	ok
196324at33090	7	a_thaliana	5..2	0.144	639.8	182.2	0.1667	0.0228	0.1369	-1629.379471	1.9034	True	ok
196325at33090	8	c_grandiflora	4..3	0.004	761.9	267.1	753.393	0.0019	0.0	-1834.548235	1.87647	True	ds_floor
196325at33090	8		4..5	0.166	761.9	267.1	0.1012	0.0168	0.1658	-1834.548235	1.87647	False	ok
196325at33090	8	a_halleri	5..1	0.08	761.9	267.1	0.1012	0.0081	0.0799	-1834.548235	1.87647	True	ok
196325at33090	8	a_thaliana	5..2	0.063	761.9	267.1	0.1012	0.0064	0.0631	-1834.548235	1.87647	True	ok
196410at33090	9	c_grandiflora	4..3	0.0	525.4	137.6	1.6776	0.0	0.0	-1347.928946	1.25104	True	ds_floor
196410at33090	9		4..5	0.241	525.4	137.6	0.128	0.0333	0.2604	-1347.928946	1.25104	False	ok
196410at33090	9	a_halleri	5..1	0.053	525.4	137.6	0.128	0.0073	0.057	-1347.928946	1.25104	True	ok
196410at33090	9	a_thaliana	5..2	0.319	525.4	137.6	0.128	0.0441	0.3444	-1347.928946	1.25104	True	ok
196443at33090	10	c_grandiflora	4..3	0.141	470.9	192.1	0.1401	0.0169	0.1205	-1191.263109	3.51553	True	ok
196443at33090	10		4..5	0.0	470.9	192.1	0.3358	0.0	0.0	-1191.263109	3.51553	False	ds_floor
196443at33090	10	a_halleri	5..1	0.071	470.9	192.1	0.3358	0.0151	0.045	-1191.263109	3.51553	True	ok
196443at33090	10	a_thaliana	5..2	0.078	470.9	192.1	0.3358	0.0166	0.0495	-1191.263109	3.51553	True	ok
196490at33090	11	c_grandiflora	4..3	0.033	770.9	282.1	0.0001	0.0	0.0408	-1960.604189	1.8425	True	omega_boundary
196490at33090	11		4..5	0.144	770.9	282.1	0.2489	0.0265	0.1067	-1960.604189	1.8425	False	ok
196490at33090	11	a_halleri	5..1	0.076	770.9	282.1	0.2489	0.0141	0.0566	-1960.604189	1.8425	True	ok
196490at33090	11	a_thaliana	5..2	0.081	770.9	282.1	0.2489	0.015	0.0602	-1960.604189	1.8425	True	ok
196512at33090	12	c_grandiflora	4..3	0.092	1112.6	348.4	0.0001	0.0	0.1292	-2731.71122	2.2048	True	omega_boundary
196512at33090	12		4..5	0.124	1112.6	348.4	0.1192	0.015	0.1256	-2731.71122	2.2048	False	ok
196512at33090	12	a_halleri	5..1	0.087	1112.6	348.4	0.1192	0.0105	0.0884	-2731.71122	2.2048	True	ok
196512at33090	12	a_thaliana	5..2	0.11	1112.6	348.4	0.1192	0.0132	0.111	-2731.71122	2.2048	True	ok
196850at33090	13	c_grandiflora	4..3	0.157	479.2	165.8	0.1051	0.0164	0.1561	-1162.377336	1.39449	True	ok
196850at33090	13		4..5	0.0	479.2	165.8	0.1568	0.0	0.0	-1162.377336	1.39449	False	ds_floor
196850at33090	13	a_halleri	5..1	0.027	479.2	165.8	0.1568	0.0038	0.0242	-1162.377336	1.39449	True	ok
196850at33090	13	a_thaliana	5..2	0.14	479.2	165.8	0.1568	0.0196	0.1249	-1162.377336	1.39449	True	ok
196873at33090	14	c_grandiflora	4..3	0.289	418.7	151.3	0.452	0.0728	0.1611	-1082.919935	1.80162	True	ok
196873at33090	14		4..5	0.0	418.7	151.3	0.1589	0.0	0.0	-1082.919935	1.80162	False	ds_floor
196873at33090	14	a_halleri	5..1	0.083	418.7	151.3	0.1589	0.0115	0.0724	-1082.919935	1.80162	True	ok
196873at33090	14	a_thaliana	5..2	0.021	418.7	151.3	0.1589	0.0029	0.0183	-1082.919935	1.80162	True	ok
196991at33090	15	c_grandiflora	4..3	0.018	647.9	147.1	574.0092	0.0074	0.0	-1425.393484	0.90548	True	ds_floor
196991at33090	15		4..5	0.249	647.9	147.1	0.0811	0.0268	0.3311	-1425.393484	0.90548	False	ok
196991at33090	15	a_halleri	5..1	0.03	647.9	147.1	0.0811	0.0032	0.0398	-1425.393484	0.90548	True	ok
196991at33090	15	a_thaliana	5..2	0.101	647.9	147.1	0.0811	0.0109	0.1343	-1425.393484	0.90548	True	ok
197780at33090	16	c_grandiflora	4..3	0.027	779.9	261.1	0.0001	0.0	0.0353	-2019.68405	1.55547	True	omega_boundary
197780at33090	16		4..5	0.223	779.9	261.1	0.2112	0.0383	0.1814	-2019.68405	1.55547	False	ok
197780at33090	16	a_halleri	5..1	0.077	779.9	261.1	0.2112	0.0132	0.0623	-2019.68405	1.55547	True	ok
197780at33090	16	a_thaliana	5..2	0.1	779.9	261.1	0.2112	0.0171	0.0811	-2019.68405	1.55547	True	ok
197838at33090	17	c_grandiflora	4..3	0.044	397.5	127.5	999.0	0.0193	0.0	-984.835937	1.54377	True	omega_boundary
197838at33090	17		4..5	0.188	397.5	127.5	0.1815	0.0299	0.1644	-984.835937	1.54377	False	ok
197838at33090	17	a_halleri	5..1	0.039	397.5	127.5	0.1815	0.0062	0.0344	-984.835937	1.54377	True	ok
197838at33090	17	a_thaliana	5..2	0.098	397.5	127.5	0.1815	0.0156	0.0858	-984.835937	1.54377	True	ok
198012at33090	18	c_grandiflora	4..3	0.184	335.9	123.1	0.0446	0.0091	0.2043	-814.593027	2.79697	True	ok
198012at33090	18		4..5	0.0	335.9	123.1	0.0979	0.0	0.0	-814.593027	2.79697	False	ds_floor
198012at33090	18	a_halleri	5..1	0.088	335.9	123.1	0.0979	0.0085	0.0866	-814.593027	2.79697	True	ok
198012at33090	18	a_thaliana	5..2	0.099	335.9	123.1	0.0979	0.0095	0.0975	-814.593027	2.79697	True	ok
198570at33090	19	c_grandiflora	4..3	0.007	751.2	229.8	999.0	0.003	0.0	-1751.844125	1.49635	True	omega_boundary
198570at33090	19		4..5	0.157	751.2	229.8	0.1277	0.0202	0.1578	-1751.844125	1.49635	False	ok
198570at33090	19	a_halleri	5..1	0.056	751.2	229.8	0.1277	0.0072	0.0565	-1751.844125	1.49635	True	ok
198570at33090	19	a_thaliana	5..2	0.074	751.2	229.8	0.1277	0.0094	0.0739	-1751.844125	1.49635	True	ok
199163at33090	20	c_grandiflora	4..3	0.183	846.5	314.5	0.2198	0.0311	0.1413	-2212.680076	2.35388	True	ok
199163at33090	20		4..5	0.0	846.5	314.5	0.3162	0.0	0.0	-2212.680076	2.35388	False	ds_floor
199163at33090	20	a_halleri	5..1	0.097	846.5	314.5	0.3162	0.0204	0.0646	-2212.680076	2.35388	True	ok
199163at33090	20	a_thaliana	5..2	0.119	846.5	314.5	0.3162	0.025	0.079	-2212.680076	2.35388	True	ok
199618at33090	1	c_grandiflora	4..3	0.018	994.8	298.2	999.0	0.0077	0.0	-2453.861362	1.6541	True	omega_boundary
199618at33090	1		4..5	0.175	994.8	298.2	0.0928	0.0179	0.1933	-2453.861362	1.6541	False	ok
199618at33090	1	a_halleri	5..1	0.099	994.8	298.2	0.0928	0.0101	0.1088	-2453.861362	1.6541	True	ok
199618at33090	1	a_thaliana	5..2	0.121	994.8	298.2	0.0928	0.0124	0.1332	-2453.861362	1.6541	True	ok
199795at33090	2	c_grandiflora	4..3	0.162	482.1	183.9	0.2272	0.0279	0.1227	-1265.573415	2.63533	True	ok
199795at33090	2		4..5	0.0	482.1	183.9	0.1807	0.0	0.0	-1265.573415	2.63533	False	ds_floor
199795at33090	2	a_halleri	5..1	0.124	482.1	183.9	0.1807	0.0184	0.102	-1265.573415	2.63533	True	ok
199795at33090	2	a_thaliana	5..2	0.105	482.1	183.9	0.1807	0.0155	0.086	-1265.573415	2.63533	True	ok
200316at33090	3	c_grandiflora	4..3	0.1	1032.1	359.9	0.2526	0.019	0.075	-2551.975783	1.9047	True	ok
200316at33090	3		4..5	0.098	1032.1	359.9	0.1347	0.0123	0.0911	-2551.975783	1.9047	False	ok
200316at33090	3	a_halleri	5..1	0.038	1032.1	359.9	0.1347	0.0047	0.0349	-2551.975783	1.9047	True	ok
200316at33090	3	a_thaliana	5..2	0.112	1032.1	359.9	0.1347	0.0141	0.1046	-2551.975783	1.9047	True	ok
200488at33090	4	c_grandiflora	4..3	0.181	968.9	306.1	0.3306	0.0407	0.1231	-2322.800274	1.502	True	ok
200488at33090	4		4..5	0.0	968.9	306.1	0.141	0.0	0.0	-2322.800274	1.502	False	ds_floor
200488at33090	4	a_halleri	5..1	0.079	968.9	306.1	0.141	0.0106	0.0755	-2322.800274	1.502	True	ok
200488at33090	4	a_thaliana	5..2	0.052	968.9	306.1	0.141	0.007	0.0498	-2322.800274	1.502	True	ok
200499at33090	5	c_grandiflora	4..3	0.028	853.3	310.7	0.0001	0.0	0.0349	-2141.838928	1.61232	True	omega_boundary
200499at33090	5		4..5	0.187	853.3	310.7	0.146	0.0243	0.1666	-2141.838928	1.61232	False	ok
200499at33090	5	a_halleri	5..1	0.048	853.3	310.7	0.146	0.0063	0.0428	-2141.838928	1.61232	True	ok
200499at33090	5	a_thaliana	5..2	0.105	853.3	310.7	0.146	0.0137	0.0938	-2141.838928	1.61232	True	ok
200687at33090	6	c_grandiflora	4..3	0.0	536.1	171.9	0.1913	0.0	0.0	-1338.926482	1.48195	True	ds_floor
200687at33090	6		4..5	0.228	536.1	171.9	0.0718	0.0184	0.2557	-1338.926482	1.48195	False	ok
200687at33090	6	a_halleri	5..1	0.059	536.1	171.9	0.0718	0.0047	0.066	-1338.926482	1.48195	True	ok
200687at33090	6	a_thaliana	5..2	0.183	536.1	171.9	0.0718	0.0148	0.2058	-1338.926482	1.48195	True	ok
201861at33090	7	c_grandiflora	4..3	0.074	480.8	179.2	0.0001	0.0	0.0906	-1106.1795	2.56147	True	omega_boundary
201861at33090	7		4..5	0.082	480.8	179.2	0.0959	0.0077	0.0802	-1106.1795	2.56147	False	ok
201861at33090	7	a_halleri	5..1	0.025	480.8	179.2	0.0959	0.0023	0.024	-1106.1795	2.56147	True	ok
201861at33090	7	a_thaliana	5..2	0.071	480.8	179.2	0.0959	0.0067	0.0696	-1106.1795	2.56147	True	ok
203023at33090	8	c_grandiflora	4..3	0.019	427.1	136.9	999.0	0.0082	0.0	-1064.55589	1.706	True	omega_boundary
203023at33090	8		4..5	0.23	427.1	136.9	0.0856	0.0213	0.2493	-1064.55589	1.706	False	ok
203023at33090	8	a_halleri	5..1	0.114	427.1	136.9	0.0856	0.0106	0.1235	-1064.55589	1.706	True	ok
203023at33090	8	a_thaliana	5..2	0.084	427.1	136.9	0.0856	0.0078	0.0911	-1064.55589	1.706	True	ok
203383at33090	9	c_grandiflora	4..3	0.0	823.3	232.7	0.2762	0.0	0.0	-1999.688996	1.4411	True	ds_floor
203383at33090	9		4..5	0.239	823.3	232.7	0.1179	0.03	0.255	-1999.688996	1.4411	False	ok
203383at33090	9	a_halleri	5..1	0.051	823.3	232.7	0.1179	0.0065	0.0549	-1999.688996	1.4411	True	ok
203383at33090	9	a_thaliana	5..2	0.127	823.3	232.7	0.1179	0.0159	0.1351	-1999.688996	1.4411	True	ok
203818at33090	10	c_grandiflora	4..3	0.221	427.4	145.6	0.1086	0.0239	0.2201	-1021.693749	1.94468	True	ok
203818at33090	10		4..5	0.0	427.4	145.6	0.1152	0.0	0.0	-1021.693749	1.94468	False	ds_floor
203818at33090	10	a_halleri	5..1	0.028	427.4	145.6	0.1152	0.0031	0.027	-1021.693749	1.94468	True	ok
203818at33090	10	a_thaliana	5..2	0.076	427.4	145.6	0.1152	0.0086	0.0743	-1021.693749	1.94468	True	ok
204117at33090	11	c_grandiflora	4..3	0.021	718.7	235.3	0.0924	0.002	0.022	-1963.114746	1.18765	True	ok
204117at33090	11		4..5	0.19	718.7	235.3	0.2357	0.0351	0.1491	-1963.114746	1.18765	False	ok
204117at33090	11	a_halleri	5..1	0.187	718.7	235.3	0.2357	0.0346	0.1466	-1963.114746	1.18765	True	ok
204117at33090	11	a_thaliana	5..2	0.121	718.7	235.3	0.2357	0.0224	0.0952	-1963.114746	1.18765	True	ok
204880at33090	12	c_grandiflora	4..3	0.0	609.2	230.8	0.6068	0.0001	0.0002	-1560.89129	2.47575	True	ds_floor
204880at33090	12		4..5	0.211	609.2	230.8	0.1709	0.0302	0.1768	-1560.89129	2.47575	False	ok
204880at33090	12	a_halleri	5..1	0.068	609.2	230.8	0.1709	0.0098	0.0571	-1560.89129	2.47575	True	ok
204880at33090	12	a_thaliana	5..2	0.1	609.2	230.8	0.1709	0.0143	0.0837	-1560.89129	2.47575	True	ok
205308at33090	13	c_grandiflora	4..3	0.04	635.7	186.3	0.0001	0.0	0.0593	-1505.440719	1.52323	True	omega_boundary
205308at33090	13		4..5	0.158	635.7	186.3	0.2109	0.0286	0.1354	-1505.440719	1.52323	False	ok
205308at33090	13	a_halleri	5..1	0.039	635.7	186.3	0.2109	0.0071	0.0338	-1505.440719	1.52323	True	ok
205308at33090	13	a_thaliana	5..2	0.108	635.7	186.3	0.2109	0.0194	0.0921	-1505.440719	1.52323	True	ok
206164at33090	14	c_grandiflora	4..3	0.003	394.0	149.0	83.553	0.0014	0.0	-917.054968	2.05711	True	ds_floor
206164at33090	14		4..5	0.111	394.0	149.0	0.0521	0.0062	0.1184	-917.054968	2.05711	False	ok
206164at33090	14	a_halleri	5..1	0.063	394.0	149.0	0.0521	0.0035	0.0676	-917.054968	2.05711	True	ok
206164at33090	14	a_thaliana	5..2	0.072	394.0	149.0	0.0521	0.004	0.0767	-917.054968	2.05711	True	ok
206170at33090	15	c_grandiflora	4..3	0.025	514.5	181.5	0.0001	0.0	0.0324	-1288.354937	1.62948	True	omega_boundary
206170at33090	15		4..5	0.157	514.5	181.5	0.1128	0.0171	0.1519	-1288.354937	1.62948	False	ok
206170at33090	15	a_halleri	5..1	0.072	514.5	181.5	0.1128	0.0078	0.0694	-1288.354937	1.62948	True	ok
206170at33090	15	a_thaliana	5..2	0.129	514.5	181.5	0.1128	0.0141	0.1253	-1288.354937	1.62948	True	ok
207179at33090	16	c_grandiflora	4..3	0.111	859.6	286.4	0.0001	0.0	0.1479	-2350.726834	1.38451	True	omega_boundary
207179at33090	16		4..5	0.06	859.6	286.4	0.3042	0.0128	0.0422	-2350.726834	1.38451	False	ok
207179at33090	16	a_halleri	5..1	0.024	859.6	286.4	0.3042	0.0052	0.0171	-2350.726834	1.38451	True	ok
207179at33090	16	a_thaliana	5..2	0.384	859.6	286.4	0.3042	0.0815	0.268	-2350.726834	1.38451	True	ok
208706at33090	17	c_grandiflora	4..3	0.188	625.0	191.0	0.0965	0.0197	0.2039	-1472.547116	1.12602	True	ok
208706at33090	17		4..5	0.0	625.0	191.0	0.1586	0.0	0.0	-1472.547116	1.12602	False	ds_floor
208706at33090	17	a_halleri	5..1	0.059	625.0	191.0	0.1586	0.0088	0.0554	-1472.547116	1.12602	True	ok
208706at33090	17	a_thaliana	5..2	0.072	625.0	191.0	0.1586	0.0107	0.0673	-1472.547116	1.12602	True	ok
208707at33090	18	c_grandiflora	4..3	0.096	315.0	114.0	999.0	0.0435	0.0	-870.379075	1.90885	True	omega_boundary
208707at33090	18		4..5	0.198	315.0	114.0	0.1135	0.0214	0.1888	-870.379075	1.90885	False	ok
208707at33090	18	a_halleri	5..1	0.115	315.0	114.0	0.1135	0.0124	0.1094	-870.379075	1.90885	True	ok
208707at33090	18	a_thaliana	5..2	0.115	315.0	114.0	0.1135	0.0124	0.1094	-870.379075	1.90885	True	ok
208849at33090	19	c_grandiflora	4..3	0.041	253.3	82.7	0.0001	0.0	0.0549	-637.832005	1.29301	True	omega_boundary
208849at33090	19		4..5	0.172	253.3	82.7	0.1464	0.0235	0.1606	-637.832005	1.29301	False	ok
208849at33090	19	a_halleri	5..1	0.068	253.3	82.7	0.1464	0.0093	0.0635	-637.832005	1.29301	True	ok
208849at33090	19	a_thaliana	5..2	0.11	253.3	82.7	0.1464	0.0151	0.103	-637.832005	1.29301	True	ok
209015at33090	20	c_grandiflora	4..3	0.03	588.7	173.3	999.0	0.0131	0.0	-1349.530132	1.6164	True	omega_boundary
209015at33090	20		4..5	0.164	588.7	173.3	0.0416	0.0088	0.2106	-1349.530132	1.6164	False	ok
209015at33090	20	a_halleri	5..1	0.05	588.7	173.3	0.0416	0.0026	0.0636	-1349.530132	1.6164	True	ok
209015at33090	20	a_thaliana	5..2	0.1	588.7	173.3	0.0416	0.0053	0.1285	-1349.530132	1.6164	True	ok
209301at33090	1	c_grandiflora	4..3	0.043	816.5	263.5	999.0	0.019	0.0	-1997.52575	1.54504	True	omega_boundary
209301at33090	1		4..5	0.172	816.5	263.5	0.1569	0.0248	0.1579	-1997.52575	1.54504	False	ok
209301at33090	1	a_halleri	5..1	0.067	816.5	263.5	0.1569	0.0096	0.0612	-1997.52575	1.54504	True	ok
209301at33090	1	a_thaliana	5..2	0.066	816.5	263.5	0.1569	0.0095	0.0604	-1997.52575	1.54504	True	ok
209302at33090	2	c_grandiflora	4..3	0.279	588.7	215.3	0.3407	0.0612	0.1797	-1559.639328	1.97014	True	ok
209302at33090	2		4..5	0.0	588.7	215.3	0.1711	0.0	0.0	-1559.639328	1.97014	False	ds_floor
209302at33090	2	a_halleri	5..1	0.082	588.7	215.3	0.1711	0.0119	0.0698	-1559.639328	1.97014	True	ok
209302at33090	2	a_thaliana	5..2	0.068	588.7	215.3	0.1711	0.0098	0.0575	-1559.639328	1.97014	True	ok
209516at33090	3	c_grandiflora	4..3	0.167	562.4	163.6	0.1096	0.0197	0.1794	-1281.84241	1.00674	True	ok
209516at33090	3		4..5	0.0	562.4	163.6	0.1222	0.0	0.0	-1281.84241	1.00674	False	ds_floor
209516at33090	3	a_halleri	5..1	0.048	562.4	163.6	0.1222	0.0061	0.0503	-1281.84241	1.00674	True	ok
209516at33090	3	a_thaliana	5..2	0.066	562.4	163.6	0.1222	0.0084	0.0688	-1281.84241	1.00674	True	ok
210493at33090	4	c_grandiflora	4..3	0.196	348.1	71.9	0.0355	0.0116	0.3253	-712.207455	0.62117	True	ok
210493at33090	4		4..5	0.0	348.1	71.9	0.0247	0.0	0.0	-712.207455	0.62117	False	ds_floor
210493at33090	4	a_halleri	5..1	0.021	348.1	71.9	0.0247	0.0009	0.0372	-712.207455	0.62117	True	ok
210493at33090	4	a_thaliana	5..2	0.112	348.1	71.9	0.0247	0.0048	0.1952	-712.207455	0.62117	True	ok
210551at33090	5	c_grandiflora	4..3	0.193	566.9	189.1	0.1	0.0198	0.1975	-1368.009392	1.82827	True	ok
210551at33090	5		4..5	0.0	566.9	189.1	0.2026	0.0	0.0	-1368.009392	1.82827	False	ds_floor
210551at33090	5	a_halleri	5..1	0.051	566.9	189.1	0.2026	0.0086	0.0426	-1368.009392	1.82827	True	ok
210551at33090	5	a_thaliana	5..2	0.089	566.9	189.1	0.2026	0.015	0.0741	-1368.009392	1.82827	True	ok
210851at33090	6	c_grandiflora	4..3	0.057	432.6	152.4	0.0001	0.0	0.0725	-1101.803779	3.63228	True	omega_boundary
210851at33090	6		4..5	0.242	432.6	152.4	0.1645	0.0347	0.2107	-1101.803779	3.63228	False	ok
210851at33090	6	a_halleri	5..1	0.093	432.6	152.4	0.1645	0.0134	0.0812	-1101.803779	3.63228	True	ok
210851at33090	6	a_thaliana	5..2	0.064	432.6	152.4	0.1645	0.0092	0.0562	-1101.803779	3.63228	True	ok
21163at33090	7	c_grandiflora	4..3	0.107	2194.7	679.3	0.3781	0.0256	0.0678	-5191.998893	1.61336	True	ok
21163at33090	7		4..5	0.039	2194.7	679.3	0.1602	0.0057	0.0358	-5191.998893	1.61336	False	ok
21163at33090	7	a_halleri	5..1	0.067	2194.7	679.3	0.1602	0.0099	0.0619	-5191.998893	1.61336	True	ok
21163at33090	7	a_thaliana	5..2	0.083	2194.7	679.3	0.1602	0.0124	0.0771	-5191.998893	1.61336	True	ok
211645at33090	8	c_grandiflora	4..3	0.125	453.7	134.3	0.0001	0.0	0.182	-1042.652518	2.19237	True	omega_boundary
211645at33090	8		4..5	0.107	453.7	134.3	0.178	0.0174	0.0979	-1042.652518	2.19237	False	ok
211645at33090	8	a_halleri	5..1	0.052	453.7	134.3	0.178	0.0085	0.0478	-1042.652518	2.19237	True	ok
211645at33090	8	a_thaliana	5..2	0.063	453.7	134.3	0.178	0.0102	0.0571	-1042.652518	2.19237	True	ok
212331at33090	9	c_grandiflora	4..3	0.086	793.8	319.2	0.2187	0.0141	0.0645	-1975.607851	2.43355	True	ok
212331at33090	9		4..5	0.103	793.8	319.2	0.0649	0.0067	0.1033	-1975.607851	2.43355	False	ok
212331at33090	9	a_halleri	5..1	0.07	793.8	319.2	0.0649	0.0045	0.0701	-1975.607851	2.43355	True	ok
212331at33090	9	a_thaliana	5..2	0.066	793.8	319.2	0.0649	0.0043	0.066	-1975.607851	2.43355	True	ok
212845at33090	10	c_grandiflora	4..3	0.24	597.2	239.8	0.1098	0.024	0.2189	-1646.603652	2.62143	True	ok
212845at33090	10		4..5	0.028	597.2	239.8	0.1645	0.0038	0.0232	-1646.603652	2.62143	False	ok
212845at33090	10	a_halleri	5..1	0.092	597.2	239.8	0.1645	0.0125	0.0758	-1646.603652	2.62143	True	ok
212845at33090	10	a_thaliana	5..2	0.127	597.2	239.8	0.1645	0.0172	0.1048	-1646.603652	2.62143	True	ok
213827at33090	11	c_grandiflora	4..3	0.019	483.7	185.3	999.0	0.0086	0.0	-1298.756787	2.12634	True	omega_boundary
213827at33090	11		4..5	0.234	483.7	185.3	0.1462	0.0298	0.2038	-1298.756787	2.12634	False	ok
213827at33090	11	a_halleri	5..1	0.089	483.7	185.3	0.1462	0.0113	0.0775	-1298.756787	2.12634	True	ok
213827at33090	11	a_thaliana	5..2	0.111	483.7	185.3	0.1462	0.0142	0.097	-1298.756787	2.12634	True	ok
213828at33090	12	c_grandiflora	4..3	0.028	415.3	169.7	999.0	0.0132	0.0	-1115.807233	2.27912	True	omega_boundary
213828at33090	12		4..5	0.239	415.3	169.7	0.0612	0.0146	0.2393	-1115.807233	2.27912	False	ok
213828at33090	12	a_halleri	5..1	0.082	415.3	169.7	0.0612	0.005	0.0822	-1115.807233	2.27912	True	ok
213828at33090	12	a_thaliana	5..2	0.12	415.3	169.7	0.0612	0.0073	0.1196	-1115.807233	2.27912	True	ok
214313at33090	13	c_grandiflora	4..3	0.163	424.1	91.9	0.0001	0.0	0.3058	-997.521252	1.22676	True	omega_boundary
214313at33090	13		4..5	0.113	424.1	91.9	0.3093	0.0269	0.0869	-997.521252	1.22676	False	ok
214313at33090	13	a_halleri	5..1	0.125	424.1	91.9	0.3093	0.0299	0.0968	-997.521252	1.22676	True	ok
214313at33090	13	a_thaliana	5..2	0.089	424.1	91.9	0.3093	0.0213	0.0689	-997.521252	1.22676	True	ok
215062at33090	14	c_grandiflora	4..3	0.0	491.9	162.1	0.5443	0.0	0.0	-1253.62743	1.6003	True	ds_floor
215062at33090	14		4..5	0.211	491.9	162.1	0.1681	0.0316	0.1877	-1253.62743	1.6003	False	ok
215062at33090	14	a_halleri	5..1	0.133	491.9	162.1	0.1681	0.0199	0.1181	-1253.62743	1.6003	True	ok
215062at33090	14	a_thaliana	5..2	0.1	491.9	162.1	0.1681	0.015	0.089	-1253.62743	1.6003	True	ok
215487at33090	15	c_grandiflora	4..3	0.277	293.7	114.3	0.103	0.0269	0.2609	-819.794384	1.80586	True	ok
215487at33090	15		4..5	0.0	293.7	114.3	0.3082	0.0	0.0	-819.794384	1.80586	False	ds_floor
215487at33090	15	a_halleri	5..1	0.099	293.7	114.3	0.3082	0.0202	0.0655	-819.794384	1.80586	True	ok
215487at33090	15	a_thaliana	5..2	0.16	293.7	114.3	0.3082	0.0328	0.1063	-819.794384	1.80586	True	ok
215817at33090	16	c_grandiflora	4..3	0.067	864.7	281.3	0.0001	0.0	0.091	-2037.076101	1.43141	True	omega_boundary
215817at33090	16		4..5	0.154	864.7	281.3	0.1131	0.0176	0.1554	-2037.076101	1.43141	False	ok
215817at33090	16	a_halleri	5..1	0.037	864.7	281.3	0.1131	0.0042	0.0373	-2037.076101	1.43141	True	ok
215817at33090	16	a_thaliana	5..2	0.086	864.7	281.3	0.1131	0.0098	0.0867	-2037.076101	1.43141	True	ok
216228at33090	17	c_grandiflora	4..3	0.154	551.7	204.3	0.1461	0.02	0.1366	-1380.606877	1.71734	True	ok
216228at33090	17		4..5	0.0	551.7	204.3	0.1086	0.0	0.0	-1380.606877	1.71734	False	ds_floor
216228at33090	17	a_halleri	5..1	0.09	551.7	204.3	0.1086	0.0093	0.0858	-1380.606877	1.71734	True	ok
216228at33090	17	a_thaliana	5..2	0.091	551.7	204.3	0.1086	0.0095	0.0873	-1380.606877	1.71734	True	ok
216601at33090	18	c_grandiflora	4..3	0.0	459.3	134.7	0.2654	0.0	0.0	-1108.867692	1.89859	True	ds_floor
216601at33090	18		4..5	0.188	459.3	134.7	0.1662	0.0294	0.1767	-1108.867692	1.89859	False	ok
216601at33090	18	a_halleri	5..1	0.079	459.3	134.7	0.1662	0.0123	0.0739	-1108.867692	1.89859	True	ok
216601at33090	18	a_thaliana	5..2	0.094	459.3	134.7	0.1662	0.0147	0.0883	-1108.867692	1.89859	True	ok
217014at33090	19	c_grandiflora	4..3	0.279	651.6	236.4	0.1838	0.0427	0.2321	-1780.555219	2.25062	True	ok
217014at33090	19		4..5	0.0	651.6	236.4	0.286	0.0	0.0	-1780.555219	2.25062	False	ds_floor
217014at33090	19	a_halleri	5..1	0.088	651.6	236.4	0.286	0.0176	0.0615	-1780.555219	2.25062	True	ok
217014at33090	19	a_thaliana	5..2	0.122	651.6	236.4	0.286	0.0244	0.0855	-1780.555219	2.25062	True	ok
21751at33090	20	c_grandiflora	4..3	0.018	2308.0	893.0	999.0	0.0082	0.0	-5459.537203	3.05106	True	omega_boundary
21751at33090	20		4..5	0.124	2308.0	893.0	0.1252	0.014	0.112	-5459.537203	3.05106	False	ok
21751at33090	20	a_halleri	5..1	0.044	2308.0	893.0	0.1252	0.0049	0.0395	-5459.537203	3.05106	True	ok
21751at33090	20	a_thaliana	5..2	0.05	2308.0	893.0	0.1252	0.0057	0.0455	-5459.537203	3.05106	True	ok
21857at33090	1	c_grandiflora	4..3	0.0	1660.7	550.3	3.69	0.0001	0.0	-4015.968946	2.31098	True	ds_floor
21857at33090	1		4..5	0.207	1660.7	550.3	0.162	0.0302	0.1864	-4015.968946	2.31098	False	ok
21857at33090	1	a_halleri	5..1	0.059	1660.7	550.3	0.162	0.0086	0.053	-4015.968946	2.31098	True	ok
21857at33090	1	a_thaliana	5..2	0.071	1660.7	550.3	0.162	0.0104	0.064	-4015.968946	2.31098	True	ok
218947at33090	2	c_grandiflora	4..3	0.016	272.8	84.2	999.0	0.007	0.0	-639.868092	2.23619	True	omega_boundary
218947at33090	2		4..5	0.252	272.8	84.2	0.056	0.0169	0.3015	-639.868092	2.23619	False	ok
218947at33090	2	a_halleri	5..1	0.09	272.8	84.2	0.056	0.0061	0.1082	-639.868092	2.23619	True	ok
218947at33090	2	a_thaliana	5..2	0.065	272.8	84.2	0.056	0.0043	0.0776	-639.868092	2.23619	True	ok
219128at33090	3	c_grandiflora	4..3	0.138	253.1	88.9	0.0001	0.0	0.1768	-649.130928	2.63701	True	omega_boundary
219128at33090	3		4..5	0.118	253.1	88.9	0.1963	0.019	0.0968	-649.130928	2.63701	False	ok
219128at33090	3	a_halleri	5..1	0.063	253.1	88.9	0.1963	0.0101	0.0516	-649.130928	2.63701	True	ok
219128at33090	3	a_thaliana	5..2	0.123	253.1	88.9	0.1963	0.0199	0.1013	-649.130928	2.63701	True	ok
219839at33090	4	c_grandiflora	4..3	0.012	378.1	131.9	999.0	0.0056	0.0	-881.397857	1.78729	True	omega_boundary
219839at33090	4		4..5	0.128	378.1	131.9	0.0372	0.0055	0.1488	-881.397857	1.78729	False	ok
219839at33090	4	a_halleri	5..1	0.051	378.1	131.9	0.0372	0.0022	0.0593	-881.397857	1.78729	True	ok
219839at33090	4	a_thaliana	5..2	0.065	378.1	131.9	0.0372	0.0028	0.0755	-881.397857	1.78729	True	ok
220316at33090	5	c_grandiflora	4..3	0.194	561.3	194.7	0.2638	0.0377	0.143	-1418.101813	2.08067	True	ok
220316at33090	5		4..5	0.0	561.3	194.7	0.1387	0.0	0.0	-1418.101813	2.08067	False	ds_floor
220316at33090	5	a_halleri	5..1	0.08	561.3	194.7	0.1387	0.0103	0.074	-1418.101813	2.08067	True	ok
220316at33090	5	a_thaliana	5..2	0.089	561.3	194.7	0.1387	0.0114	0.0824	-1418.101813	2.08067	True	ok
220587at33090	6	c_grandiflora	4..3	0.055	633.0	207.0	999.0	0.0243	0.0	-1569.076875	1.82331	True	omega_boundary
220587at33090	6		4..5	0.172	633.0	207.0	0.1178	0.0202	0.1716	-1569.076875	1.82331	False	ok
220587at33090	6	a_halleri	5..1	0.082	633.0	207.0	0.1178	0.0096	0.0816	-1569.076875	1.82331	True	ok
220587at33090	6	a_thaliana	5..2	0.064	633.0	207.0	0.1178	0.0075	0.064	-1569.076875	1.82331	True	ok
220589at33090	7	c_grandiflora	4..3	0.256	1082.7	375.3	0.1743	0.0385	0.2206	-2892.513945	2.6274	True	ok
220589at33090	7		4..5	0.0	1082.7	375.3	0.3865	0.0	0.0	-2892.513945	2.6274	False	ds_floor
220589at33090	7	a_halleri	5..1	0.084	1082.7	375.3	0.3865	0.0199	0.0516	-2892.513945	2.6274	True	ok
220589at33090	7	a_thaliana	5..2	0.127	1082.7	375.3	0.3865	0.0299	0.0775	-2892.513945	2.6274	True	ok
22109at33090	8	c_grandiflora	4..3	0.222	1591.5	553.5	0.1254	0.0264	0.2105	-3939.975261	2.18703	True	ok
22109at33090	8		4..5	0.0	1591.5	553.5	0.105	0.0	0.0	-3939.975261	2.18703	False	ds_floor
22109at33090	8	a_halleri	5..1	0.071	1591.5	553.5	0.105	0.0074	0.0707	-3939.975261	2.18703	True	ok
22109at33090	8	a_thaliana	5..2	0.082	1591.5	553.5	0.105	0.0085	0.0809	-3939.975261	2.18703	True	ok
223902at33090	9	c_grandiflora	4..3	0.139	326.6	111.4	0.0001	0.0	0.1823	-791.502641	2.70046	True	omega_boundary
223902at33090	9		4..5	0.15	326.6	111.4	0.188	0.0238	0.1266	-791.502641	2.70046	False	ok
223902at33090	9	a_halleri	5..1	0.095	326.6	111.4	0.188	0.0151	0.0806	-791.502641	2.70046	True	ok
223902at33090	9	a_thaliana	5..2	0.05	326.6	111.4	0.188	0.0079	0.0422	-791.502641	2.70046	True	ok
225336at33090	10	c_grandiflora	4..3	0.0	483.5	182.5	0.5366	0.0	0.0	-1314.579512	1.65815	True	ds_floor
225336at33090	10		4..5	0.272	483.5	182.5	0.2001	0.0432	0.2161	-1314.579512	1.65815	False	ok
225336at33090	10	a_halleri	5..1	0.049	483.5	182.5	0.2001	0.0077	0.0386	-1314.579512	1.65815	True	ok
225336at33090	10	a_thaliana	5..2	0.132	483.5	182.5	0.2001	0.021	0.1048	-1314.579512	1.65815	True	ok
22618at33090	11	c_grandiflora	4..3	0.0	1797.8	629.2	3.6802	0.0	0.0	-4262.605869	2.65228	True	ds_floor
22618at33090	11		4..5	0.134	1797.8	629.2	0.2021	0.0221	0.1091	-4262.605869	2.65228	False	ok
22618at33090	11	a_halleri	5..1	0.042	1797.8	629.2	0.2021	0.0068	0.0338	-4262.605869	2.65228	True	ok
22618at33090	11	a_thaliana	5..2	0.087	1797.8	629.2	0.2021	0.0143	0.0708	-4262.605869	2.65228	True	ok
227848at33090	12	c_grandiflora	4..3	0.0	571.3	184.7	0.7127	0.0	0.0	-1321.499835	1.46486	True	ds_floor
227848at33090	12		4..5	0.185	571.3	184.7	0.1761	0.0288	0.1638	-1321.499835	1.46486	False	ok
227848at33090	12	a_halleri	5..1	0.079	571.3	184.7	0.1761	0.0123	0.07	-1321.499835	1.46486	True	ok
227848at33090	12	a_thaliana	5..2	0.048	571.3	184.7	0.1761	0.0074	0.0421	-1321.499835	1.46486	True	ok
228201at33090	13	c_grandiflora	4..3	0.002	738.4	269.6	966.0663	0.0008	0.0	-1921.733153	1.73844	True	ds_floor
228201at33090	13		4..5	0.157	738.4	269.6	0.2194	0.0267	0.1218	-1921.733153	1.73844	False	ok
228201at33090	13	a_halleri	5..1	0.074	738.4	269.6	0.2194	0.0126	0.0576	-1921.733153	1.73844	True	ok
228201at33090	13	a_thaliana	5..2	0.158	738.4	269.6	0.2194	0.027	0.1229	-1921.733153	1.73844	True	ok
22958at33090	14	c_grandiflora	4..3	0.032	2049.7	680.3	0.0001	0.0	0.0432	-4635.390651	1.72532	True	omega_boundary
22958at33090	14		4..5	0.124	2049.7	680.3	0.1384	0.0162	0.1171	-4635.390651	1.72532	False	ok
22958at33090	14	a_halleri	5..1	0.048	2049.7	680.3	0.1384	0.0063	0.0457	-4635.390651	1.72532	True	ok
22958at33090	14	a_thaliana	5..2	0.045	2049.7	680.3	0.1384	0.0059	0.0428	-4635.390651	1.72532	True	ok
229764at33090	15	c_grandiflora	4..3	0.12	841.7	301.3	0.1132	0.0131	0.1153	-2089.847253	1.78204	True	ok
229764at33090	15		4..5	0.041	841.7	301.3	0.142	0.0053	0.0376	-2089.847253	1.78204	False	ok
229764at33090	15	a_halleri	5..1	0.078	841.7	301.3	0.142	0.0101	0.071	-2089.847253	1.78204	True	ok
229764at33090	15	a_thaliana	5..2	0.092	841.7	301.3	0.142	0.0118	0.0833	-2089.847253	1.78204	True	ok
229778at33090	16	c_grandiflora	4..3	0.371	383.1	165.9	0.2149	0.0588	0.2737	-1115.931155	2.1585	True	ok
229778at33090	16		4..5	0.0	383.1	165.9	0.1684	0.0	0.0	-1115.931155	2.1585	False	ds_floor
229778at33090	16	a_halleri	5..1	0.074	383.1	165.9	0.1684	0.0099	0.0586	-1115.931155	2.1585	True	ok
229778at33090	16	a_thaliana	5..2	0.126	383.1	165.9	0.1684	0.0169	0.1001	-1115.931155	2.1585	True	ok
229782at33090	17	c_grandiflora	4..3	0.091	369.5	125.5	0.0001	0.0	0.1192	-1073.184129	1.81767	True	omega_boundary
229782at33090	17		4..5	0.312	369.5	125.5	0.723	0.0948	0.1312	-1073.184129	1.81767	False	ok
229782at33090	17	a_halleri	5..1	0.123	369.5	125.5	0.723	0.0373	0.0516	-1073.184129	1.81767	True	ok
229782at33090	17	a_thaliana	5..2	0.101	369.5	125.5	0.723	0.0306	0.0424	-1073.184129	1.81767	True	ok
230103at33090	18	c_grandiflora	4..3	0.074	1069.6	361.4	0.0001	0.0	0.0972	-2547.315196	1.61332	True	omega_boundary
230103at33090	18		4..5	0.114	1069.6	361.4	0.196	0.0187	0.0954	-2547.315196	1.61332	False	ok
230103at33090	18	a_halleri	5..1	0.044	1069.6	361.4	0.196	0.0072	0.0366	-2547.315196	1.61332	True	ok
230103at33090	18	a_thaliana	5..2	0.068	1069.6	361.4	0.196	0.0111	0.0564	-2547.315196	1.61332	True	ok
231151at33090	19	c_grandiflora	4..3	0.0	699.2	230.8	0.5363	0.0	0.0	-1666.496181	2.31623	True	ds_floor
231151at33090	19		4..5	0.168	699.2	230.8	0.2506	0.0321	0.1279	-1666.496181	2.31623	False	ok
231151at33090	19	a_halleri	5..1	0.054	699.2	230.8	0.2506	0.0104	0.0416	-1666.496181	2.31623	True	ok
231151at33090	19	a_thaliana	5..2	0.079	699.2	230.8	0.2506	0.0151	0.0601	-1666.496181	2.31623	True	ok
231707at33090	20	c_grandiflora	4..3	0.047	607.6	208.4	999.0	0.0209	0.0	-1482.486937	1.78819	True	omega_boundary
231707at33090	20		4..5	0.145	607.6	208.4	0.0603	0.0097	0.161	-1482.486937	1.78819	False	ok
231707at33090	20	a_halleri	5..1	0.069	607.6	208.4	0.0603	0.0046	0.077	-1482.486937	1.78819	True	ok
231707at33090	20	a_thaliana	5..2	0.079	607.6	208.4	0.0603	0.0053	0.088	-1482.486937	1.78819	True	ok
233744at33090	1	c_grandiflora	4..3	0.01	390.6	143.4	0.0001	0.0	0.0128	-1008.121264	2.60655	True	omega_boundary
233744at33090	1		4..5	0.253	390.6	143.4	0.2071	0.0416	0.2008	-1008.121264	2.60655	False	ok
233744at33090	1	a_halleri	5..1	0.047	390.6	143.4	0.2071	0.0077	0.0371	-1008.121264	2.60655	True	ok
233744at33090	1	a_thaliana	5..2	0.093	390.6	143.4	0.2071	0.0153	0.074	-1008.121264	2.60655	True	ok
23444at33090	2	c_grandiflora	4..3	0.006	1679.8	507.2	0.0001	0.0	0.008	-3850.697047	2.28235	True	omega_boundary
23444at33090	2		4..5	0.138	1679.8	507.2	0.1911	0.0231	0.121	-3850.697047	2.28235	False	ok
23444at33090	2	a_halleri	5..1	0.061	1679.8	507.2	0.1911	0.0103	0.0541	-3850.697047	2.28235	True	ok
23444at33090	2	a_thaliana	5..2	0.069	1679.8	507.2	0.1911	0.0116	0.0607	-3850.697047	2.28235	True	ok
23853at33090	3	c_grandiflora	4..3	0.141	2009.2	720.8	0.1003	0.014	0.1392	-4787.484331	2.48132	True	ok
23853at33090	3		4..5	0.009	2009.2	720.8	0.2044	0.0014	0.0071	-4787.484331	2.48132	False	ok
23853at33090	3	a_halleri	5..1	0.047	2009.2	720.8	0.2044	0.0077	0.0376	-4787.484331	2.48132	True	ok
23853at33090	3	a_thaliana	5..2	0.077	2009.2	720.8	0.2044	0.0127	0.062	-4787.484331	2.48132	True	ok
24838at33090	4	c_grandiflora	4..3	0.017	2099.3	675.7	999.0	0.0073	0.0	-4913.216593	1.9783	True	omega_boundary
24838at33090	4		4..5	0.156	2099.3	675.7	0.13	0.0198	0.1524	-4913.216593	1.9783	False	ok
24838at33090	4	a_halleri	5..1	0.051	2099.3	675.7	0.13	0.0065	0.0498	-4913.216593	1.9783	True	ok
24838at33090	4	a_thaliana	5..2	0.069	2099.3	675.7	0.13	0.0087	0.0673	-4913.216593	1.9783	True	ok
24at33090	5	c_grandiflora	4..3	0.166	11341.3	3868.7	0.1347	0.021	0.1562	-25926.348037	2.15295	True	ok
24at33090	5		4..5	0.0	11341.3	3868.7	0.1912	0.0	0.0	-25926.348037	2.15295	False	ds_floor
24at33090	5	a_halleri	5..1	0.032	11341.3	3868.7	0.1912	0.0051	0.0266	-25926.348037	2.15295	True	ok
24at33090	5	a_thaliana	5..2	0.039	11341.3	3868.7	0.1912	0.0063	0.0328	-25926.348037	2.15295	True	ok
25435at33090	6	c_grandiflora	4..3	0.0	2172.2	656.8	3.1173	0.0	0.0	-5053.699729	1.6301	True	ds_floor
25435at33090	6		4..5	0.181	2172.2	656.8	0.1601	0.0272	0.1697	-5053.699729	1.6301	False	ok
25435at33090	6	a_halleri	5..1	0.048	2172.2	656.8	0.1601	0.0072	0.0452	-5053.699729	1.6301	True	ok
25435at33090	6	a_thaliana	5..2	0.073	2172.2	656.8	0.1601	0.011	0.0684	-5053.699729	1.6301	True	ok
255at33090	7	c_grandiflora	4..3	0.181	5732.8	1980.2	0.103	0.0186	0.1807	-13075.066979	2.24934	True	ok
255at33090	7		4..5	0.0	5732.8	1980.2	0.0876	0.0	0.0	-13075.066979	2.24934	False	ds_floor
255at33090	7	a_halleri	5..1	0.028	5732.8	1980.2	0.0876	0.0026	0.0294	-13075.066979	2.24934	True	ok
255at33090	7	a_thaliana	5..2	0.046	5732.8	1980.2	0.0876	0.0042	0.0475	-13075.066979	2.24934	True	ok
26868at33090	8	c_grandiflora	4..3	0.201	1553.8	540.2	0.1999	0.0329	0.1645	-3942.30888	2.48825	True	ok
26868at33090	8		4..5	0.0	1553.8	540.2	0.2537	0.0	0.0	-3942.30888	2.48825	False	ds_floor
26868at33090	8	a_halleri	5..1	0.072	1553.8	540.2	0.2537	0.0136	0.0536	-3942.30888	2.48825	True	ok
26868at33090	8	a_thaliana	5..2	0.097	1553.8	540.2	0.2537	0.0184	0.0726	-3942.30888	2.48825	True	ok
27237at33090	9	c_grandiflora	4..3	0.01	1793.6	615.4	999.0	0.0043	0.0	-4200.9085	1.92615	True	omega_boundary
27237at33090	9		4..5	0.132	1793.6	615.4	0.1447	0.0176	0.1213	-4200.9085	1.92615	False	ok
27237at33090	9	a_halleri	5..1	0.048	1793.6	615.4	0.1447	0.0063	0.0438	-4200.9085	1.92615	True	ok
27237at33090	9	a_thaliana	5..2	0.066	1793.6	615.4	0.1447	0.0088	0.0607	-4200.9085	1.92615	True	ok
27607at33090	10	c_grandiflora	4..3	0.004	1532.4	555.6	999.0	0.0019	0.0	-3445.261999	2.22979	True	omega_boundary
27607at33090	10		4..5	0.124	1532.4	555.6	0.0501	0.0068	0.1365	-3445.261999	2.22979	False	ok
27607at33090	10	a_halleri	5..1	0.037	1532.4	555.6	0.0501	0.0021	0.0411	-3445.261999	2.22979	True	ok
27607at33090	10	a_thaliana	5..2	0.043	1532.4	555.6	0.0501	0.0024	0.0471	-3445.261999	2.22979	True	ok
28920at33090	11	c_grandiflora	4..3	0.025	1787.4	606.6	0.0001	0.0	0.0326	-4152.166294	2.11487	True	omega_boundary
28920at33090	11		4..5	0.133	1787.4	606.6	0.1525	0.0184	0.1205	-4152.166294	2.11487	False	ok
28920at33090	11	a_halleri	5..1	0.045	1787.4	606.6	0.1525	0.0062	0.0406	-4152.166294	2.11487	True	ok
28920at33090	11	a_thaliana	5..2	0.062	1787.4	606.6	0.1525	0.0086	0.0564	-4152.166294	2.11487	True	ok
31855at33090	12	c_grandiflora	4..3	0.128	1560.1	602.9	0.1728	0.0183	0.1061	-3841.834692	1.87499	True	ok
31855at33090	12		4..5	0.0	1560.1	602.9	0.1562	0.0	0.0	-3841.834692	1.87499	False	ds_floor
31855at33090	12	a_halleri	5..1	0.055	1560.1	602.9	0.1562	0.0074	0.0472	-3841.834692	1.87499	True	ok
31855at33090	12	a_thaliana	5..2	0.092	1560.1	602.9	0.1562	0.0122	0.0783	-3841.834692	1.87499	True	ok
32730at33090	13	c_grandiflora	4..3	0.177	1391.2	396.8	0.0716	0.0152	0.2128	-3088.616233	1.48408	True	ok
32730at33090	13		4..5	0.0	1391.2	396.8	0.1248	0.0	0.0	-3088.616233	1.48408	False	ds_floor
32730at33090	13	a_halleri	5..1	0.066	1391.2	396.8	0.1248	0.0086	0.069	-3088.616233	1.48408	True	ok
32730at33090	13	a_thaliana	5..2	0.041	1391.2	396.8	0.1248	0.0054	0.0429	-3088.616233	1.48408	True	ok
32923at33090	14	c_grandiflora	4..3	0.223	1564.6	505.4	0.378	0.0531	0.1405	-3793.2265	1.95555	True	ok
32923at33090	14		4..5	0.0	1564.6	505.4	0.123	0.0	0.0	-3793.2265	1.95555	False	ds_floor
32923at33090	14	a_halleri	5..1	0.048	1564.6	505.4	0.123	0.0058	0.0475	-3793.2265	1.95555	True	ok
32923at33090	14	a_thaliana	5..2	0.064	1564.6	505.4	0.123	0.0077	0.0628	-3793.2265	1.95555	True	ok
33264at33090	15	c_grandiflora	4..3	0.202	1347.1	467.9	0.1419	0.0263	0.1854	-3391.710491	2.84485	True	ok
33264at33090	15		4..5	0.0	1347.1	467.9	0.2081	0.0	0.0	-3391.710491	2.84485	False	ds_floor
33264at33090	15	a_halleri	5..1	0.087	1347.1	467.9	0.2081	0.0146	0.0703	-3391.710491	2.84485	True	ok
33264at33090	15	a_thaliana	5..2	0.087	1347.1	467.9	0.2081	0.0146	0.0704	-3391.710491	2.84485	True	ok
34517at33090	16	c_grandiflora	4..3	0.0	1766.4	714.6	5.598	0.0	0.0	-4388.295669	2.4932	True	ds_floor
34517at33090	16		4..5	0.168	1766.4	714.6	0.095	0.015	0.1577	-4388.295669	2.4932	False	ok
34517at33090	16	a_halleri	5..1	0.056	1766.4	714.6	0.095	0.005	0.0529	-4388.295669	2.4932	True	ok
34517at33090	16	a_thaliana	5..2	0.08	1766.4	714.6	0.095	0.0071	0.0746	-4388.295669	2.4932	True	ok
35499at33090	17	c_grandiflora	4..3	0.012	1560.1	560.9	999.0	0.0055	0.0	-3586.003719	3.69076	True	omega_boundary
35499at33090	17		4..5	0.11	1560.1	560.9	0.1112	0.0118	0.106	-3586.003719	3.69076	False	ok
35499at33090	17	a_halleri	5..1	0.055	1560.1	560.9	0.1112	0.0058	0.0525	-3586.003719	3.69076	True	ok
35499at33090	17	a_thaliana	5..2	0.049	1560.1	560.9	0.1112	0.0052	0.0471	-3586.003719	3.69076	True	ok
35887at33090	18	c_grandiflora	4..3	0.018	1940.3	600.7	0.0001	0.0	0.0248	-4865.500111	1.82309	True	omega_boundary
35887at33090	18		4..5	0.248	1940.3	600.7	0.377	0.0593	0.1574	-4865.500111	1.82309	False	ok
35887at33090	18	a_halleri	5..1	0.056	1940.3	600.7	0.377	0.0133	0.0354	-4865.500111	1.82309	True	ok
35887at33090	18	a_thaliana	5..2	0.079	1940.3	600.7	0.377	0.0188	0.0499	-4865.500111	1.82309	True	ok
36284at33090	19	c_grandiflora	4..3	0.055	1709.0	610.0	0.0001	0.0	0.0698	-3941.448312	2.05257	True	omega_boundary
36284at33090	19		4..5	0.071	1709.0	610.0	0.09	0.0065	0.0719	-3941.448312	2.05257	False	ok
36284at33090	19	a_halleri	5..1	0.042	1709.0	610.0	0.09	0.0039	0.0428	-3941.448312	2.05257	True	ok
36284at33090	19	a_thaliana	5..2	0.076	1709.0	610.0	0.09	0.0069	0.0769	-3941.448312	2.05257	True	ok
37663at33090	20	c_grandiflora	4..3	0.199	1452.7	551.3	0.1365	0.0242	0.177	-3569.14745	2.47777	True	ok
37663at33090	20		4..5	0.0	1452.7	551.3	0.1338	0.0	0.0	-3569.14745	2.47777	False	ds_floor
37663at33090	20	a_halleri	5..1	0.052	1452.7	551.3	0.1338	0.0062	0.0464	-3569.14745	2.47777	True	ok
37663at33090	20	a_thaliana	5..2	0.072	1452.7	551.3	0.1338	0.0086	0.0641	-3569.14745	2.47777	True	ok
37699at33090	1	c_grandiflora	4..3	0.082	1881.7	593.3	0.0001	0.0	0.1141	-4762.647457	1.96391	True	omega_boundary
37699at33090	1		4..5	0.101	1881.7	593.3	0.598	0.0291	0.0487	-4762.647457	1.96391	False	ok
37699at33090	1	a_halleri	5..1	0.062	1881.7	593.3	0.598	0.0177	0.0295	-4762.647457	1.96391	True	ok
37699at33090	1	a_thaliana	5..2	0.159	1881.7	593.3	0.598	0.0456	0.0762	-4762.647457	1.96391	True	ok
39913at33090	2	c_grandiflora	4..3	0.0	1628.6	594.4	1.6895	0.0	0.0	-3693.188585	2.50356	True	ds_floor
39913at33090	2		4..5	0.154	1628.6	594.4	0.0646	0.0106	0.1635	-3693.188585	2.50356	False	ok
39913at33090	2	a_halleri	5..1	0.026	1628.6	594.4	0.0646	0.0018	0.0272	-3693.188585	2.50356	True	ok
39913at33090	2	a_thaliana	5..2	0.056	1628.6	594.4	0.0646	0.0038	0.0591	-3693.188585	2.50356	True	ok
4034at33090	3	c_grandiflora	4..3	0.189	3101.8	1044.2	0.1891	0.0303	0.16	-7358.988529	2.34177	True	ok
4034at33090	3		4..5	0.0	3101.8	1044.2	0.1726	0.0	0.0	-7358.988529	2.34177	False	ds_floor
4034at33090	3	a_halleri	5..1	0.044	3101.8	1044.2	0.1726	0.0067	0.0388	-7358.988529	2.34177	True	ok
4034at33090	3	a_thaliana	5..2	0.061	3101.8	1044.2	0.1726	0.0092	0.0532	-7358.988529	2.34177	True	ok
40630at33090	4	c_grandiflora	4..3	0.159	1761.1	599.9	0.1144	0.0179	0.1564	-4042.04038	2.3985	True	ok
40630at33090	4		4..5	0.0	1761.1	599.9	0.2132	0.0	0.0	-4042.04038	2.3985	False	ds_floor
40630at33090	4	a_halleri	5..1	0.051	1761.1	599.9	0.2132	0.0087	0.0408	-4042.04038	2.3985	True	ok
40630at33090	4	a_thaliana	5..2	0.054	1761.1	599.9	0.2132	0.0093	0.0436	-4042.04038	2.3985	True	ok
41146at33090	5	c_grandiflora	4..3	0.026	1403.9	468.1	0.0001	0.0	0.0344	-3369.756836	2.20417	True	omega_boundary
41146at33090	5		4..5	0.188	1403.9	468.1	0.1429	0.0251	0.1757	-3369.756836	2.20417	False	ok
41146at33090	5	a_halleri	5..1	0.061	1403.9	468.1	0.1429	0.0081	0.0568	-3369.756836	2.20417	True	ok
41146at33090	5	a_thaliana	5..2	0.054	1403.9	468.1	0.1429	0.0071	0.05	-3369.756836	2.20417	True	ok
4115at33090	6	c_grandiflora	4..3	0.112	2478.8	839.2	0.215	0.0194	0.0904	-5619.781238	2.72816	True	ok
4115at33090	6		4..5	0.0	2478.8	839.2	0.1274	0.0	0.0	-5619.781238	2.72816	False	ds_floor
4115at33090	6	a_halleri	5..1	0.049	2478.8	839.2	0.1274	0.006	0.0467	-5619.781238	2.72816	True	ok
4115at33090	6	a_thaliana	5..2	0.059	2478.8	839.2	0.1274	0.0072	0.0565	-5619.781238	2.72816	True	ok
41244at33090	7	c_grandiflora	4..3	0.031	1295.5	462.5	0.0001	0.0	0.0393	-3089.17238	2.26285	True	omega_boundary
41244at33090	7		4..5	0.147	1295.5	462.5	0.12	0.0167	0.139	-3089.17238	2.26285	False	ok
41244at33090	7	a_halleri	5..1	0.055	1295.5	462.5	0.12	0.0063	0.0522	-3089.17238	2.26285	True	ok
41244at33090	7	a_thaliana	5..2	0.056	1295.5	462.5	0.12	0.0064	0.0535	-3089.17238	2.26285	True	ok
42407at33090	8	c_grandiflora	4..3	0.02	1288.2	373.8	0.0001	0.0	0.0293	-3025.837847	1.71315	True	omega_boundary
42407at33090	8		4..5	0.134	1288.2	373.8	0.2434	0.0262	0.1078	-3025.837847	1.71315	False	ok
42407at33090	8	a_halleri	5..1	0.048	1288.2	373.8	0.2434	0.0095	0.0389	-3025.837847	1.71315	True	ok
42407at33090	8	a_thaliana	5..2	0.121	1288.2	373.8	0.2434	0.0237	0.0974	-3025.837847	1.71315	True	ok
43683at33090	9	c_grandiflora	4..3	0.008	1472.8	495.2	0.0001	0.0	0.0102	-3568.195314	1.98689	True	omega_boundary
43683at33090	9		4..5	0.194	1472.8	495.2	0.1968	0.0319	0.162	-3568.195314	1.98689	False	ok
43683at33090	9	a_halleri	5..1	0.049	1472.8	495.2	0.1968	0.0081	0.0412	-3568.195314	1.98689	True	ok
43683at33090	9	a_thaliana	5..2	0.07	1472.8	495.2	0.1968	0.0115	0.0584	-3568.195314	1.98689	True	ok
43957at33090	10	c_grandiflora	4..3	0.202	2025.9	671.1	0.1108	0.0225	0.203	-5005.907694	1.77686	True	ok
43957at33090	10		4..5	0.0	2025.9	671.1	0.2097	0.0	0.0	-5005.907694	1.77686	False	ds_floor
43957at33090	10	a_halleri	5..1	0.058	2025.9	671.1	0.2097	0.0099	0.0473	-5005.907694	1.77686	True	ok
43957at33090	10	a_thaliana	5..2	0.101	2025.9	671.1	0.2097	0.0174	0.0828	-5005.907694	1.77686	True	ok
44063at33090	11	c_grandiflora	4..3	0.158	1304.6	411.4	0.1613	0.0234	0.145	-3110.664444	1.351	True	ok
44063at33090	11		4..5	0.0	1304.6	411.4	0.1352	0.0	0.0	-3110.664444	1.351	False	ds_floor
44063at33090	11	a_halleri	5..1	0.073	1304.6	411.4	0.1352	0.0095	0.0706	-3110.664444	1.351	True	ok
44063at33090	11	a_thaliana	5..2	0.078	1304.6	411.4	0.1352	0.0102	0.0755	-3110.664444	1.351	True	ok
44526at33090	12	c_grandiflora	4..3	0.02	1442.9	483.1	999.0	0.0087	0.0	-3525.094628	1.77164	True	omega_boundary
44526at33090	12		4..5	0.181	1442.9	483.1	0.1203	0.0213	0.1773	-3525.094628	1.77164	False	ok
44526at33090	12	a_halleri	5..1	0.053	1442.9	483.1	0.1203	0.0062	0.0517	-3525.094628	1.77164	True	ok
44526at33090	12	a_thaliana	5..2	0.089	1442.9	483.1	0.1203	0.0104	0.0867	-3525.094628	1.77164	True	ok
46307at33090	13	c_grandiflora	4..3	0.011	1310.7	450.3	193.2404	0.0048	0.0	-3091.732142	2.04005	True	ds_floor
46307at33090	13		4..5	0.186	1310.7	450.3	0.0552	0.0115	0.2093	-3091.732142	2.04005	False	ok
46307at33090	13	a_halleri	5..1	0.054	1310.7	450.3	0.0552	0.0034	0.0607	-3091.732142	2.04005	True	ok
46307at33090	13	a_thaliana	5..2	0.07	1310.7	450.3	0.0552	0.0043	0.0785	-3091.732142	2.04005	True	ok
48027at33090	14	c_grandiflora	4..3	0.003	1278.9	431.1	999.0	0.0014	0.0	-2971.179083	2.26517	True	omega_boundary
48027at33090	14		4..5	0.167	1278.9	431.1	0.0655	0.0121	0.185	-2971.179083	2.26517	False	ok
48027at33090	14	a_halleri	5..1	0.058	1278.9	431.1	0.0655	0.0042	0.0639	-2971.179083	2.26517	True	ok
48027at33090	14	a_thaliana	5..2	0.065	1278.9	431.1	0.0655	0.0047	0.0716	-2971.179083	2.26517	True	ok
48290at33090	15	c_grandiflora	4..3	0.043	1454.4	480.6	0.0001	0.0	0.0581	-3725.04091	2.16835	True	omega_boundary
48290at33090	15		4..5	0.093	1454.4	480.6	0.2012	0.0157	0.0778	-3725.04091	2.16835	False	ok
48290at33090	15	a_halleri	5..1	0.099	1454.4	480.6	0.2012	0.0165	0.0823	-3725.04091	2.16835	True	ok
48290at33090	15	a_thaliana	5..2	0.183	1454.4	480.6	0.2012	0.0307	0.1525	-3725.04091	2.16835	True	ok
48645at33090	16	c_grandiflora	4..3	0.0	1364.1	420.9	0.9226	0.0001	0.0001	-2993.579171	2.44228	True	ds_floor
48645at33090	16		4..5	0.127	1364.1	420.9	0.0985	0.0134	0.1363	-2993.579171	2.44228	False	ok
48645at33090	16	a_halleri	5..1	0.034	1364.1	420.9	0.0985	0.0036	0.0362	-2993.579171	2.44228	True	ok
48645at33090	16	a_thaliana	5..2	0.069	1364.1	420.9	0.0985	0.0072	0.0736	-2993.579171	2.44228	True	ok
49092at33090	17	c_grandiflora	4..3	0.009	1241.6	426.4	999.0	0.0039	0.0	-2755.251203	1.89585	True	omega_boundary
49092at33090	17		4..5	0.113	1241.6	426.4	0.0183	0.0026	0.1401	-2755.251203	1.89585	False	ok
49092at33090	17	a_halleri	5..1	0.057	1241.6	426.4	0.0183	0.0013	0.0712	-2755.251203	1.89585	True	ok
49092at33090	17	a_thaliana	5..2	0.048	1241.6	426.4	0.0183	0.0011	0.0589	-2755.251203	1.89585	True	ok
50512at33090	18	c_grandiflora	4..3	0.267	1181.6	339.4	0.2352	0.0516	0.2196	-3036.131399	2.29632	True	ok
50512at33090	18		4..5	0.0	1181.6	339.4	0.1784	0.0	0.0	-3036.131399	2.29632	False	ds_floor
50512at33090	18	a_halleri	5..1	0.13	1181.6	339.4	0.1784	0.0214	0.12	-3036.131399	2.29632	True	ok
50512at33090	18	a_thaliana	5..2	0.101	1181.6	339.4	0.1784	0.0167	0.0935	-3036.131399	2.29632	True	ok
50528at33090	19	c_grandiflora	4..3	0.0	1243.2	370.8	1.4818	0.0	0.0	-2993.896305	1.66825	True	ds_floor
50528at33090	19		4..5	0.209	1243.2	370.8	0.103	0.0233	0.2259	-2993.896305	1.66825	False	ok
50528at33090	19	a_halleri	5..1	0.082	1243.2	370.8	0.103	0.0091	0.0887	-2993.896305	1.66825	True	ok
50528at33090	19	a_thaliana	5..2	0.1	1243.2	370.8	0.103	0.0111	0.1075	-2993.896305	1.66825	True	ok
51214at33090	20	c_grandiflora	4..3	0.063	1390.7	439.3	0.0001	0.0	0.0868	-3235.475411	1.83718	True	omega_boundary
51214at33090	20		4..5	0.097	1390.7	439.3	0.1711	0.0149	0.087	-3235.475411	1.83718	False	ok
51214at33090	20	a_halleri	5..1	0.044	1390.7	439.3	0.1711	0.0067	0.0393	-3235.475411	1.83718	True	ok
51214at33090	20	a_thaliana	5..2	0.089	1390.7	439.3	0.1711	0.0137	0.0803	-3235.475411	1.83718	True	ok
51262at33090	1	c_grandiflora	4..3	0.086	1563.7	545.3	0.0001	0.0	0.1104	-3824.944449	2.84974	True	omega_boundary
51262at33090	1		4..5	0.15	1563.7	545.3	0.4058	0.0362	0.0893	-3824.944449	2.84974	False	ok
51262at33090	1	a_halleri	5..1	0.047	1563.7	545.3	0.4058	0.0113	0.0278	-3824.944449	2.84974	True	ok
51262at33090	1	a_thaliana	5..2	0.051	1563.7	545.3	0.4058	0.0123	0.0304	-3824.944449	2.84974	True	ok
52795at33090	2	c_grandiflora	4..3	0.15	1335.4	467.6	0.0827	0.0129	0.1563	-3161.200559	2.28922	True	ok
52795at33090	2		4..5	0.0	1335.4	467.6	0.1469	0.0	0.0	-3161.200559	2.28922	False	ds_floor
52795at33090	2	a_halleri	5..1	0.057	1335.4	467.6	0.1469	0.0076	0.052	-3161.200559	2.28922	True	ok
52795at33090	2	a_thaliana	5..2	0.074	1335.4	467.6	0.1469	0.0098	0.067	-3161.200559	2.28922	True	ok
5305at33090	3	c_grandiflora	4..3	0.246	2390.9	699.1	0.2791	0.0517	0.1852	-9115.359402	1.63913	True	ok
5305at33090	3		4..5	0.0	2390.9	699.1	0.0143	0.0	0.0	-9115.359402	1.63913	False	ds_floor
5305at33090	3	a_halleri	5..1	50.0	2390.9	699.1	0.0143	1.0058	70.2232	-9115.359402	1.63913	True	ok
5305at33090	3	a_thaliana	5..2	0.009	2390.9	699.1	0.0143	0.0002	0.0132	-9115.359402	1.63913	True	ok
53416at33090	4	c_grandiflora	4..3	0.001	1075.9	439.1	43.133	0.0005	0.0	-2955.161346	2.28277	True	ds_floor
53416at33090	4		4..5	0.231	1075.9	439.1	0.2062	0.0364	0.1764	-2955.161346	2.28277	False	ok
53416at33090	4	a_halleri	5..1	0.095	1075.9	439.1	0.2062	0.015	0.0729	-2955.161346	2.28277	True	ok
53416at33090	4	a_thaliana	5..2	0.118	1075.9	439.1	0.2062	0.0186	0.0902	-2955.161346	2.28277	True	ok
53527at33090	5	c_grandiflora	4..3	0.001	2158.8	697.2	0.5989	0.0003	0.0005	-4946.037212	1.86416	True	ds_floor
53527at33090	5		4..5	0.159	2158.8	697.2	0.1025	0.0169	0.1653	-4946.037212	1.86416	False	ok
53527at33090	5	a_halleri	5..1	0.044	2158.8	697.2	0.1025	0.0047	0.0457	-4946.037212	1.86416	True	ok
53527at33090	5	a_thaliana	5..2	0.064	2158.8	697.2	0.1025	0.0068	0.0663	-4946.037212	1.86416	True	ok
58672at33090	6	c_grandiflora	4..3	0.018	1018.9	349.1	999.0	0.0082	0.0	-2443.37285	1.93058	True	omega_boundary
58672at33090	6		4..5	0.183	1018.9	349.1	0.0631	0.0127	0.2016	-2443.37285	1.93058	False	ok
58672at33090	6	a_halleri	5..1	0.09	1018.9	349.1	0.0631	0.0063	0.0991	-2443.37285	1.93058	True	ok
58672at33090	6	a_thaliana	5..2	0.052	1018.9	349.1	0.0631	0.0036	0.0574	-2443.37285	1.93058	True	ok
5927at33090	7	c_grandiflora	4..3	0.228	2922.2	1052.8	0.2135	0.0384	0.1798	-7487.097177	2.20944	True	ok
5927at33090	7		4..5	0.0	2922.2	1052.8	0.2482	0.0	0.0	-7487.097177	2.20944	False	ds_floor
5927at33090	7	a_halleri	5..1	0.058	2922.2	1052.8	0.2482	0.0107	0.043	-7487.097177	2.20944	True	ok
5927at33090	7	a_thaliana	5..2	0.088	2922.2	1052.8	0.2482	0.0162	0.0652	-7487.097177	2.20944	True	ok
60262at33090	8	c_grandiflora	4..3	0.005	1033.8	340.2	0.7384	0.0016	0.0022	-2271.465442	1.72181	True	ok
60262at33090	8		4..5	0.119	1033.8	340.2	0.0072	0.0011	0.1569	-2271.465442	1.72181	False	ok
60262at33090	8	a_halleri	5..1	0.056	1033.8	340.2	0.0072	0.0005	0.0743	-2271.465442	1.72181	True	ok
60262at33090	8	a_thaliana	5..2	0.063	1033.8	340.2	0.0072	0.0006	0.083	-2271.465442	1.72181	True	ok
62262at33090	9	c_grandiflora	4..3	0.064	1034.7	360.3	0.0001	0.0	0.0826	-2541.793869	1.97143	True	omega_boundary
62262at33090	9		4..5	0.115	1034.7	360.3	0.4151	0.0281	0.0677	-2541.793869	1.97143	False	ok
62262at33090	9	a_halleri	5..1	0.042	1034.7	360.3	0.4151	0.0103	0.0248	-2541.793869	1.97143	True	ok
62262at33090	9	a_thaliana	5..2	0.086	1034.7	360.3	0.4151	0.021	0.0506	-2541.793869	1.97143	True	ok
63411at33090	10	c_grandiflora	4..3	0.111	1159.7	421.3	0.2209	0.0191	0.0863	-2846.53806	1.55146	True	ok
63411at33090	10		4..5	0.064	1159.7	421.3	0.065	0.0044	0.0675	-2846.53806	1.55146	False	ok
63411at33090	10	a_halleri	5..1	0.084	1159.7	421.3	0.065	0.0058	0.0889	-2846.53806	1.55146	True	ok
63411at33090	10	a_thaliana	5..2	0.068	1159.7	421.3	0.065	0.0047	0.0723	-2846.53806	1.55146	True	ok
63853at33090	11	c_grandiflora	4..3	0.218	1067.5	348.5	0.0814	0.0192	0.2359	-2562.758306	1.43438	True	ok
63853at33090	11		4..5	0.0	1067.5	348.5	0.0869	0.0	0.0	-2562.758306	1.43438	False	ds_floor
63853at33090	11	a_halleri	5..1	0.061	1067.5	348.5	0.0869	0.0056	0.0649	-2562.758306	1.43438	True	ok
63853at33090	11	a_thaliana	5..2	0.071	1067.5	348.5	0.0869	0.0066	0.076	-2562.758306	1.43438	True	ok
64272at33090	12	c_grandiflora	4..3	0.201	2067.4	611.6	0.2416	0.039	0.1613	-4938.684083	1.70301	True	ok
64272at33090	12		4..5	0.018	2067.4	611.6	0.182	0.003	0.0162	-4938.684083	1.70301	False	ok
64272at33090	12	a_halleri	5..1	0.06	2067.4	611.6	0.182	0.0099	0.0545	-4938.684083	1.70301	True	ok
64272at33090	12	a_thaliana	5..2	0.086	2067.4	611.6	0.182	0.0141	0.0775	-4938.684083	1.70301	True	ok
6512at33090	13	c_grandiflora	4..3	0.007	2628.8	839.2	0.0001	0.0	0.0094	-6336.995262	2.47459	True	omega_boundary
6512at33090	13		4..5	0.192	2628.8	839.2	0.2236	0.0348	0.1556	-6336.995262	2.47459	False	ok
6512at33090	13	a_halleri	5..1	0.062	2628.8	839.2	0.2236	0.0112	0.0502	-6336.995262	2.47459	True	ok
6512at33090	13	a_thaliana	5..2	0.081	2628.8	839.2	0.2236	0.0147	0.0657	-6336.995262	2.47459	True	ok
65263at33090	14	c_grandiflora	4..3	0.233	1355.3	411.7	0.1673	0.036	0.215	-3337.343019	1.37297	True	ok
65263at33090	14		4..5	0.0	1355.3	411.7	0.2082	0.0	0.0	-3337.343019	1.37297	False	ds_floor
65263at33090	14	a_halleri	5..1	0.054	1355.3	411.7	0.2082	0.0096	0.046	-3337.343019	1.37297	True	ok
65263at33090	14	a_thaliana	5..2	0.1	1355.3	411.7	0.2082	0.0177	0.0849	-3337.343019	1.37297	True	ok
67132at33090	15	c_grandiflora	4..3	0.052	1513.5	496.5	0.0001	0.0	0.0697	-3308.983598	2.09619	True	omega_boundary
67132at33090	15		4..5	0.101	1513.5	496.5	0.094	0.01	0.1061	-3308.983598	2.09619	False	ok
67132at33090	15	a_halleri	5..1	0.029	1513.5	496.5	0.094	0.0029	0.0304	-3308.983598	2.09619	True	ok
67132at33090	15	a_thaliana	5..2	0.039	1513.5	496.5	0.094	0.0039	0.0412	-3308.983598	2.09619	True	ok
67389at33090	16	c_grandiflora	4..3	0.005	1223.4	381.6	999.0	0.0024	0.0	-2861.054155	1.44108	True	omega_boundary
67389at33090	16		4..5	0.199	1223.4	381.6	0.0799	0.0178	0.2225	-2861.054155	1.44108	False	ok
67389at33090	16	a_halleri	5..1	0.04	1223.4	381.6	0.0799	0.0035	0.0444	-2861.054155	1.44108	True	ok
67389at33090	16	a_thaliana	5..2	0.079	1223.4	381.6	0.0799	0.0071	0.0883	-2861.054155	1.44108	True	ok
68169at33090	17	c_grandiflora	4..3	0.014	1774.2	655.8	999.0	0.0064	0.0	-4305.451727	2.17555	True	omega_boundary
68169at33090	17		4..5	0.107	1774.2	655.8	0.1941	0.0169	0.0869	-4305.451727	2.17555	False	ok
68169at33090	17	a_halleri	5..1	0.057	1774.2	655.8	0.1941	0.0089	0.0459	-4305.451727	2.17555	True	ok
68169at33090	17	a_thaliana	5..2	0.083	1774.2	655.8	0.1941	0.0131	0.0676	-4305.451727	2.17555	True	ok
6843at33090	18	c_grandiflora	4..3	0.031	1803.1	608.9	999.0	0.0139	0.0	-4133.204423	2.27015	True	omega_boundary
6843at33090	18		4..5	0.097	1803.1	608.9	0.0657	0.007	0.107	-4133.204423	2.27015	False	ok
6843at33090	18	a_halleri	5..1	0.05	1803.1	608.9	0.0657	0.0036	0.0548	-4133.204423	2.27015	True	ok
6843at33090	18	a_thaliana	5..2	0.072	1803.1	608.9	0.0657	0.0052	0.0799	-4133.204423	2.27015	True	ok
68537at33090	19	c_grandiflora	4..3	0.019	1018.2	373.8	0.0001	0.0	0.0234	-2403.447835	2.89833	True	omega_boundary
68537at33090	19		4..5	0.129	1018.2	373.8	0.1487	0.017	0.1143	-2403.447835	2.89833	False	ok
68537at33090	19	a_halleri	5..1	0.064	1018.2	373.8	0.1487	0.0084	0.0564	-2403.447835	2.89833	True	ok
68537at33090	19	a_thaliana	5..2	0.049	1018.2	373.8	0.1487	0.0064	0.0432	-2403.447835	2.89833	True	ok
68957at33090	20	c_grandiflora	4..3	0.14	1266.9	443.1	0.177	0.0212	0.1196	-2973.824176	1.72727	True	ok
68957at33090	20		4..5	0.0	1266.9	443.1	0.0913	0.0	0.0	-2973.824176	1.72727	False	ds_floor
68957at33090	20	a_halleri	5..1	0.043	1266.9	443.1	0.0913	0.004	0.0438	-2973.824176	1.72727	True	ok
68957at33090	20	a_thaliana	5..2	0.071	1266.9	443.1	0.0913	0.0066	0.0721	-2973.824176	1.72727	True	ok
69073at33090	1	c_grandiflora	4..3	0.0	1041.5	371.5	4.8685	0.0	0.0	-2502.230651	2.57518	True	ds_floor
69073at33090	1		4..5	0.141	1041.5	371.5	0.1314	0.0171	0.1302	-2502.230651	2.57518	False	ok
69073at33090	1	a_halleri	5..1	0.073	1041.5	371.5	0.1314	0.0089	0.068	-2502.230651	2.57518	True	ok
69073at33090	1	a_thaliana	5..2	0.08	1041.5	371.5	0.1314	0.0098	0.0743	-2502.230651	2.57518	True	ok
69137at33090	2	c_grandiflora	4..3	0.045	1263.5	383.5	0.0001	0.0	0.0647	-2831.082879	1.58978	True	omega_boundary
69137at33090	2		4..5	0.09	1263.5	383.5	0.171	0.0141	0.0823	-2831.082879	1.58978	False	ok
69137at33090	2	a_halleri	5..1	0.057	1263.5	383.5	0.171	0.009	0.0524	-2831.082879	1.58978	True	ok
69137at33090	2	a_thaliana	5..2	0.06	1263.5	383.5	0.171	0.0094	0.0551	-2831.082879	1.58978	True	ok
69505at33090	3	c_grandiflora	4..3	0.249	1094.5	288.5	0.134	0.0354	0.2642	-2754.442937	1.38575	True	ok
69505at33090	3		4..5	0.0	1094.5	288.5	0.3123	0.0	0.0	-2754.442937	1.38575	False	ds_floor
69505at33090	3	a_halleri	5..1	0.115	1094.5	288.5	0.3123	0.0262	0.084	-2754.442937	1.38575	True	ok
69505at33090	3	a_thaliana	5..2	0.109	1094.5	288.5	0.3123	0.0249	0.0798	-2754.442937	1.38575	True	ok
70613at33090	4	c_grandiflora	4..3	0.074	1026.7	353.3	0.0001	0.0	0.0969	-2404.495099	3.10586	True	omega_boundary
70613at33090	4		4..5	0.074	1026.7	353.3	0.1641	0.0107	0.0649	-2404.495099	3.10586	False	ok
70613at33090	4	a_halleri	5..1	0.04	1026.7	353.3	0.1641	0.0057	0.0349	-2404.495099	3.10586	True	ok
70613at33090	4	a_thaliana	5..2	0.099	1026.7	353.3	0.1641	0.0143	0.087	-2404.495099	3.10586	True	ok
71620at33090	5	c_grandiflora	4..3	0.132	1035.1	326.9	0.0569	0.0088	0.1549	-2337.043081	1.90216	True	ok
71620at33090	5		4..5	0.0	1035.1	326.9	0.0805	0.0	0.0	-2337.043081	1.90216	False	ds_floor
71620at33090	5	a_halleri	5..1	0.054	1035.1	326.9	0.0805	0.0048	0.0596	-2337.043081	1.90216	True	ok
71620at33090	5	a_thaliana	5..2	0.078	1035.1	326.9	0.0805	0.007	0.0864	-2337.043081	1.90216	True	ok
72992at33090	6	c_grandiflora	4..3	0.015	1302.3	386.7	999.0	0.0064	0.0	-2998.331341	2.06413	True	omega_boundary
72992at33090	6		4..5	0.145	1302.3	386.7	0.0711	0.0121	0.1703	-2998.331341	2.06413	False	ok
72992at33090	6	a_halleri	5..1	0.072	1302.3	386.7	0.0711	0.006	0.0842	-2998.331341	2.06413	True	ok
72992at33090	6	a_thaliana	5..2	0.11	1302.3	386.7	0.0711	0.0092	0.1298	-2998.331341	2.06413	True	ok
7366at33090	7	c_grandiflora	4..3	0.182	2496.9	725.1	0.0816	0.0172	0.2108	-5468.417889	1.72529	True	ok
7366at33090	7		4..5	0.0	2496.9	725.1	0.1098	0.0	0.0	-5468.417889	1.72529	False	ds_floor
7366at33090	7	a_halleri	5..1	0.036	2496.9	725.1	0.1098	0.0042	0.0382	-5468.417889	1.72529	True	ok
7366at33090	7	a_thaliana	5..2	0.058	2496.9	725.1	0.1098	0.0068	0.0622	-5468.417889	1.72529	True	ok
74230at33090	8	c_grandiflora	4..3	0.157	1071.0	333.0	0.079	0.0139	0.1757	-2562.9461	2.41165	True	ok
74230at33090	8		4..5	0.0	1071.0	333.0	0.1727	0.0	0.0	-2562.9461	2.41165	False	ds_floor
74230at33090	8	a_halleri	5..1	0.097	1071.0	333.0	0.1727	0.0151	0.0873	-2562.9461	2.41165	True	ok
74230at33090	8	a_thaliana	5..2	0.102	1071.0	333.0	0.1727	0.0159	0.0923	-2562.9461	2.41165	True	ok
74742at33090	9	c_grandiflora	4..3	0.204	1042.3	358.7	0.2367	0.0373	0.1575	-2567.441634	1.96282	True	ok
74742at33090	9		4..5	0.0	1042.3	358.7	0.1479	0.0	0.0	-2567.441634	1.96282	False	ds_floor
74742at33090	9	a_halleri	5..1	0.045	1042.3	358.7	0.1479	0.0061	0.041	-2567.441634	1.96282	True	ok
74742at33090	9	a_thaliana	5..2	0.094	1042.3	358.7	0.1479	0.0126	0.0853	-2567.441634	1.96282	True	ok
76849at33090	10	c_grandiflora	4..3	0.19	1312.5	454.5	0.1453	0.0252	0.1733	-3187.385835	2.01069	True	ok
76849at33090	10		4..5	0.0	1312.5	454.5	0.1148	0.0	0.0	-3187.385835	2.01069	False	ds_floor
76849at33090	10	a_halleri	5..1	0.056	1312.5	454.5	0.1148	0.0062	0.0542	-3187.385835	2.01069	True	ok
76849at33090	10	a_thaliana	5..2	0.083	1312.5	454.5	0.1148	0.0093	0.0811	-3187.385835	2.01069	True	ok
79950at33090	11	c_grandiflora	4..3	0.221	976.6	337.4	0.3426	0.0493	0.1439	-2572.117051	2.85774	True	ok
79950at33090	11		4..5	0.0	976.6	337.4	0.2347	0.0	0.0	-2572.117051	2.85774	False	ds_floor
79950at33090	11	a_halleri	5..1	0.078	976.6	337.4	0.2347	0.0141	0.0602	-2572.117051	2.85774	True	ok
79950at33090	11	a_thaliana	5..2	0.133	976.6	337.4	0.2347	0.0241	0.1027	-2572.117051	2.85774	True	ok
8072at33090	12	c_grandiflora	4..3	0.072	2133.0	741.0	0.0649	0.0051	0.0784	-4773.641957	2.39392	True	ok
8072at33090	12		4..5	0.056	2133.0	741.0	0.1877	0.0089	0.0473	-4773.641957	2.39392	False	ok
8072at33090	12	a_halleri	5..1	0.023	2133.0	741.0	0.1877	0.0036	0.0193	-4773.641957	2.39392	True	ok
8072at33090	12	a_thaliana	5..2	0.058	2133.0	741.0	0.1877	0.0092	0.0491	-4773.641957	2.39392	True	ok
83749at33090	13	c_grandiflora	4..3	0.007	1029.6	350.4	999.0	0.0033	0.0	-2373.442382	2.21787	True	omega_boundary
83749at33090	13		4..5	0.134	1029.6	350.4	0.1138	0.015	0.1314	-2373.442382	2.21787	False	ok
83749at33090	13	a_halleri	5..1	0.041	1029.6	350.4	0.1138	0.0046	0.0404	-2373.442382	2.21787	True	ok
83749at33090	13	a_thaliana	5..2	0.071	1029.6	350.4	0.1138	0.0079	0.0695	-2373.442382	2.21787	True	ok
84264at33090	14	c_grandiflora	4..3	0.001	1727.6	567.4	0.0001	0.0	0.0007	-4425.372813	2.49971	True	omega_boundary
84264at33090	14		4..5	0.231	1727.6	567.4	0.3507	0.0528	0.1507	-4425.372813	2.49971	False	ok
84264at33090	14	a_halleri	5..1	0.069	1727.6	567.4	0.3507	0.0159	0.0452	-4425.372813	2.49971	True	ok
84264at33090	14	a_thaliana	5..2	0.115	1727.6	567.4	0.3507	0.0264	0.0752	-4425.372813	2.49971	True	ok
87347at33090	15	c_grandiflora	4..3	0.168	2141.9	714.1	0.1893	0.0271	0.1429	-5157.640881	2.1237	True	ok
87347at33090	15		4..5	0.0	2141.9	714.1	0.2041	0.0	0.0	-5157.640881	2.1237	False	ds_floor
87347at33090	15	a_halleri	5..1	0.061	2141.9	714.1	0.2041	0.0102	0.0501	-5157.640881	2.1237	True	ok
87347at33090	15	a_thaliana	5..2	0.083	2141.9	714.1	0.2041	0.014	0.0685	-5157.640881	2.1237	True	ok
87734at33090	16	c_grandiflora	4..3	0.022	1035.4	362.6	1.0357	0.0072	0.007	-2559.170925	1.5968	True	ok
87734at33090	16		4..5	0.176	1035.4	362.6	0.1677	0.0256	0.1526	-2559.170925	1.5968	False	ok
87734at33090	16	a_halleri	5..1	0.057	1035.4	362.6	0.1677	0.0083	0.0495	-2559.170925	1.5968	True	ok
87734at33090	16	a_thaliana	5..2	0.077	1035.4	362.6	0.1677	0.0112	0.0667	-2559.170925	1.5968	True	ok
88295at33090	17	c_grandiflora	4..3	0.0	1008.8	356.2	0.209	0.0	0.0	-2397.429718	2.12877	True	ds_floor
88295at33090	17		4..5	0.144	1008.8	356.2	0.0556	0.0088	0.1586	-2397.429718	2.12877	False	ok
88295at33090	17	a_halleri	5..1	0.058	1008.8	356.2	0.0556	0.0036	0.0643	-2397.429718	2.12877	True	ok
88295at33090	17	a_thaliana	5..2	0.096	1008.8	356.2	0.0556	0.0059	0.106	-2397.429718	2.12877	True	ok
88687at33090	18	c_grandiflora	4..3	0.0	988.3	322.7	0.6122	0.0	0.0	-2277.21502	1.88806	True	ds_floor
88687at33090	18		4..5	0.172	988.3	322.7	0.1854	0.0275	0.1484	-2277.21502	1.88806	False	ok
88687at33090	18	a_halleri	5..1	0.032	988.3	322.7	0.1854	0.0051	0.0277	-2277.21502	1.88806	True	ok
88687at33090	18	a_thaliana	5..2	0.059	988.3	322.7	0.1854	0.0094	0.0508	-2277.21502	1.88806	True	ok
88771at33090	19	c_grandiflora	4..3	0.0	1233.0	432.0	0.3018	0.0	0.0	-2995.429282	1.46824	True	ds_floor
88771at33090	19		4..5	0.153	1233.0	432.0	0.1477	0.0204	0.1384	-2995.429282	1.46824	False	ok
88771at33090	19	a_halleri	5..1	0.052	1233.0	432.0	0.1477	0.007	0.0473	-2995.429282	1.46824	True	ok
88771at33090	19	a_thaliana	5..2	0.09	1233.0	432.0	0.1477	0.0121	0.0817	-2995.429282	1.46824	True	ok
89796at33090	20	c_grandiflora	4..3	0.049	1484.1	555.9	0.021	0.0012	0.0564	-3587.416988	2.42331	True	ok
89796at33090	20		4..5	0.088	1484.1	555.9	0.0815	0.0072	0.0881	-3587.416988	2.42331	False	ok
89796at33090	20	a_halleri	5..1	0.082	1484.1	555.9	0.0815	0.0067	0.0822	-3587.416988	2.42331	True	ok
89796at33090	20	a_thaliana	5..2	0.076	1484.1	555.9	0.0815	0.0063	0.0767	-3587.416988	2.42331	True	ok
90301at33090	1	c_grandiflora	4..3	0.007	1024.2	361.8	999.0	0.003	0.0	-2444.287834	1.82304	True	omega_boundary
90301at33090	1		4..5	0.194	1024.2	361.8	0.0797	0.0161	0.2025	-2444.287834	1.82304	False	ok
90301at33090	1	a_halleri	5..1	0.037	1024.2	361.8	0.0797	0.0031	0.039	-2444.287834	1.82304	True	ok
90301at33090	1	a_thaliana	5..2	0.084	1024.2	361.8	0.0797	0.007	0.0876	-2444.287834	1.82304	True	ok
9044at33090	2	c_grandiflora	4..3	0.016	2350.0	815.0	727.5631	0.0073	0.0	-5764.133467	2.33021	True	ds_floor
9044at33090	2		4..5	0.19	2350.0	815.0	0.0922	0.018	0.1946	-5764.133467	2.33021	False	ok
9044at33090	2	a_halleri	5..1	0.059	2350.0	815.0	0.0922	0.0056	0.0602	-5764.133467	2.33021	True	ok
9044at33090	2	a_thaliana	5..2	0.089	2350.0	815.0	0.0922	0.0083	0.0905	-5764.133467	2.33021	True	ok
9058at33090	3	c_grandiflora	4..3	0.074	3281.3	1029.7	0.5347	0.0203	0.038	-7782.027427	2.51853	True	ok
9058at33090	3		4..5	0.121	3281.3	1029.7	0.273	0.0247	0.0906	-7782.027427	2.51853	False	ok
9058at33090	3	a_halleri	5..1	0.049	3281.3	1029.7	0.273	0.01	0.0367	-7782.027427	2.51853	True	ok
9058at33090	3	a_thaliana	5..2	0.073	3281.3	1029.7	0.273	0.0148	0.0544	-7782.027427	2.51853	True	ok
90872at33090	4	c_grandiflora	4..3	0.0	1030.9	331.1	1.9916	0.0	0.0	-2442.07639	1.71191	True	ds_floor
90872at33090	4		4..5	0.187	1030.9	331.1	0.1343	0.0243	0.1812	-2442.07639	1.71191	False	ok
90872at33090	4	a_halleri	5..1	0.063	1030.9	331.1	0.1343	0.0082	0.0612	-2442.07639	1.71191	True	ok
90872at33090	4	a_thaliana	5..2	0.07	1030.9	331.1	0.1343	0.009	0.0673	-2442.07639	1.71191	True	ok
92579at33090	5	c_grandiflora	4..3	0.179	857.3	351.7	0.1215	0.0193	0.1584	-2201.385963	2.33424	True	ok
92579at33090	5		4..5	0.0	857.3	351.7	0.2938	0.0	0.0	-2201.385963	2.33424	False	ds_floor
92579at33090	5	a_halleri	5..1	0.056	857.3	351.7	0.2938	0.011	0.0376	-2201.385963	2.33424	True	ok
92579at33090	5	a_thaliana	5..2	0.087	857.3	351.7	0.2938	0.017	0.0579	-2201.385963	2.33424	True	ok
95807at33090	6	c_grandiflora	4..3	0.191	955.8	340.2	0.4853	0.0499	0.1028	-2476.695636	1.90762	True	ok
95807at33090	6		4..5	0.0	955.8	340.2	0.2282	0.0	0.0	-2476.695636	1.90762	False	ds_floor
95807at33090	6	a_halleri	5..1	0.076	955.8	340.2	0.2282	0.0134	0.0588	-2476.695636	1.90762	True	ok
95807at33090	6	a_thaliana	5..2	0.097	955.8	340.2	0.2282	0.0172	0.0752	-2476.695636	1.90762	True	ok
96953at33090	7	c_grandiflora	4..3	0.314	883.8	274.2	0.2085	0.0551	0.2643	-2294.413215	1.44586	True	ok
96953at33090	7		4..5	0.0	883.8	274.2	0.1392	0.0	0.0	-2294.413215	1.44586	False	ds_floor
96953at33090	7	a_halleri	5..1	0.102	883.8	274.2	0.1392	0.0137	0.0986	-2294.413215	1.44586	True	ok
96953at33090	7	a_thaliana	5..2	0.071	883.8	274.2	0.1392	0.0096	0.069	-2294.413215	1.44586	True	ok
97593at33090	8	c_grandiflora	4..3	0.127	915.7	323.3	0.1457	0.0167	0.1144	-2236.215803	1.77864	True	ok
97593at33090	8		4..5	0.023	915.7	323.3	0.2762	0.0045	0.0164	-2236.215803	1.77864	False	ok
97593at33090	8	a_halleri	5..1	0.064	915.7	323.3	0.2762	0.0126	0.0458	-2236.215803	1.77864	True	ok
97593at33090	8	a_thaliana	5..2	0.076	915.7	323.3	0.2762	0.0151	0.0548	-2236.215803	1.77864	True	ok
9849at33090	9	c_grandiflora	4..3	0.18	2398.9	823.1	0.2506	0.034	0.1356	-6266.045348	2.44088	True	ok
9849at33090	9		4..5	0.076	2398.9	823.1	0.3329	0.0168	0.0504	-6266.045348	2.44088	False	ok
9849at33090	9	a_halleri	5..1	0.061	2398.9	823.1	0.3329	0.0135	0.0406	-6266.045348	2.44088	True	ok
9849at33090	9	a_thaliana	5..2	0.114	2398.9	823.1	0.3329	0.0252	0.0758	-6266.045348	2.44088	True	ok
