gene_id	dataset_index	tip	branch	t	N	S	omega	dN	dS	lnL	kappa	is_terminal	qc_flag
101241at33090	1	c_grandiflora	4..3	0.117	937.4	322.6	0.1009	0.0119	0.1179	-2175.904484	1.63555	True	ok
101241at33090	1		4..5	0.042	937.4	322.6	0.1009	0.0043	0.0427	-2175.904484	1.63555	False	ok
101241at33090	1	a_halleri	5..1	0.034	937.4	322.6	0.1009	0.0035	0.0345	-2175.904484	1.63555	True	ok
101241at33090	1	a_thaliana	5..2	0.067	937.4	322.6	0.093	0.0064	0.0688	-2175.904484	1.63555	True	ok
101701at33090	2	c_grandiflora	4..3	0.058	2012.0	622.0	0.1436	0.008	0.0559	-4819.46665	1.6457	True	ok
101701at33090	2		4..5	0.142	2012.0	622.0	0.1436	0.0197	0.1369	-4819.46665	1.6457	False	ok
101701at33090	2	a_halleri	5..1	0.06	2012.0	622.0	0.1436	0.0084	0.0582	-4819.46665	1.6457	True	ok
101701at33090	2	a_thaliana	5..2	0.077	2012.0	622.0	0.1292	0.0099	0.077	-4819.46665	1.6457	True	ok
102307at33090	3	c_grandiflora	4..3	0.061	774.4	254.6	0.0382	0.0028	0.0733	-1705.373837	1.83304	True	ok
102307at33090	3		4..5	0.127	774.4	254.6	0.0382	0.0059	0.1538	-1705.373837	1.83304	False	ok
102307at33090	3	a_halleri	5..1	0.008	774.4	254.6	0.0382	0.0004	0.0096	-1705.373837	1.83304	True	ok
102307at33090	3	a_thaliana	5..2	0.049	774.4	254.6	0.1383	0.0064	0.0465	-1705.373837	1.83304	True	ok
103267at33090	4	c_grandiflora	4..3	0.096	1416.5	473.5	0.3663	0.0223	0.0608	-3527.576772	2.42013	True	ok
103267at33090	4		4..5	0.091	1416.5	473.5	0.3663	0.0211	0.0576	-3527.576772	2.42013	False	ok
103267at33090	4	a_halleri	5..1	0.055	1416.5	473.5	0.3663	0.0127	0.0348	-3527.576772	2.42013	True	ok
103267at33090	4	a_thaliana	5..2	0.101	1416.5	473.5	0.3394	0.0225	0.0664	-3527.576772	2.42013	True	ok
103382at33090	5	c_grandiflora	4..3	0.136	830.7	273.3	0.2859	0.0281	0.0983	-2203.116817	2.19649	True	ok
103382at33090	5		4..5	0.128	830.7	273.3	0.2859	0.0263	0.0921	-2203.116817	2.19649	False	ok
103382at33090	5	a_halleri	5..1	0.098	830.7	273.3	0.2859	0.0201	0.0703	-2203.116817	2.19649	True	ok
103382at33090	5	a_thaliana	5..2	0.109	830.7	273.3	0.2578	0.0212	0.0823	-2203.116817	2.19649	True	ok
104557at33090	6	c_grandiflora	4..3	0.068	1007.0	376.0	0.1181	0.0075	0.0637	-2336.675973	2.98576	True	ok
104557at33090	6		4..5	0.047	1007.0	376.0	0.1181	0.0051	0.0435	-2336.675973	2.98576	False	ok
104557at33090	6	a_halleri	5..1	0.043	1007.0	376.0	0.1181	0.0047	0.0401	-2336.675973	2.98576	True	ok
104557at33090	6	a_thaliana	5..2	0.058	1007.0	376.0	0.2833	0.0115	0.0406	-2336.675973	2.98576	True	ok
104821at33090	7	c_grandiflora	4..3	0.074	1017.8	311.2	0.1656	0.0113	0.0681	-2330.211473	1.90979	True	ok
104821at33090	7		4..5	0.076	1017.8	311.2	0.1656	0.0116	0.0702	-2330.211473	1.90979	False	ok
104821at33090	7	a_halleri	5..1	0.068	1017.8	311.2	0.1656	0.0104	0.0627	-2330.211473	1.90979	True	ok
104821at33090	7	a_thaliana	5..2	0.084	1017.8	311.2	0.0857	0.008	0.0931	-2330.211473	1.90979	True	ok
104867at33090	8	c_grandiflora	4..3	0.044	2135.3	612.7	0.2002	0.0077	0.0384	-5038.445778	2.23939	True	ok
104867at33090	8		4..5	0.131	2135.3	612.7	0.2002	0.023	0.1151	-5038.445778	2.23939	False	ok
104867at33090	8	a_halleri	5..1	0.073	2135.3	612.7	0.2002	0.0129	0.0645	-5038.445778	2.23939	True	ok
104867at33090	8	a_thaliana	5..2	0.089	2135.3	612.7	0.1424	0.0127	0.0893	-5038.445778	2.23939	True	ok
105044at33090	9	c_grandiflora	4..3	0.082	1673.9	489.1	0.0927	0.0085	0.0915	-3820.889324	1.26145	True	ok
105044at33090	9		4..5	0.092	1673.9	489.1	0.0927	0.0095	0.1025	-3820.889324	1.26145	False	ok
105044at33090	9	a_halleri	5..1	0.034	1673.9	489.1	0.0927	0.0036	0.0383	-3820.889324	1.26145	True	ok
105044at33090	9	a_thaliana	5..2	0.104	1673.9	489.1	0.0787	0.0095	0.1209	-3820.889324	1.26145	True	ok
105782at33090	10	c_grandiflora	4..3	0.08	804.7	284.3	0.1116	0.0086	0.0773	-1797.545734	2.53208	True	ok
105782at33090	10		4..5	0.077	804.7	284.3	0.1116	0.0083	0.0744	-1797.545734	2.53208	False	ok
105782at33090	10	a_halleri	5..1	0.019	804.7	284.3	0.1116	0.0021	0.0187	-1797.545734	2.53208	True	ok
105782at33090	10	a_thaliana	5..2	0.043	804.7	284.3	0.1261	0.0051	0.0402	-1797.545734	2.53208	True	ok
105867at33090	11	c_grandiflora	4..3	0.061	949.2	331.8	0.0721	0.0047	0.0649	-2237.289301	2.42131	True	ok
105867at33090	11		4..5	0.117	949.2	331.8	0.0721	0.009	0.1247	-2237.289301	2.42131	False	ok
105867at33090	11	a_halleri	5..1	0.058	949.2	331.8	0.0721	0.0045	0.0618	-2237.289301	2.42131	True	ok
105867at33090	11	a_thaliana	5..2	0.073	949.2	331.8	0.1018	0.0074	0.073	-2237.289301	2.42131	True	ok
106769at33090	12	c_grandiflora	4..3	0.04	865.3	283.7	0.0886	0.0038	0.0424	-1980.391679	2.11282	True	ok
106769at33090	12		4..5	0.063	865.3	283.7	0.0886	0.0059	0.0669	-1980.391679	2.11282	False	ok
106769at33090	12	a_halleri	5..1	0.083	865.3	283.7	0.0886	0.0078	0.0885	-1980.391679	2.11282	True	ok
106769at33090	12	a_thaliana	5..2	0.077	865.3	283.7	0.0678	0.0058	0.0859	-1980.391679	2.11282	True	ok
106886at33090	13	c_grandiflora	4..3	0.125	980.5	261.5	0.0397	0.0069	0.1729	-2210.14215	1.5559	True	ok
106886at33090	13		4..5	0.065	980.5	261.5	0.0397	0.0035	0.0891	-2210.14215	1.5559	False	ok
106886at33090	13	a_halleri	5..1	0.037	980.5	261.5	0.0397	0.002	0.0515	-2210.14215	1.5559	True	ok
106886at33090	13	a_thaliana	5..2	0.16	980.5	261.5	0.0424	0.0093	0.2182	-2210.14215	1.5559	True	ok
107107at33090	14	c_grandiflora	4..3	0.124	1180.8	343.2	0.2968	0.027	0.0909	-2882.334068	1.41476	True	ok
107107at33090	14		4..5	0.076	1180.8	343.2	0.2968	0.0165	0.0557	-2882.334068	1.41476	False	ok
107107at33090	14	a_halleri	5..1	0.082	1180.8	343.2	0.2968	0.0177	0.0598	-2882.334068	1.41476	True	ok
107107at33090	14	a_thaliana	5..2	0.084	1180.8	343.2	0.3235	0.0189	0.0585	-2882.334068	1.41476	True	ok
108705at33090	15	c_grandiflora	4..3	0.065	1017.5	377.5	0.1511	0.0087	0.0573	-2599.831436	1.8442	True	ok
108705at33090	15		4..5	0.105	1017.5	377.5	0.1511	0.0139	0.0921	-2599.831436	1.8442	False	ok
108705at33090	15	a_halleri	5..1	0.089	1017.5	377.5	0.1511	0.0117	0.0776	-2599.831436	1.8442	True	ok
108705at33090	15	a_thaliana	5..2	0.102	1017.5	377.5	0.2068	0.0167	0.0807	-2599.831436	1.8442	True	ok
10924at33090	16	c_grandiflora	4..3	0.052	2197.5	694.5	0.2144	0.0091	0.0427	-5047.021583	1.9586	True	ok
10924at33090	16		4..5	0.116	2197.5	694.5	0.2144	0.0205	0.0958	-5047.021583	1.9586	False	ok
10924at33090	16	a_halleri	5..1	0.045	2197.5	694.5	0.2144	0.008	0.0371	-5047.021583	1.9586	True	ok
10924at33090	16	a_thaliana	5..2	0.043	2197.5	694.5	0.1828	0.0068	0.0374	-5047.021583	1.9586	True	ok
109586at33090	17	c_grandiflora	4..3	0.056	1150.1	391.9	0.1374	0.0072	0.0522	-2772.028041	1.67477	True	ok
109586at33090	17		4..5	0.1	1150.1	391.9	0.1374	0.0129	0.0938	-2772.028041	1.67477	False	ok
109586at33090	17	a_halleri	5..1	0.045	1150.1	391.9	0.1374	0.0058	0.042	-2772.028041	1.67477	True	ok
109586at33090	17	a_thaliana	5..2	0.107	1150.1	391.9	0.1374	0.0138	0.1004	-2772.028041	1.67477	True	ok
109823at33090	18	c_grandiflora	4..3	0.113	771.0	297.0	0.0973	0.0105	0.1084	-1825.276174	2.71774	True	ok
109823at33090	18		4..5	0.072	771.0	297.0	0.0973	0.0067	0.0692	-1825.276174	2.71774	False	ok
109823at33090	18	a_halleri	5..1	0.029	771.0	297.0	0.0973	0.0027	0.0273	-1825.276174	2.71774	True	ok
109823at33090	18	a_thaliana	5..2	0.04	771.0	297.0	0.2187	0.0066	0.0303	-1825.276174	2.71774	True	ok
110222at33090	19	c_grandiflora	4..3	0.083	1372.9	391.1	0.1999	0.0147	0.0733	-3257.690699	1.4214	True	ok
110222at33090	19		4..5	0.155	1372.9	391.1	0.1999	0.0273	0.1366	-3257.690699	1.4214	False	ok
110222at33090	19	a_halleri	5..1	0.059	1372.9	391.1	0.1999	0.0104	0.052	-3257.690699	1.4214	True	ok
110222at33090	19	a_thaliana	5..2	0.08	1372.9	391.1	0.1577	0.0123	0.0779	-3257.690699	1.4214	True	ok
111210at33090	20	c_grandiflora	4..3	0.111	826.3	268.7	0.1419	0.0149	0.1048	-1909.551111	1.9206	True	ok
111210at33090	20		4..5	0.091	826.3	268.7	0.1419	0.0123	0.0864	-1909.551111	1.9206	False	ok
111210at33090	20	a_halleri	5..1	0.037	826.3	268.7	0.1419	0.005	0.0352	-1909.551111	1.9206	True	ok
111210at33090	20	a_thaliana	5..2	0.048	826.3	268.7	0.0672	0.0036	0.0536	-1909.551111	1.9206	True	ok
111213at33090	1	c_grandiflora	4..3	0.065	746.7	294.3	0.1325	0.0076	0.0573	-1812.44825	2.38231	True	ok
111213at33090	1		4..5	0.054	746.7	294.3	0.1325	0.0063	0.0478	-1812.44825	2.38231	False	ok
111213at33090	1	a_halleri	5..1	0.068	746.7	294.3	0.1325	0.008	0.0604	-1812.44825	2.38231	True	ok
111213at33090	1	a_thaliana	5..2	0.061	746.7	294.3	0.2474	0.0109	0.044	-1812.44825	2.38231	True	ok
111249at33090	2	c_grandiflora	4..3	0.129	911.7	297.3	0.2589	0.0253	0.0976	-2392.349843	1.50419	True	ok
111249at33090	2		4..5	0.162	911.7	297.3	0.2589	0.0316	0.1221	-2392.349843	1.50419	False	ok
111249at33090	2	a_halleri	5..1	0.067	911.7	297.3	0.2589	0.0131	0.0507	-2392.349843	1.50419	True	ok
111249at33090	2	a_thaliana	5..2	0.109	911.7	297.3	0.3278	0.0241	0.0735	-2392.349843	1.50419	True	ok
111924at33090	3	c_grandiflora	4..3	0.104	743.1	231.9	0.1082	0.0117	0.1082	-1737.630317	1.97726	True	ok
111924at33090	3		4..5	0.098	743.1	231.9	0.1082	0.011	0.1017	-1737.630317	1.97726	False	ok
111924at33090	3	a_halleri	5..1	0.059	743.1	231.9	0.1082	0.0066	0.0614	-1737.630317	1.97726	True	ok
111924at33090	3	a_thaliana	5..2	0.082	743.1	231.9	0.0668	0.0063	0.0942	-1737.630317	1.97726	True	ok
112325at33090	4	c_grandiflora	4..3	0.142	860.5	255.5	0.1365	0.0193	0.1416	-2094.241421	1.97351	True	ok
112325at33090	4		4..5	0.142	860.5	255.5	0.1365	0.0193	0.1416	-2094.241421	1.97351	False	ok
112325at33090	4	a_halleri	5..1	0.074	860.5	255.5	0.1365	0.0101	0.074	-2094.241421	1.97351	True	ok
112325at33090	4	a_thaliana	5..2	0.09	860.5	255.5	0.0509	0.0057	0.1122	-2094.241421	1.97351	True	ok
112461at33090	5	c_grandiflora	4..3	0.107	1284.8	389.2	0.1406	0.0148	0.105	-2938.303356	1.58537	True	ok
112461at33090	5		4..5	0.104	1284.8	389.2	0.1406	0.0143	0.102	-2938.303356	1.58537	False	ok
112461at33090	5	a_halleri	5..1	0.04	1284.8	389.2	0.1406	0.0055	0.039	-2938.303356	1.58537	True	ok
112461at33090	5	a_thaliana	5..2	0.041	1284.8	389.2	0.1239	0.0051	0.0413	-2938.303356	1.58537	True	ok
112542at33090	6	c_grandiflora	4..3	0.056	765.1	299.9	0.2172	0.0092	0.0424	-1885.286375	2.5846	True	ok
112542at33090	6		4..5	0.043	765.1	299.9	0.2172	0.0072	0.0329	-1885.286375	2.5846	False	ok
112542at33090	6	a_halleri	5..1	0.088	765.1	299.9	0.2172	0.0146	0.0673	-1885.286375	2.5846	True	ok
112542at33090	6	a_thaliana	5..2	0.089	765.1	299.9	0.116	0.0094	0.0809	-1885.286375	2.5846	True	ok
114996at33090	7	c_grandiflora	4..3	0.07	2996.5	948.5	0.188	0.0115	0.0609	-6818.59175	1.76028	True	ok
114996at33090	7		4..5	0.065	2996.5	948.5	0.188	0.0106	0.0565	-6818.59175	1.76028	False	ok
114996at33090	7	a_halleri	5..1	0.044	2996.5	948.5	0.188	0.0073	0.0387	-6818.59175	1.76028	True	ok
114996at33090	7	a_thaliana	5..2	0.061	2996.5	948.5	0.2521	0.0118	0.0468	-6818.59175	1.76028	True	ok
115240at33090	8	c_grandiflora	4..3	0.131	922.8	319.2	0.0798	0.0111	0.1385	-2152.524611	2.37806	True	ok
115240at33090	8		4..5	0.082	922.8	319.2	0.0798	0.0069	0.0867	-2152.524611	2.37806	False	ok
115240at33090	8	a_halleri	5..1	0.036	922.8	319.2	0.0798	0.003	0.0379	-2152.524611	2.37806	True	ok
115240at33090	8	a_thaliana	5..2	0.064	922.8	319.2	0.0621	0.0043	0.0698	-2152.524611	2.37806	True	ok
115992at33090	9	c_grandiflora	4..3	0.072	648.8	248.2	0.0213	0.0017	0.0822	-1497.696682	3.20034	True	ok
115992at33090	9		4..5	0.081	648.8	248.2	0.0213	0.002	0.0923	-1497.696682	3.20034	False	ok
115992at33090	9	a_halleri	5..1	0.04	648.8	248.2	0.0213	0.001	0.046	-1497.696682	3.20034	True	ok
115992at33090	9	a_thaliana	5..2	0.057	648.8	248.2	0.0525	0.0031	0.0599	-1497.696682	3.20034	True	ok
116411at33090	10	c_grandiflora	4..3	0.066	822.3	272.7	0.1147	0.0075	0.0658	-1864.749472	1.94317	True	ok
116411at33090	10		4..5	0.049	822.3	272.7	0.1147	0.0056	0.0491	-1864.749472	1.94317	False	ok
116411at33090	10	a_halleri	5..1	0.049	822.3	272.7	0.1147	0.0056	0.0488	-1864.749472	1.94317	True	ok
116411at33090	10	a_thaliana	5..2	0.069	822.3	272.7	0.0635	0.0049	0.0777	-1864.749472	1.94317	True	ok
116516at33090	11	c_grandiflora	4..3	0.049	1216.7	427.3	0.1142	0.0054	0.0477	-2832.680537	2.23911	True	ok
116516at33090	11		4..5	0.06	1216.7	427.3	0.1142	0.0066	0.0582	-2832.680537	2.23911	False	ok
116516at33090	11	a_halleri	5..1	0.058	1216.7	427.3	0.1142	0.0064	0.0562	-2832.680537	2.23911	True	ok
116516at33090	11	a_thaliana	5..2	0.084	1216.7	427.3	0.0617	0.0056	0.0915	-2832.680537	2.23911	True	ok
116585at33090	12	c_grandiflora	4..3	0.105	844.8	277.2	0.1502	0.0146	0.0971	-2054.357814	1.70358	True	ok
116585at33090	12		4..5	0.146	844.8	277.2	0.1502	0.0203	0.1354	-2054.357814	1.70358	False	ok
116585at33090	12	a_halleri	5..1	0.037	844.8	277.2	0.1502	0.0051	0.0339	-2054.357814	1.70358	True	ok
116585at33090	12	a_thaliana	5..2	0.068	844.8	277.2	0.139	0.009	0.0649	-2054.357814	1.70358	True	ok
116623at33090	13	c_grandiflora	4..3	0.077	913.4	298.6	0.1626	0.0114	0.07	-2357.71699	1.96612	True	ok
116623at33090	13		4..5	0.126	913.4	298.6	0.1626	0.0185	0.1136	-2357.71699	1.96612	False	ok
116623at33090	13	a_halleri	5..1	0.127	913.4	298.6	0.1626	0.0187	0.115	-2357.71699	1.96612	True	ok
116623at33090	13	a_thaliana	5..2	0.095	913.4	298.6	0.4394	0.0241	0.0548	-2357.71699	1.96612	True	ok
117191at33090	14	c_grandiflora	4..3	0.088	862.8	343.2	0.0751	0.0065	0.0871	-2060.64207	2.87681	True	ok
117191at33090	14		4..5	0.058	862.8	343.2	0.0751	0.0043	0.0573	-2060.64207	2.87681	False	ok
117191at33090	14	a_halleri	5..1	0.06	862.8	343.2	0.0751	0.0044	0.0586	-2060.64207	2.87681	True	ok
117191at33090	14	a_thaliana	5..2	0.051	862.8	343.2	0.0976	0.0047	0.0477	-2060.64207	2.87681	True	ok
117247at33090	15	c_grandiflora	4..3	0.087	776.7	264.3	0.1006	0.0089	0.0881	-1850.493297	2.07373	True	ok
117247at33090	15		4..5	0.056	776.7	264.3	0.1006	0.0057	0.0566	-1850.493297	2.07373	False	ok
117247at33090	15	a_halleri	5..1	0.089	776.7	264.3	0.1006	0.0091	0.0902	-1850.493297	2.07373	True	ok
117247at33090	15	a_thaliana	5..2	0.076	776.7	264.3	0.1263	0.0092	0.0732	-1850.493297	2.07373	True	ok
11800at33090	16	c_grandiflora	4..3	0.09	2848.0	947.0	0.0733	0.0072	0.0983	-6773.04148	2.1046	True	ok
11800at33090	16		4..5	0.115	2848.0	947.0	0.0733	0.0092	0.1256	-6773.04148	2.1046	False	ok
11800at33090	16	a_halleri	5..1	0.076	2848.0	947.0	0.0733	0.0061	0.0827	-6773.04148	2.1046	True	ok
11800at33090	16	a_thaliana	5..2	0.074	2848.0	947.0	0.075	0.0061	0.081	-6773.04148	2.1046	True	ok
119439at33090	17	c_grandiflora	4..3	0.1	1010.3	393.7	0.0945	0.009	0.0953	-2510.78829	1.9628	True	ok
119439at33090	17		4..5	0.145	1010.3	393.7	0.0945	0.0131	0.1385	-2510.78829	1.9628	False	ok
119439at33090	17	a_halleri	5..1	0.05	1010.3	393.7	0.0945	0.0045	0.0481	-2510.78829	1.9628	True	ok
119439at33090	17	a_thaliana	5..2	0.067	1010.3	393.7	0.0927	0.006	0.0643	-2510.78829	1.9628	True	ok
120031at33090	18	c_grandiflora	4..3	0.103	922.8	331.2	0.3188	0.022	0.0689	-2361.546952	2.35945	True	ok
120031at33090	18		4..5	0.106	922.8	331.2	0.3188	0.0226	0.0709	-2361.546952	2.35945	False	ok
120031at33090	18	a_halleri	5..1	0.051	922.8	331.2	0.3188	0.0108	0.0338	-2361.546952	2.35945	True	ok
120031at33090	18	a_thaliana	5..2	0.094	922.8	331.2	0.4513	0.0236	0.0523	-2361.546952	2.35945	True	ok
120455at33090	19	c_grandiflora	4..3	0.082	706.3	280.7	0.2289	0.014	0.061	-1811.455986	2.8021	True	ok
120455at33090	19		4..5	0.083	706.3	280.7	0.2289	0.0142	0.0619	-1811.455986	2.8021	False	ok
120455at33090	19	a_halleri	5..1	0.078	706.3	280.7	0.2289	0.0133	0.0583	-1811.455986	2.8021	True	ok
120455at33090	19	a_thaliana	5..2	0.084	706.3	280.7	0.1796	0.0122	0.0682	-1811.455986	2.8021	True	ok
120589at33090	20	c_grandiflora	4..3	0.026	1227.4	359.6	0.0441	0.0015	0.0337	-2665.763339	1.26769	True	ok
120589at33090	20		4..5	0.088	1227.4	359.6	0.0441	0.0049	0.112	-2665.763339	1.26769	False	ok
120589at33090	20	a_halleri	5..1	0.061	1227.4	359.6	0.0441	0.0034	0.0775	-2665.763339	1.26769	True	ok
120589at33090	20	a_thaliana	5..2	0.074	1227.4	359.6	0.078	0.0067	0.0855	-2665.763339	1.26769	True	ok
121281at33090	1	c_grandiflora	4..3	0.129	771.5	293.5	0.2107	0.0212	0.1006	-1977.996367	2.72013	True	ok
121281at33090	1		4..5	0.062	771.5	293.5	0.2107	0.0101	0.048	-1977.996367	2.72013	False	ok
121281at33090	1	a_halleri	5..1	0.072	771.5	293.5	0.2107	0.0118	0.0558	-1977.996367	2.72013	True	ok
121281at33090	1	a_thaliana	5..2	0.104	771.5	293.5	0.1096	0.0107	0.0975	-1977.996367	2.72013	True	ok
122367at33090	2	c_grandiflora	4..3	0.082	1009.8	418.2	0.2564	0.0148	0.0577	-2772.512148	2.23999	True	ok
122367at33090	2		4..5	0.125	1009.8	418.2	0.2564	0.0225	0.0876	-2772.512148	2.23999	False	ok
122367at33090	2	a_halleri	5..1	0.067	1009.8	418.2	0.2564	0.0121	0.0473	-2772.512148	2.23999	True	ok
122367at33090	2	a_thaliana	5..2	0.125	1009.8	418.2	0.2507	0.0223	0.0889	-2772.512148	2.23999	True	ok
122422at33090	3	c_grandiflora	4..3	0.073	733.1	232.9	0.0787	0.0064	0.0808	-1686.409546	1.76117	True	ok
122422at33090	3		4..5	0.084	733.1	232.9	0.0787	0.0073	0.0931	-1686.409546	1.76117	False	ok
122422at33090	3	a_halleri	5..1	0.065	733.1	232.9	0.0787	0.0057	0.0723	-1686.409546	1.76117	True	ok
122422at33090	3	a_thaliana	5..2	0.082	733.1	232.9	0.0751	0.0069	0.0916	-1686.409546	1.76117	True	ok
122831at33090	4	c_grandiflora	4..3	0.088	1240.9	373.1	0.1227	0.0111	0.0902	-2920.73877	1.99111	True	ok
122831at33090	4		4..5	0.06	1240.9	373.1	0.1227	0.0075	0.0611	-2920.73877	1.99111	False	ok
122831at33090	4	a_halleri	5..1	0.089	1240.9	373.1	0.1227	0.0112	0.0912	-2920.73877	1.99111	True	ok
122831at33090	4	a_thaliana	5..2	0.098	1240.9	373.1	0.1486	0.014	0.0942	-2920.73877	1.99111	True	ok
122958at33090	5	c_grandiflora	4..3	0.04	766.0	230.0	0.1583	0.0059	0.0376	-1777.860066	1.16405	True	ok
122958at33090	5		4..5	0.127	766.0	230.0	0.1583	0.019	0.12	-1777.860066	1.16405	False	ok
122958at33090	5	a_halleri	5..1	0.048	766.0	230.0	0.1583	0.0072	0.0452	-1777.860066	1.16405	True	ok
122958at33090	5	a_thaliana	5..2	0.082	766.0	230.0	0.1417	0.0113	0.0801	-1777.860066	1.16405	True	ok
123838at33090	6	c_grandiflora	4..3	0.115	780.9	254.1	0.1344	0.0148	0.11	-1950.910073	2.32585	True	ok
123838at33090	6		4..5	0.148	780.9	254.1	0.1344	0.0191	0.142	-1950.910073	2.32585	False	ok
123838at33090	6	a_halleri	5..1	0.078	780.9	254.1	0.1344	0.01	0.0747	-1950.910073	2.32585	True	ok
123838at33090	6	a_thaliana	5..2	0.084	780.9	254.1	0.4748	0.0221	0.0466	-1950.910073	2.32585	True	ok
125747at33090	7	c_grandiflora	4..3	0.07	759.4	224.6	0.1176	0.0086	0.0735	-1690.964528	1.38144	True	ok
125747at33090	7		4..5	0.073	759.4	224.6	0.1176	0.009	0.0768	-1690.964528	1.38144	False	ok
125747at33090	7	a_halleri	5..1	0.041	759.4	224.6	0.1176	0.0051	0.043	-1690.964528	1.38144	True	ok
125747at33090	7	a_thaliana	5..2	0.07	759.4	224.6	0.1368	0.0096	0.0699	-1690.964528	1.38144	True	ok
126138at33090	8	c_grandiflora	4..3	0.084	1208.9	405.1	0.1012	0.0086	0.0852	-2909.308445	1.85411	True	ok
126138at33090	8		4..5	0.125	1208.9	405.1	0.1012	0.0129	0.1271	-2909.308445	1.85411	False	ok
126138at33090	8	a_halleri	5..1	0.042	1208.9	405.1	0.1012	0.0044	0.0433	-2909.308445	1.85411	True	ok
126138at33090	8	a_thaliana	5..2	0.083	1208.9	405.1	0.2265	0.0148	0.0655	-2909.308445	1.85411	True	ok
126427at33090	9	c_grandiflora	4..3	0.085	721.3	244.7	0.1814	0.0132	0.0728	-1863.582073	1.34893	True	ok
126427at33090	9		4..5	0.084	721.3	244.7	0.1814	0.013	0.0717	-1863.582073	1.34893	False	ok
126427at33090	9	a_halleri	5..1	0.07	721.3	244.7	0.1814	0.011	0.0604	-1863.582073	1.34893	True	ok
126427at33090	9	a_thaliana	5..2	0.155	721.3	244.7	0.2885	0.0318	0.1103	-1863.582073	1.34893	True	ok
128774at33090	10	c_grandiflora	4..3	0.089	623.1	219.9	0.2524	0.0167	0.066	-1500.992355	4.17606	True	ok
128774at33090	10		4..5	0.106	623.1	219.9	0.2524	0.02	0.0791	-1500.992355	4.17606	False	ok
128774at33090	10	a_halleri	5..1	0.036	623.1	219.9	0.2524	0.0068	0.027	-1500.992355	4.17606	True	ok
128774at33090	10	a_thaliana	5..2	0.078	623.1	219.9	0.1727	0.0116	0.0672	-1500.992355	4.17606	True	ok
130268at33090	11	c_grandiflora	4..3	0.125	804.4	260.6	0.1234	0.0152	0.1229	-1953.127744	1.55315	True	ok
130268at33090	11		4..5	0.06	804.4	260.6	0.1234	0.0074	0.0597	-1953.127744	1.55315	False	ok
130268at33090	11	a_halleri	5..1	0.055	804.4	260.6	0.1234	0.0066	0.0538	-1953.127744	1.55315	True	ok
130268at33090	11	a_thaliana	5..2	0.114	804.4	260.6	0.0683	0.0088	0.1286	-1953.127744	1.55315	True	ok
130279at33090	12	c_grandiflora	4..3	0.109	904.1	319.9	0.2378	0.0197	0.083	-2243.513278	3.25551	True	ok
130279at33090	12		4..5	0.029	904.1	319.9	0.2378	0.0053	0.0224	-2243.513278	3.25551	False	ok
130279at33090	12	a_halleri	5..1	0.089	904.1	319.9	0.2378	0.0161	0.0677	-2243.513278	3.25551	True	ok
130279at33090	12	a_thaliana	5..2	0.117	904.1	319.9	0.0869	0.0105	0.1203	-2243.513278	3.25551	True	ok
13039at33090	13	c_grandiflora	4..3	0.109	2189.1	726.9	0.1115	0.0122	0.1095	-5129.675534	2.39149	True	ok
13039at33090	13		4..5	0.033	2189.1	726.9	0.1115	0.0037	0.0334	-5129.675534	2.39149	False	ok
13039at33090	13	a_halleri	5..1	0.066	2189.1	726.9	0.1115	0.0074	0.0664	-5129.675534	2.39149	True	ok
13039at33090	13	a_thaliana	5..2	0.08	2189.1	726.9	0.1193	0.0094	0.0787	-5129.675534	2.39149	True	ok
130637at33090	14	c_grandiflora	4..3	0.039	1044.1	362.9	0.0786	0.0032	0.0413	-2473.934212	1.78034	True	ok
130637at33090	14		4..5	0.107	1044.1	362.9	0.0786	0.0088	0.1124	-2473.934212	1.78034	False	ok
130637at33090	14	a_halleri	5..1	0.082	1044.1	362.9	0.0786	0.0068	0.086	-2473.934212	1.78034	True	ok
130637at33090	14	a_thaliana	5..2	0.063	1044.1	362.9	0.1169	0.0072	0.0612	-2473.934212	1.78034	True	ok
131556at33090	15	c_grandiflora	4..3	0.139	1068.5	350.5	0.1331	0.0177	0.1331	-2627.571946	1.52071	True	ok
131556at33090	15		4..5	0.084	1068.5	350.5	0.1331	0.0107	0.0805	-2627.571946	1.52071	False	ok
131556at33090	15	a_halleri	5..1	0.045	1068.5	350.5	0.1331	0.0057	0.043	-2627.571946	1.52071	True	ok
131556at33090	15	a_thaliana	5..2	0.099	1068.5	350.5	0.1289	0.0123	0.0957	-2627.571946	1.52071	True	ok
131874at33090	16	c_grandiflora	4..3	0.066	1471.9	553.1	0.1361	0.008	0.0591	-3606.946843	2.45954	True	ok
131874at33090	16		4..5	0.126	1471.9	553.1	0.1361	0.0154	0.1129	-3606.946843	2.45954	False	ok
131874at33090	16	a_halleri	5..1	0.054	1471.9	553.1	0.1361	0.0066	0.0488	-3606.946843	2.45954	True	ok
131874at33090	16	a_thaliana	5..2	0.059	1471.9	553.1	0.1171	0.0064	0.0551	-3606.946843	2.45954	True	ok
131914at33090	17	c_grandiflora	4..3	0.037	713.0	250.0	0.1088	0.004	0.0367	-1698.378814	1.81223	True	ok
131914at33090	17		4..5	0.115	713.0	250.0	0.1088	0.0123	0.1129	-1698.378814	1.81223	False	ok
131914at33090	17	a_halleri	5..1	0.061	713.0	250.0	0.1088	0.0065	0.0599	-1698.378814	1.81223	True	ok
131914at33090	17	a_thaliana	5..2	0.078	713.0	250.0	0.1137	0.0086	0.0757	-1698.378814	1.81223	True	ok
133112at33090	18	c_grandiflora	4..3	0.069	917.1	324.9	0.1719	0.0102	0.0593	-2171.850159	1.50347	True	ok
133112at33090	18		4..5	0.079	917.1	324.9	0.1719	0.0117	0.0682	-2171.850159	1.50347	False	ok
133112at33090	18	a_halleri	5..1	0.062	917.1	324.9	0.1719	0.0091	0.0532	-2171.850159	1.50347	True	ok
133112at33090	18	a_thaliana	5..2	0.059	917.1	324.9	0.1451	0.0077	0.0532	-2171.850159	1.50347	True	ok
133622at33090	19	c_grandiflora	4..3	0.112	861.6	254.4	0.2018	0.0196	0.097	-2195.121193	1.69377	True	ok
133622at33090	19		4..5	0.134	861.6	254.4	0.2018	0.0236	0.1168	-2195.121193	1.69377	False	ok
133622at33090	19	a_halleri	5..1	0.103	861.6	254.4	0.2018	0.018	0.0893	-2195.121193	1.69377	True	ok
133622at33090	19	a_thaliana	5..2	0.124	861.6	254.4	0.2597	0.025	0.0962	-2195.121193	1.69377	True	ok
134078at33090	20	c_grandiflora	4..3	0.02	729.0	261.0	0.0474	0.0011	0.0223	-1673.843899	1.89204	True	ok
134078at33090	20		4..5	0.122	729.0	261.0	0.0474	0.0065	0.136	-1673.843899	1.89204	False	ok
134078at33090	20	a_halleri	5..1	0.041	729.0	261.0	0.0474	0.0022	0.0456	-1673.843899	1.89204	True	ok
134078at33090	20	a_thaliana	5..2	0.087	729.0	261.0	0.0782	0.007	0.0898	-1673.843899	1.89204	True	ok
135419at33090	1	c_grandiflora	4..3	0.104	937.5	313.5	0.1508	0.0144	0.0953	-2248.713958	2.3165	True	ok
135419at33090	1		4..5	0.079	937.5	313.5	0.1508	0.0109	0.0722	-2248.713958	2.3165	False	ok
135419at33090	1	a_halleri	5..1	0.056	937.5	313.5	0.1508	0.0077	0.0511	-2248.713958	2.3165	True	ok
135419at33090	1	a_thaliana	5..2	0.093	937.5	313.5	0.1038	0.0098	0.0944	-2248.713958	2.3165	True	ok
135892at33090	2	c_grandiflora	4..3	0.089	1216.4	415.6	0.0962	0.0088	0.0913	-2858.42582	1.72988	True	ok
135892at33090	2		4..5	0.038	1216.4	415.6	0.0962	0.0037	0.0388	-2858.42582	1.72988	False	ok
135892at33090	2	a_halleri	5..1	0.059	1216.4	415.6	0.0962	0.0058	0.06	-2858.42582	1.72988	True	ok
135892at33090	2	a_thaliana	5..2	0.102	1216.4	415.6	0.086	0.0092	0.107	-2858.42582	1.72988	True	ok
136118at33090	3	c_grandiflora	4..3	0.122	1473.1	467.9	0.0987	0.0127	0.1289	-3574.830836	1.24798	True	ok
136118at33090	3		4..5	0.09	1473.1	467.9	0.0987	0.0093	0.0946	-3574.830836	1.24798	False	ok
136118at33090	3	a_halleri	5..1	0.076	1473.1	467.9	0.0987	0.0079	0.0801	-3574.830836	1.24798	True	ok
136118at33090	3	a_thaliana	5..2	0.072	1473.1	467.9	0.1635	0.0108	0.0661	-3574.830836	1.24798	True	ok
136267at33090	4	c_grandiflora	4..3	0.088	755.9	267.1	0.3648	0.0201	0.0552	-1895.772084	2.15467	True	ok
136267at33090	4		4..5	0.105	755.9	267.1	0.3648	0.024	0.0659	-1895.772084	2.15467	False	ok
136267at33090	4	a_halleri	5..1	0.053	755.9	267.1	0.3648	0.0122	0.0336	-1895.772084	2.15467	True	ok
136267at33090	4	a_thaliana	5..2	0.078	755.9	267.1	0.4599	0.02	0.0435	-1895.772084	2.15467	True	ok
1363at33090	5	c_grandiflora	4..3	0.045	3646.6	1171.4	0.1144	0.0052	0.0456	-8057.131832	2.17794	True	ok
1363at33090	5		4..5	0.091	3646.6	1171.4	0.1144	0.0105	0.0919	-8057.131832	2.17794	False	ok
1363at33090	5	a_halleri	5..1	0.028	3646.6	1171.4	0.1144	0.0033	0.0285	-8057.131832	2.17794	True	ok
1363at33090	5	a_thaliana	5..2	0.055	3646.6	1171.4	0.1413	0.0074	0.0525	-8057.131832	2.17794	True	ok
13643at33090	6	c_grandiflora	4..3	0.082	1841.1	666.9	0.0543	0.0049	0.0897	-4182.241017	1.78744	True	ok
13643at33090	6		4..5	0.041	1841.1	666.9	0.0543	0.0024	0.0442	-4182.241017	1.78744	False	ok
13643at33090	6	a_halleri	5..1	0.044	1841.1	666.9	0.0543	0.0026	0.048	-4182.241017	1.78744	True	ok
13643at33090	6	a_thaliana	5..2	0.058	1841.1	666.9	0.051	0.0033	0.0641	-4182.241017	1.78744	True	ok
136579at33090	7	c_grandiflora	4..3	0.051	1015.0	311.0	0.1827	0.0083	0.0452	-2312.266482	2.81038	True	ok
136579at33090	7		4..5	0.071	1015.0	311.0	0.1827	0.0115	0.0631	-2312.266482	2.81038	False	ok
136579at33090	7	a_halleri	5..1	0.086	1015.0	311.0	0.1827	0.014	0.0769	-2312.266482	2.81038	True	ok
136579at33090	7	a_thaliana	5..2	0.058	1015.0	311.0	0.1478	0.0082	0.0554	-2312.266482	2.81038	True	ok
137018at33090	8	c_grandiflora	4..3	0.095	888.8	320.2	0.0703	0.007	0.1	-2151.769727	2.41106	True	ok
137018at33090	8		4..5	0.098	888.8	320.2	0.0703	0.0072	0.1031	-2151.769727	2.41106	False	ok
137018at33090	8	a_halleri	5..1	0.062	888.8	320.2	0.0703	0.0046	0.0656	-2151.769727	2.41106	True	ok
137018at33090	8	a_thaliana	5..2	0.077	888.8	320.2	0.0581	0.0048	0.0834	-2151.769727	2.41106	True	ok
137771at33090	9	c_grandiflora	4..3	0.074	1559.1	438.9	0.0819	0.0072	0.0875	-3351.517991	1.48043	True	ok
137771at33090	9		4..5	0.02	1559.1	438.9	0.0819	0.002	0.024	-3351.517991	1.48043	False	ok
137771at33090	9	a_halleri	5..1	0.061	1559.1	438.9	0.0819	0.0059	0.0717	-3351.517991	1.48043	True	ok
137771at33090	9	a_thaliana	5..2	0.077	1559.1	438.9	0.1308	0.0105	0.0802	-3351.517991	1.48043	True	ok
137787at33090	10	c_grandiflora	4..3	0.072	1490.6	447.4	0.2452	0.014	0.0571	-3685.458286	1.99831	True	ok
137787at33090	10		4..5	0.114	1490.6	447.4	0.2452	0.0222	0.0904	-3685.458286	1.99831	False	ok
137787at33090	10	a_halleri	5..1	0.072	1490.6	447.4	0.2452	0.014	0.0569	-3685.458286	1.99831	True	ok
137787at33090	10	a_thaliana	5..2	0.139	1490.6	447.4	0.1834	0.0229	0.1247	-3685.458286	1.99831	True	ok
138782at33090	11	c_grandiflora	4..3	0.046	749.1	252.9	0.1614	0.0066	0.041	-1812.702727	1.86223	True	ok
138782at33090	11		4..5	0.102	749.1	252.9	0.1614	0.0147	0.091	-1812.702727	1.86223	False	ok
138782at33090	11	a_halleri	5..1	0.087	749.1	252.9	0.1614	0.0125	0.0774	-1812.702727	1.86223	True	ok
138782at33090	11	a_thaliana	5..2	0.085	749.1	252.9	0.0929	0.0081	0.0877	-1812.702727	1.86223	True	ok
139062at33090	12	c_grandiflora	4..3	0.045	832.1	259.9	0.2104	0.0079	0.0374	-1851.460009	2.02483	True	ok
139062at33090	12		4..5	0.102	832.1	259.9	0.2104	0.0179	0.085	-1851.460009	2.02483	False	ok
139062at33090	12	a_halleri	5..1	0.059	832.1	259.9	0.2104	0.0103	0.0491	-1851.460009	2.02483	True	ok
139062at33090	12	a_thaliana	5..2	0.049	832.1	259.9	0.1596	0.0072	0.0454	-1851.460009	2.02483	True	ok
139450at33090	13	c_grandiflora	4..3	0.13	1046.0	289.0	0.2458	0.026	0.1059	-2562.582803	1.28756	True	ok
139450at33090	13		4..5	0.115	1046.0	289.0	0.2458	0.023	0.0937	-2562.582803	1.28756	False	ok
139450at33090	13	a_halleri	5..1	0.065	1046.0	289.0	0.2458	0.013	0.0529	-2562.582803	1.28756	True	ok
139450at33090	13	a_thaliana	5..2	0.125	1046.0	289.0	0.0933	0.0134	0.1437	-2562.582803	1.28756	True	ok
139497at33090	14	c_grandiflora	4..3	0.076	2434.6	721.4	0.1763	0.0123	0.0698	-5825.711661	1.70104	True	ok
139497at33090	14		4..5	0.116	2434.6	721.4	0.1763	0.0187	0.1062	-5825.711661	1.70104	False	ok
139497at33090	14	a_halleri	5..1	0.071	2434.6	721.4	0.1763	0.0115	0.065	-5825.711661	1.70104	True	ok
139497at33090	14	a_thaliana	5..2	0.086	2434.6	721.4	0.1825	0.0142	0.0779	-5825.711661	1.70104	True	ok
140683at33090	15	c_grandiflora	4..3	0.13	782.7	297.3	0.3208	0.0274	0.0855	-2103.490412	1.3366	True	ok
140683at33090	15		4..5	0.122	782.7	297.3	0.3208	0.0257	0.0802	-2103.490412	1.3366	False	ok
140683at33090	15	a_halleri	5..1	0.082	782.7	297.3	0.3208	0.0172	0.0535	-2103.490412	1.3366	True	ok
140683at33090	15	a_thaliana	5..2	0.066	782.7	297.3	0.3492	0.0146	0.0419	-2103.490412	1.3366	True	ok
140876at33090	16	c_grandiflora	4..3	0.145	651.5	230.5	0.125	0.0171	0.1365	-1596.98511	2.98846	True	ok
140876at33090	16		4..5	0.067	651.5	230.5	0.125	0.0079	0.0632	-1596.98511	2.98846	False	ok
140876at33090	16	a_halleri	5..1	0.03	651.5	230.5	0.125	0.0035	0.0284	-1596.98511	2.98846	True	ok
140876at33090	16	a_thaliana	5..2	0.109	651.5	230.5	0.121	0.0125	0.1033	-1596.98511	2.98846	True	ok
141861at33090	17	c_grandiflora	4..3	0.125	663.0	213.0	0.3178	0.0275	0.0864	-1773.139661	2.40046	True	ok
141861at33090	17		4..5	0.111	663.0	213.0	0.3178	0.0243	0.0765	-1773.139661	2.40046	False	ok
141861at33090	17	a_halleri	5..1	0.109	663.0	213.0	0.3178	0.0239	0.0752	-1773.139661	2.40046	True	ok
141861at33090	17	a_thaliana	5..2	0.139	663.0	213.0	0.1955	0.0232	0.1188	-1773.139661	2.40046	True	ok
1419at33090	18	c_grandiflora	4..3	0.101	4124.4	1443.6	0.2922	0.0207	0.0709	-10281.55003	2.73968	True	ok
1419at33090	18		4..5	0.099	4124.4	1443.6	0.2922	0.0204	0.0697	-10281.55003	2.73968	False	ok
1419at33090	18	a_halleri	5..1	0.049	4124.4	1443.6	0.2922	0.01	0.0343	-10281.55003	2.73968	True	ok
1419at33090	18	a_thaliana	5..2	0.087	4124.4	1443.6	0.2944	0.018	0.061	-10281.55003	2.73968	True	ok
142382at33090	19	c_grandiflora	4..3	0.04	758.4	246.6	0.0914	0.0039	0.0427	-1759.228508	1.98926	True	ok
142382at33090	19		4..5	0.092	758.4	246.6	0.0914	0.0089	0.0973	-1759.228508	1.98926	False	ok
142382at33090	19	a_halleri	5..1	0.068	758.4	246.6	0.0914	0.0066	0.0719	-1759.228508	1.98926	True	ok
142382at33090	19	a_thaliana	5..2	0.099	758.4	246.6	0.0848	0.009	0.1062	-1759.228508	1.98926	True	ok
142433at33090	20	c_grandiflora	4..3	0.08	777.6	278.4	0.267	0.0155	0.0581	-2139.44723	2.38684	True	ok
142433at33090	20		4..5	0.13	777.6	278.4	0.267	0.0251	0.0941	-2139.44723	2.38684	False	ok
142433at33090	20	a_halleri	5..1	0.1	777.6	278.4	0.267	0.0193	0.0724	-2139.44723	2.38684	True	ok
142433at33090	20	a_thaliana	5..2	0.165	777.6	278.4	0.4312	0.0408	0.0947	-2139.44723	2.38684	True	ok
143102at33090	1	c_grandiflora	4..3	0.066	893.6	351.4	0.1488	0.0084	0.0562	-2237.339319	2.20795	True	ok
143102at33090	1		4..5	0.124	893.6	351.4	0.1488	0.0157	0.1058	-2237.339319	2.20795	False	ok
143102at33090	1	a_halleri	5..1	0.055	893.6	351.4	0.1488	0.007	0.0472	-2237.339319	2.20795	True	ok
143102at33090	1	a_thaliana	5..2	0.076	893.6	351.4	0.1659	0.0104	0.0629	-2237.339319	2.20795	True	ok
143347at33090	2	c_grandiflora	4..3	0.067	750.6	242.4	0.0902	0.0064	0.0714	-1748.096164	1.41154	True	ok
143347at33090	2		4..5	0.089	750.6	242.4	0.0902	0.0086	0.0952	-1748.096164	1.41154	False	ok
143347at33090	2	a_halleri	5..1	0.057	750.6	242.4	0.0902	0.0055	0.0612	-1748.096164	1.41154	True	ok
143347at33090	2	a_thaliana	5..2	0.085	750.6	242.4	0.1095	0.0095	0.0866	-1748.096164	1.41154	True	ok
143963at33090	3	c_grandiflora	4..3	0.09	716.3	276.7	0.4078	0.0214	0.0524	-1917.102704	2.49956	True	ok
143963at33090	3		4..5	0.086	716.3	276.7	0.4078	0.0203	0.0498	-1917.102704	2.49956	False	ok
143963at33090	3	a_halleri	5..1	0.104	716.3	276.7	0.4078	0.0246	0.0604	-1917.102704	2.49956	True	ok
143963at33090	3	a_thaliana	5..2	0.096	716.3	276.7	0.2549	0.0176	0.0692	-1917.102704	2.49956	True	ok
144144at33090	4	c_grandiflora	4..3	0.051	469.1	145.9	0.1303	0.0065	0.0501	-1040.131316	1.90702	True	ok
144144at33090	4		4..5	0.077	469.1	145.9	0.1303	0.0099	0.0759	-1040.131316	1.90702	False	ok
144144at33090	4	a_halleri	5..1	0.058	469.1	145.9	0.1303	0.0075	0.0579	-1040.131316	1.90702	True	ok
144144at33090	4	a_thaliana	5..2	0.048	469.1	145.9	0.1381	0.0065	0.0468	-1040.131316	1.90702	True	ok
144680at33090	5	c_grandiflora	4..3	4.838	501.3	182.7	0.0915	0.4415	4.8257	-1902.328674	1.34738	True	ok
144680at33090	5		4..5	4.816	501.3	182.7	0.0915	0.4395	4.8037	-1902.328674	1.34738	False	ok
144680at33090	5	a_halleri	5..1	0.108	501.3	182.7	0.0915	0.0099	0.1078	-1902.328674	1.34738	True	ok
144680at33090	5	a_thaliana	5..2	0.019	501.3	182.7	999.0	0.0089	0.0	-1902.328674	1.34738	True	omega_boundary
144716at33090	6	c_grandiflora	4..3	0.102	651.0	222.0	0.2869	0.0209	0.0727	-1862.357697	1.78572	True	ok
144716at33090	6		4..5	0.085	651.0	222.0	0.2869	0.0173	0.0603	-1862.357697	1.78572	False	ok
144716at33090	6	a_halleri	5..1	0.249	651.0	222.0	0.2869	0.0509	0.1773	-1862.357697	1.78572	True	ok
144716at33090	6	a_thaliana	5..2	0.149	651.0	222.0	0.3061	0.0315	0.1029	-1862.357697	1.78572	True	ok
144765at33090	7	c_grandiflora	4..3	0.105	743.4	294.6	0.0982	0.0097	0.099	-1923.330897	2.57428	True	ok
144765at33090	7		4..5	0.119	743.4	294.6	0.0982	0.011	0.1116	-1923.330897	2.57428	False	ok
144765at33090	7	a_halleri	5..1	0.063	743.4	294.6	0.0982	0.0058	0.059	-1923.330897	2.57428	True	ok
144765at33090	7	a_thaliana	5..2	0.092	743.4	294.6	0.16	0.0123	0.0769	-1923.330897	2.57428	True	ok
144990at33090	8	c_grandiflora	4..3	0.096	671.8	237.2	0.0937	0.0091	0.0968	-1602.842581	1.97233	True	ok
144990at33090	8		4..5	0.083	671.8	237.2	0.0937	0.0079	0.0842	-1602.842581	1.97233	False	ok
144990at33090	8	a_halleri	5..1	0.056	671.8	237.2	0.0937	0.0053	0.0567	-1602.842581	1.97233	True	ok
144990at33090	8	a_thaliana	5..2	0.084	671.8	237.2	0.0546	0.0051	0.0931	-1602.842581	1.97233	True	ok
145061at33090	9	c_grandiflora	4..3	0.086	1429.4	517.6	0.1587	0.0119	0.075	-3525.995477	2.23061	True	ok
145061at33090	9		4..5	0.077	1429.4	517.6	0.1587	0.0107	0.0673	-3525.995477	2.23061	False	ok
145061at33090	9	a_halleri	5..1	0.063	1429.4	517.6	0.1587	0.0087	0.0551	-3525.995477	2.23061	True	ok
145061at33090	9	a_thaliana	5..2	0.08	1429.4	517.6	0.2215	0.0138	0.0622	-3525.995477	2.23061	True	ok
145734at33090	10	c_grandiflora	4..3	0.07	954.7	251.3	0.0689	0.0061	0.0882	-2242.359953	1.26336	True	ok
145734at33090	10		4..5	0.1	954.7	251.3	0.0689	0.0087	0.1269	-2242.359953	1.26336	False	ok
145734at33090	10	a_halleri	5..1	0.054	954.7	251.3	0.0689	0.0047	0.0683	-2242.359953	1.26336	True	ok
145734at33090	10	a_thaliana	5..2	0.19	954.7	251.3	0.1114	0.0239	0.214	-2242.359953	1.26336	True	ok
146354at33090	11	c_grandiflora	4..3	0.12	662.8	243.2	0.0831	0.0101	0.1211	-1685.240593	2.39831	True	ok
146354at33090	11		4..5	0.127	662.8	243.2	0.0831	0.0107	0.1287	-1685.240593	2.39831	False	ok
146354at33090	11	a_halleri	5..1	0.114	662.8	243.2	0.0831	0.0096	0.1149	-1685.240593	2.39831	True	ok
146354at33090	11	a_thaliana	5..2	0.071	662.8	243.2	0.1243	0.0081	0.0655	-1685.240593	2.39831	True	ok
146469at33090	12	c_grandiflora	4..3	0.123	597.0	231.0	0.0999	0.0117	0.1166	-1596.067128	1.83109	True	ok
146469at33090	12		4..5	0.143	597.0	231.0	0.0999	0.0136	0.1362	-1596.067128	1.83109	False	ok
146469at33090	12	a_halleri	5..1	0.103	597.0	231.0	0.0999	0.0097	0.0974	-1596.067128	1.83109	True	ok
146469at33090	12	a_thaliana	5..2	0.109	597.0	231.0	0.0984	0.0102	0.1041	-1596.067128	1.83109	True	ok
146772at33090	13	c_grandiflora	4..3	0.108	692.7	237.3	0.2197	0.0189	0.0862	-1746.984325	1.76637	True	ok
146772at33090	13		4..5	0.099	692.7	237.3	0.2197	0.0173	0.0786	-1746.984325	1.76637	False	ok
146772at33090	13	a_halleri	5..1	0.11	692.7	237.3	0.2197	0.0192	0.0876	-1746.984325	1.76637	True	ok
146772at33090	13	a_thaliana	5..2	0.069	692.7	237.3	0.1887	0.0109	0.0579	-1746.984325	1.76637	True	ok
146921at33090	14	c_grandiflora	4..3	0.078	536.2	198.8	0.0396	0.0034	0.0868	-1303.42981	2.37181	True	ok
146921at33090	14		4..5	0.089	536.2	198.8	0.0396	0.0039	0.0988	-1303.42981	2.37181	False	ok
146921at33090	14	a_halleri	5..1	0.051	536.2	198.8	0.0396	0.0023	0.0569	-1303.42981	2.37181	True	ok
146921at33090	14	a_thaliana	5..2	0.142	536.2	198.8	0.0475	0.0074	0.1554	-1303.42981	2.37181	True	ok
147083at33090	15	c_grandiflora	4..3	0.119	769.8	265.2	0.2418	0.0221	0.0912	-2030.021602	2.54435	True	ok
147083at33090	15		4..5	0.144	769.8	265.2	0.2418	0.0265	0.1097	-2030.021602	2.54435	False	ok
147083at33090	15	a_halleri	5..1	0.069	769.8	265.2	0.2418	0.0128	0.053	-2030.021602	2.54435	True	ok
147083at33090	15	a_thaliana	5..2	0.117	769.8	265.2	0.2284	0.021	0.0918	-2030.021602	2.54435	True	ok
147262at33090	16	c_grandiflora	4..3	0.137	795.6	332.4	0.1293	0.0153	0.1185	-2122.814921	1.82212	True	ok
147262at33090	16		4..5	0.06	795.6	332.4	0.1293	0.0067	0.052	-2122.814921	1.82212	False	ok
147262at33090	16	a_halleri	5..1	0.094	795.6	332.4	0.1293	0.0106	0.0816	-2122.814921	1.82212	True	ok
147262at33090	16	a_thaliana	5..2	0.098	795.6	332.4	0.1318	0.0112	0.0846	-2122.814921	1.82212	True	ok
148839at33090	17	c_grandiflora	4..3	0.005	947.4	291.6	0.0388	0.0002	0.0062	-2029.2658	1.33397	True	ok
148839at33090	17		4..5	0.075	947.4	291.6	0.0388	0.0037	0.0949	-2029.2658	1.33397	False	ok
148839at33090	17	a_halleri	5..1	0.029	947.4	291.6	0.0388	0.0014	0.0363	-2029.2658	1.33397	True	ok
148839at33090	17	a_thaliana	5..2	0.075	947.4	291.6	0.2327	0.014	0.0601	-2029.2658	1.33397	True	ok
149782at33090	18	c_grandiflora	4..3	0.165	572.2	195.8	0.0988	0.0165	0.1669	-1414.044879	0.94085	True	ok
149782at33090	18		4..5	0.138	572.2	195.8	0.0988	0.0139	0.1405	-1414.044879	0.94085	False	ok
149782at33090	18	a_halleri	5..1	0.052	572.2	195.8	0.0988	0.0052	0.0523	-1414.044879	0.94085	True	ok
149782at33090	18	a_thaliana	5..2	0.055	572.2	195.8	0.0549	0.0034	0.0614	-1414.044879	0.94085	True	ok
150559at33090	19	c_grandiflora	4..3	0.103	654.7	164.3	0.2077	0.0195	0.0938	-1603.535627	1.11137	True	ok
150559at33090	19		4..5	0.119	654.7	164.3	0.2077	0.0224	0.1081	-1603.535627	1.11137	False	ok
150559at33090	19	a_halleri	5..1	0.172	654.7	164.3	0.2077	0.0325	0.1567	-1603.535627	1.11137	True	ok
150559at33090	19	a_thaliana	5..2	0.067	654.7	164.3	0.1056	0.0083	0.0787	-1603.535627	1.11137	True	ok
152317at33090	20	c_grandiflora	4..3	0.074	675.2	263.8	0.1663	0.0102	0.0612	-1727.092506	2.565	True	ok
152317at33090	20		4..5	0.072	675.2	263.8	0.1663	0.01	0.0603	-1727.092506	2.565	False	ok
152317at33090	20	a_halleri	5..1	0.073	675.2	263.8	0.1663	0.0101	0.0605	-1727.092506	2.565	True	ok
152317at33090	20	a_thaliana	5..2	0.111	675.2	263.8	0.3184	0.0231	0.0726	-1727.092506	2.565	True	ok
153820at33090	1	c_grandiflora	4..3	0.056	980.5	333.5	0.0866	0.0051	0.0585	-2354.383408	1.71637	True	ok
153820at33090	1		4..5	0.119	980.5	333.5	0.0866	0.0108	0.125	-2354.383408	1.71637	False	ok
153820at33090	1	a_halleri	5..1	0.066	980.5	333.5	0.0866	0.0059	0.0686	-2354.383408	1.71637	True	ok
153820at33090	1	a_thaliana	5..2	0.072	980.5	333.5	0.1185	0.0083	0.0703	-2354.383408	1.71637	True	ok
154870at33090	2	c_grandiflora	4..3	0.073	1504.1	523.9	0.124	0.0086	0.0695	-3566.485319	2.10674	True	ok
154870at33090	2		4..5	0.089	1504.1	523.9	0.124	0.0105	0.0845	-3566.485319	2.10674	False	ok
154870at33090	2	a_halleri	5..1	0.054	1504.1	523.9	0.124	0.0064	0.0512	-3566.485319	2.10674	True	ok
154870at33090	2	a_thaliana	5..2	0.071	1504.1	523.9	0.1948	0.0114	0.0584	-3566.485319	2.10674	True	ok
155102at33090	3	c_grandiflora	4..3	0.097	642.4	218.6	0.1587	0.0138	0.0867	-1493.508897	2.07251	True	ok
155102at33090	3		4..5	0.061	642.4	218.6	0.1587	0.0086	0.0543	-1493.508897	2.07251	False	ok
155102at33090	3	a_halleri	5..1	0.033	642.4	218.6	0.1587	0.0047	0.0296	-1493.508897	2.07251	True	ok
155102at33090	3	a_thaliana	5..2	0.064	642.4	218.6	0.2737	0.0127	0.0463	-1493.508897	2.07251	True	ok
1557at33090	4	c_grandiflora	4..3	0.067	3871.0	1262.0	0.2293	0.0122	0.0534	-9243.331223	2.15054	True	ok
1557at33090	4		4..5	0.117	3871.0	1262.0	0.2293	0.0214	0.0932	-9243.331223	2.15054	False	ok
1557at33090	4	a_halleri	5..1	0.051	3871.0	1262.0	0.2293	0.0093	0.0405	-9243.331223	2.15054	True	ok
1557at33090	4	a_thaliana	5..2	0.069	3871.0	1262.0	0.2385	0.0129	0.0542	-9243.331223	2.15054	True	ok
15682at33090	5	c_grandiflora	4..3	0.058	1890.9	653.1	0.1269	0.007	0.0554	-4345.19791	2.09856	True	ok
15682at33090	5		4..5	0.088	1890.9	653.1	0.1269	0.0106	0.0837	-4345.19791	2.09856	False	ok
15682at33090	5	a_halleri	5..1	0.037	1890.9	653.1	0.1269	0.0044	0.035	-4345.19791	2.09856	True	ok
15682at33090	5	a_thaliana	5..2	0.065	1890.9	653.1	0.0595	0.0043	0.0722	-4345.19791	2.09856	True	ok
156843at33090	6	c_grandiflora	4..3	0.129	596.1	216.9	0.0567	0.0079	0.1395	-1453.926516	1.46004	True	ok
156843at33090	6		4..5	0.13	596.1	216.9	0.0567	0.008	0.1406	-1453.926516	1.46004	False	ok
156843at33090	6	a_halleri	5..1	0.048	596.1	216.9	0.0567	0.0029	0.0518	-1453.926516	1.46004	True	ok
156843at33090	6	a_thaliana	5..2	0.061	596.1	216.9	0.0798	0.005	0.063	-1453.926516	1.46004	True	ok
156887at33090	7	c_grandiflora	4..3	0.105	611.7	201.3	0.1568	0.0151	0.096	-1430.144048	2.6778	True	ok
156887at33090	7		4..5	0.092	611.7	201.3	0.1568	0.0132	0.084	-1430.144048	2.6778	False	ok
156887at33090	7	a_halleri	5..1	0.064	611.7	201.3	0.1568	0.0091	0.0582	-1430.144048	2.6778	True	ok
156887at33090	7	a_thaliana	5..2	0.047	611.7	201.3	0.0001	0.0	0.0633	-1430.144048	2.6778	True	omega_boundary
158492at33090	8	c_grandiflora	4..3	0.106	614.9	174.1	0.0938	0.0113	0.1208	-1353.270621	2.45839	True	ok
158492at33090	8		4..5	0.032	614.9	174.1	0.0938	0.0034	0.0358	-1353.270621	2.45839	False	ok
158492at33090	8	a_halleri	5..1	0.05	614.9	174.1	0.0938	0.0054	0.0572	-1353.270621	2.45839	True	ok
158492at33090	8	a_thaliana	5..2	0.094	614.9	174.1	0.0553	0.0066	0.1189	-1353.270621	2.45839	True	ok
158957at33090	9	c_grandiflora	4..3	0.084	549.1	167.9	0.4012	0.0208	0.0518	-1330.597852	1.24984	True	ok
158957at33090	9		4..5	0.071	549.1	167.9	0.4012	0.0176	0.0438	-1330.597852	1.24984	False	ok
158957at33090	9	a_halleri	5..1	0.079	549.1	167.9	0.4012	0.0196	0.0489	-1330.597852	1.24984	True	ok
158957at33090	9	a_thaliana	5..2	0.085	549.1	167.9	0.2201	0.0156	0.0707	-1330.597852	1.24984	True	ok
160064at33090	10	c_grandiflora	4..3	0.093	423.8	146.2	0.0648	0.0066	0.1015	-978.219986	1.61657	True	ok
160064at33090	10		4..5	0.117	423.8	146.2	0.0648	0.0083	0.1281	-978.219986	1.61657	False	ok
160064at33090	10	a_halleri	5..1	0.06	423.8	146.2	0.0648	0.0043	0.0658	-978.219986	1.61657	True	ok
160064at33090	10	a_thaliana	5..2	0.065	423.8	146.2	0.0001	0.0	0.085	-978.219986	1.61657	True	omega_boundary
160610at33090	11	c_grandiflora	4..3	0.124	708.2	251.8	0.1473	0.0164	0.1112	-1775.514524	3.14569	True	ok
160610at33090	11		4..5	0.061	708.2	251.8	0.1473	0.008	0.0546	-1775.514524	3.14569	False	ok
160610at33090	11	a_halleri	5..1	0.099	708.2	251.8	0.1473	0.0131	0.0889	-1775.514524	3.14569	True	ok
160610at33090	11	a_thaliana	5..2	0.085	708.2	251.8	0.337	0.0186	0.0552	-1775.514524	3.14569	True	ok
160680at33090	12	c_grandiflora	4..3	0.085	1610.6	534.4	0.2193	0.015	0.0682	-3618.680516	2.43893	True	ok
160680at33090	12		4..5	0.052	1610.6	534.4	0.2193	0.0092	0.0418	-3618.680516	2.43893	False	ok
160680at33090	12	a_halleri	5..1	0.027	1610.6	534.4	0.2193	0.0048	0.0219	-3618.680516	2.43893	True	ok
160680at33090	12	a_thaliana	5..2	0.05	1610.6	534.4	0.3859	0.0121	0.0312	-3618.680516	2.43893	True	ok
161054at33090	13	c_grandiflora	4..3	0.119	825.3	305.7	0.2093	0.0197	0.094	-2190.020252	2.26602	True	ok
161054at33090	13		4..5	0.14	825.3	305.7	0.2093	0.0231	0.1105	-2190.020252	2.26602	False	ok
161054at33090	13	a_halleri	5..1	0.073	825.3	305.7	0.2093	0.012	0.0575	-2190.020252	2.26602	True	ok
161054at33090	13	a_thaliana	5..2	0.085	825.3	305.7	0.3528	0.0189	0.0535	-2190.020252	2.26602	True	ok
161066at33090	14	c_grandiflora	4..3	0.094	856.6	349.4	0.1734	0.0132	0.0759	-2312.79726	1.76244	True	ok
161066at33090	14		4..5	0.105	856.6	349.4	0.1734	0.0147	0.085	-2312.79726	1.76244	False	ok
161066at33090	14	a_halleri	5..1	0.086	856.6	349.4	0.1734	0.0121	0.0698	-2312.79726	1.76244	True	ok
161066at33090	14	a_thaliana	5..2	0.108	856.6	349.4	0.2521	0.0194	0.0769	-2312.79726	1.76244	True	ok
161269at33090	15	c_grandiflora	4..3	0.137	510.5	179.5	0.1937	0.0219	0.1132	-1312.746668	1.83265	True	ok
161269at33090	15		4..5	0.165	510.5	179.5	0.1937	0.0264	0.1362	-1312.746668	1.83265	False	ok
161269at33090	15	a_halleri	5..1	0.068	510.5	179.5	0.1937	0.0109	0.0564	-1312.746668	1.83265	True	ok
161269at33090	15	a_thaliana	5..2	0.067	510.5	179.5	0.0827	0.0058	0.07	-1312.746668	1.83265	True	ok
161309at33090	16	c_grandiflora	4..3	0.117	1131.8	350.2	0.1509	0.0168	0.1114	-2739.215637	1.77388	True	ok
161309at33090	16		4..5	0.149	1131.8	350.2	0.1509	0.0213	0.1415	-2739.215637	1.77388	False	ok
161309at33090	16	a_halleri	5..1	0.038	1131.8	350.2	0.1509	0.0054	0.0356	-2739.215637	1.77388	True	ok
161309at33090	16	a_thaliana	5..2	0.073	1131.8	350.2	0.3495	0.0168	0.0481	-2739.215637	1.77388	True	ok
161559at33090	17	c_grandiflora	4..3	0.101	665.8	264.2	0.1635	0.0137	0.084	-1669.367201	2.87543	True	ok
161559at33090	17		4..5	0.076	665.8	264.2	0.1635	0.0103	0.0629	-1669.367201	2.87543	False	ok
161559at33090	17	a_halleri	5..1	0.054	665.8	264.2	0.1635	0.0073	0.0446	-1669.367201	2.87543	True	ok
161559at33090	17	a_thaliana	5..2	0.067	665.8	264.2	0.207	0.0107	0.0517	-1669.367201	2.87543	True	ok
162794at33090	18	c_grandiflora	4..3	30.384	649.8	217.2	0.0084	0.3315	39.4323	-2299.78567	1.7844	True	ok
162794at33090	18		4..5	30.328	649.8	217.2	0.0084	0.3309	39.3591	-2299.78567	1.7844	False	ok
162794at33090	18	a_halleri	5..1	0.0	649.8	217.2	0.0084	0.0	0.0	-2299.78567	1.7844	True	ds_floor
162794at33090	18	a_thaliana	5..2	0.086	649.8	217.2	0.0139	0.0015	0.1103	-2299.78567	1.7844	True	ok
163097at33090	19	c_grandiflora	4..3	0.082	965.0	346.0	0.1069	0.0085	0.0794	-2377.325202	1.94597	True	ok
163097at33090	19		4..5	0.113	965.0	346.0	0.1069	0.0117	0.1097	-2377.325202	1.94597	False	ok
163097at33090	19	a_halleri	5..1	0.052	965.0	346.0	0.1069	0.0054	0.0504	-2377.325202	1.94597	True	ok
163097at33090	19	a_thaliana	5..2	0.101	965.0	346.0	0.2021	0.0165	0.0817	-2377.325202	1.94597	True	ok
163701at33090	20	c_grandiflora	4..3	0.177	681.9	215.1	0.1833	0.0286	0.1559	-1696.777822	1.85555	True	ok
163701at33090	20		4..5	0.106	681.9	215.1	0.1833	0.0171	0.0931	-1696.777822	1.85555	False	ok
163701at33090	20	a_halleri	5..1	0.064	681.9	215.1	0.1833	0.0103	0.0564	-1696.777822	1.85555	True	ok
163701at33090	20	a_thaliana	5..2	0.066	681.9	215.1	0.1524	0.0094	0.0615	-1696.777822	1.85555	True	ok
163833at33090	1	c_grandiflora	4..3	0.166	951.9	341.1	0.0936	0.0156	0.1665	-2282.197361	2.46581	True	ok
163833at33090	1		4..5	0.093	951.9	341.1	0.0936	0.0087	0.0934	-2282.197361	2.46581	False	ok
163833at33090	1	a_halleri	5..1	0.031	951.9	341.1	0.0936	0.003	0.0316	-2282.197361	2.46581	True	ok
163833at33090	1	a_thaliana	5..2	0.055	951.9	341.1	0.2265	0.0097	0.0429	-2282.197361	2.46581	True	ok
164019at33090	2	c_grandiflora	4..3	0.131	799.4	253.6	0.2148	0.0232	0.108	-1947.71093	1.7063	True	ok
164019at33090	2		4..5	0.091	799.4	253.6	0.2148	0.0162	0.0754	-1947.71093	1.7063	False	ok
164019at33090	2	a_halleri	5..1	0.043	799.4	253.6	0.2148	0.0075	0.0351	-1947.71093	1.7063	True	ok
164019at33090	2	a_thaliana	5..2	0.072	799.4	253.6	0.5064	0.0195	0.0385	-1947.71093	1.7063	True	ok
164556at33090	3	c_grandiflora	4..3	0.137	593.6	219.4	0.2203	0.0234	0.1063	-1548.803802	2.10098	True	ok
164556at33090	3		4..5	0.097	593.6	219.4	0.2203	0.0165	0.0749	-1548.803802	2.10098	False	ok
164556at33090	3	a_halleri	5..1	0.061	593.6	219.4	0.2203	0.0103	0.047	-1548.803802	2.10098	True	ok
164556at33090	3	a_thaliana	5..2	0.093	593.6	219.4	0.3067	0.0194	0.0631	-1548.803802	2.10098	True	ok
165103at33090	4	c_grandiflora	4..3	5.15	666.2	227.8	0.0657	0.3711	5.6511	-2500.513944	1.41162	True	ok
165103at33090	4		4..5	5.195	666.2	227.8	0.0657	0.3743	5.6996	-2500.513944	1.41162	False	ok
165103at33090	4	a_halleri	5..1	0.183	666.2	227.8	0.0657	0.0132	0.2012	-2500.513944	1.41162	True	ok
165103at33090	4	a_thaliana	5..2	0.0	666.2	227.8	0.0001	0.0	0.0	-2500.513944	1.41162	True	omega_boundary
166645at33090	5	c_grandiflora	4..3	0.072	4121.7	1344.3	0.1875	0.0116	0.0621	-9531.149517	2.17938	True	ok
166645at33090	5		4..5	0.1	4121.7	1344.3	0.1875	0.0161	0.0861	-9531.149517	2.17938	False	ok
166645at33090	5	a_halleri	5..1	0.033	4121.7	1344.3	0.1875	0.0053	0.0283	-9531.149517	2.17938	True	ok
166645at33090	5	a_thaliana	5..2	0.054	4121.7	1344.3	0.2687	0.0109	0.0404	-9531.149517	2.17938	True	ok
167076at33090	6	c_grandiflora	4..3	0.118	520.2	160.8	0.0871	0.0113	0.1302	-1220.125842	2.41799	True	ok
167076at33090	6		4..5	0.077	520.2	160.8	0.0871	0.0073	0.0843	-1220.125842	2.41799	False	ok
167076at33090	6	a_halleri	5..1	0.095	520.2	160.8	0.0871	0.0091	0.1046	-1220.125842	2.41799	True	ok
167076at33090	6	a_thaliana	5..2	0.061	520.2	160.8	0.0242	0.0019	0.08	-1220.125842	2.41799	True	ok
167217at33090	7	c_grandiflora	4..3	0.084	565.0	188.0	0.0557	0.0054	0.0963	-1356.203329	2.33565	True	ok
167217at33090	7		4..5	0.059	565.0	188.0	0.0557	0.0037	0.0671	-1356.203329	2.33565	False	ok
167217at33090	7	a_halleri	5..1	0.081	565.0	188.0	0.0557	0.0052	0.093	-1356.203329	2.33565	True	ok
167217at33090	7	a_thaliana	5..2	0.131	565.0	188.0	0.0922	0.0126	0.1369	-1356.203329	2.33565	True	ok
16726at33090	8	c_grandiflora	4..3	0.102	2046.1	716.9	0.1955	0.0165	0.0843	-5100.020034	2.09427	True	ok
16726at33090	8		4..5	0.104	2046.1	716.9	0.1955	0.0168	0.0858	-5100.020034	2.09427	False	ok
16726at33090	8	a_halleri	5..1	0.058	2046.1	716.9	0.1955	0.0093	0.0477	-5100.020034	2.09427	True	ok
16726at33090	8	a_thaliana	5..2	0.072	2046.1	716.9	0.3027	0.0151	0.0499	-5100.020034	2.09427	True	ok
167325at33090	9	c_grandiflora	4..3	0.047	572.5	216.5	0.3709	0.0107	0.0288	-1427.901511	2.65784	True	ok
167325at33090	9		4..5	0.109	572.5	216.5	0.3709	0.0247	0.0667	-1427.901511	2.65784	False	ok
167325at33090	9	a_halleri	5..1	0.034	572.5	216.5	0.3709	0.0078	0.0211	-1427.901511	2.65784	True	ok
167325at33090	9	a_thaliana	5..2	0.107	572.5	216.5	0.4621	0.0272	0.0588	-1427.901511	2.65784	True	ok
167809at33090	10	c_grandiflora	4..3	0.073	429.4	167.6	0.0292	0.0024	0.0811	-1017.180091	3.99329	True	ok
167809at33090	10		4..5	0.086	429.4	167.6	0.0292	0.0028	0.0945	-1017.180091	3.99329	False	ok
167809at33090	10	a_halleri	5..1	0.06	429.4	167.6	0.0292	0.0019	0.0665	-1017.180091	3.99329	True	ok
167809at33090	10	a_thaliana	5..2	0.091	429.4	167.6	0.0489	0.0047	0.0957	-1017.180091	3.99329	True	ok
167850at33090	11	c_grandiflora	4..3	0.149	509.0	166.0	0.2556	0.029	0.1134	-1326.942944	1.62222	True	ok
167850at33090	11		4..5	0.157	509.0	166.0	0.2556	0.0304	0.1189	-1326.942944	1.62222	False	ok
167850at33090	11	a_halleri	5..1	0.091	509.0	166.0	0.2556	0.0178	0.0694	-1326.942944	1.62222	True	ok
167850at33090	11	a_thaliana	5..2	0.056	509.0	166.0	0.4537	0.0143	0.0315	-1326.942944	1.62222	True	ok
167932at33090	12	c_grandiflora	4..3	0.01	553.6	202.4	0.1356	0.0012	0.0087	-1398.816466	2.01531	True	ok
167932at33090	12		4..5	0.099	553.6	202.4	0.1356	0.0122	0.0897	-1398.816466	2.01531	False	ok
167932at33090	12	a_halleri	5..1	0.056	553.6	202.4	0.1356	0.0069	0.0512	-1398.816466	2.01531	True	ok
167932at33090	12	a_thaliana	5..2	0.16	553.6	202.4	0.4816	0.0413	0.0858	-1398.816466	2.01531	True	ok
168269at33090	13	c_grandiflora	4..3	0.067	574.2	181.8	0.1319	0.0086	0.0653	-1286.381961	1.67606	True	ok
168269at33090	13		4..5	0.068	574.2	181.8	0.1319	0.0087	0.0663	-1286.381961	1.67606	False	ok
168269at33090	13	a_halleri	5..1	0.055	574.2	181.8	0.1319	0.0071	0.0535	-1286.381961	1.67606	True	ok
168269at33090	13	a_thaliana	5..2	0.061	574.2	181.8	0.1508	0.0087	0.0574	-1286.381961	1.67606	True	ok
168270at33090	14	c_grandiflora	4..3	0.061	855.9	266.1	0.0703	0.0049	0.0699	-1865.414723	1.07735	True	ok
168270at33090	14		4..5	0.083	855.9	266.1	0.0703	0.0067	0.0952	-1865.414723	1.07735	False	ok
168270at33090	14	a_halleri	5..1	0.017	855.9	266.1	0.0703	0.0013	0.0192	-1865.414723	1.07735	True	ok
168270at33090	14	a_thaliana	5..2	0.06	855.9	266.1	0.0491	0.0036	0.0731	-1865.414723	1.07735	True	ok
168563at33090	15	c_grandiflora	4..3	0.094	511.5	190.5	0.1379	0.0117	0.0846	-1415.958631	1.24124	True	ok
168563at33090	15		4..5	0.129	511.5	190.5	0.1379	0.0159	0.1156	-1415.958631	1.24124	False	ok
168563at33090	15	a_halleri	5..1	0.069	511.5	190.5	0.1379	0.0085	0.062	-1415.958631	1.24124	True	ok
168563at33090	15	a_thaliana	5..2	0.202	511.5	190.5	0.2495	0.0371	0.1486	-1415.958631	1.24124	True	ok
169007at33090	16	c_grandiflora	4..3	0.129	476.0	190.0	0.0936	0.0114	0.1218	-1221.429993	4.02834	True	ok
169007at33090	16		4..5	0.139	476.0	190.0	0.0936	0.0123	0.1318	-1221.429993	4.02834	False	ok
169007at33090	16	a_halleri	5..1	0.101	476.0	190.0	0.0936	0.009	0.0959	-1221.429993	4.02834	True	ok
169007at33090	16	a_thaliana	5..2	0.08	476.0	190.0	0.0509	0.0042	0.0827	-1221.429993	4.02834	True	ok
170939at33090	17	c_grandiflora	4..3	0.071	1075.9	361.1	0.1403	0.0093	0.0663	-2529.697242	1.5939	True	ok
170939at33090	17		4..5	0.096	1075.9	361.1	0.1403	0.0126	0.0896	-2529.697242	1.5939	False	ok
170939at33090	17	a_halleri	5..1	0.041	1075.9	361.1	0.1403	0.0054	0.0386	-2529.697242	1.5939	True	ok
170939at33090	17	a_thaliana	5..2	0.077	1075.9	361.1	0.1082	0.0083	0.077	-2529.697242	1.5939	True	ok
170945at33090	18	c_grandiflora	4..3	0.001	1202.1	435.9	0.0962	0.0001	0.0007	-2866.941637	2.00678	True	ds_floor
170945at33090	18		4..5	0.134	1202.1	435.9	0.0962	0.0128	0.1331	-2866.941637	2.00678	False	ok
170945at33090	18	a_halleri	5..1	0.073	1202.1	435.9	0.0962	0.0069	0.0719	-2866.941637	2.00678	True	ok
170945at33090	18	a_thaliana	5..2	0.073	1202.1	435.9	0.0773	0.0058	0.0749	-2866.941637	2.00678	True	ok
171195at33090	19	c_grandiflora	4..3	0.179	541.4	178.6	0.1351	0.023	0.1703	-1433.453967	1.97944	True	ok
171195at33090	19		4..5	0.118	541.4	178.6	0.1351	0.0152	0.1123	-1433.453967	1.97944	False	ok
171195at33090	19	a_halleri	5..1	0.104	541.4	178.6	0.1351	0.0134	0.0994	-1433.453967	1.97944	True	ok
171195at33090	19	a_thaliana	5..2	0.144	541.4	178.6	0.1093	0.0159	0.1456	-1433.453967	1.97944	True	ok
171627at33090	20	c_grandiflora	4..3	0.101	441.0	129.0	0.0614	0.0076	0.1234	-995.575275	0.7728	True	ok
171627at33090	20		4..5	0.076	441.0	129.0	0.0614	0.0057	0.0921	-995.575275	0.7728	False	ok
171627at33090	20	a_halleri	5..1	0.122	441.0	129.0	0.0614	0.0091	0.1483	-995.575275	0.7728	True	ok
171627at33090	20	a_thaliana	5..2	0.057	441.0	129.0	0.0287	0.0022	0.0771	-995.575275	0.7728	True	ok
171708at33090	1	c_grandiflora	4..3	0.095	711.4	254.6	0.0701	0.0071	0.1008	-1694.473875	1.95062	True	ok
171708at33090	1		4..5	0.122	711.4	254.6	0.0701	0.0091	0.1294	-1694.473875	1.95062	False	ok
171708at33090	1	a_halleri	5..1	0.032	711.4	254.6	0.0701	0.0024	0.0343	-1694.473875	1.95062	True	ok
171708at33090	1	a_thaliana	5..2	0.065	711.4	254.6	0.1845	0.01	0.0543	-1694.473875	1.95062	True	ok
171767at33090	2	c_grandiflora	4..3	0.116	558.9	221.1	0.1599	0.0156	0.0976	-1416.992556	2.9226	True	ok
171767at33090	2		4..5	0.065	558.9	221.1	0.1599	0.0087	0.0541	-1416.992556	2.9226	False	ok
171767at33090	2	a_halleri	5..1	0.048	558.9	221.1	0.1599	0.0064	0.0401	-1416.992556	2.9226	True	ok
171767at33090	2	a_thaliana	5..2	0.102	558.9	221.1	0.1762	0.0147	0.0833	-1416.992556	2.9226	True	ok
172000at33090	3	c_grandiflora	4..3	0.122	980.9	321.1	0.1275	0.0151	0.1185	-2372.257622	1.80417	True	ok
172000at33090	3		4..5	0.132	980.9	321.1	0.1275	0.0163	0.1282	-2372.257622	1.80417	False	ok
172000at33090	3	a_halleri	5..1	0.062	980.9	321.1	0.1275	0.0077	0.0604	-2372.257622	1.80417	True	ok
172000at33090	3	a_thaliana	5..2	0.052	980.9	321.1	0.112	0.0059	0.0523	-2372.257622	1.80417	True	ok
172535at33090	4	c_grandiflora	4..3	0.137	1012.7	334.3	0.1847	0.0217	0.1176	-2492.29639	2.11796	True	ok
172535at33090	4		4..5	0.086	1012.7	334.3	0.1847	0.0137	0.0743	-2492.29639	2.11796	False	ok
172535at33090	4	a_halleri	5..1	0.063	1012.7	334.3	0.1847	0.01	0.0544	-2492.29639	2.11796	True	ok
172535at33090	4	a_thaliana	5..2	0.074	1012.7	334.3	0.1703	0.0112	0.0656	-2492.29639	2.11796	True	ok
172666at33090	5	c_grandiflora	4..3	0.112	604.5	208.5	0.1717	0.0166	0.0968	-1590.148778	1.55442	True	ok
172666at33090	5		4..5	0.125	604.5	208.5	0.1717	0.0187	0.1087	-1590.148778	1.55442	False	ok
172666at33090	5	a_halleri	5..1	0.121	604.5	208.5	0.1717	0.0181	0.1054	-1590.148778	1.55442	True	ok
172666at33090	5	a_thaliana	5..2	0.077	604.5	208.5	0.3236	0.0168	0.0518	-1590.148778	1.55442	True	ok
173119at33090	6	c_grandiflora	4..3	0.097	695.0	202.0	0.1632	0.015	0.0922	-1790.450189	2.1329	True	ok
173119at33090	6		4..5	0.14	695.0	202.0	0.1632	0.0216	0.1324	-1790.450189	2.1329	False	ok
173119at33090	6	a_halleri	5..1	0.106	695.0	202.0	0.1632	0.0164	0.1004	-1790.450189	2.1329	True	ok
173119at33090	6	a_thaliana	5..2	0.149	695.0	202.0	0.1517	0.022	0.1448	-1790.450189	2.1329	True	ok
173143at33090	7	c_grandiflora	4..3	0.12	1417.2	769.8	0.2747	0.0207	0.0753	-3996.490817	2.13699	True	ok
173143at33090	7		4..5	0.096	1417.2	769.8	0.2747	0.0165	0.0602	-3996.490817	2.13699	False	ok
173143at33090	7	a_halleri	5..1	0.063	1417.2	769.8	0.2747	0.0108	0.0394	-3996.490817	2.13699	True	ok
173143at33090	7	a_thaliana	5..2	0.108	1417.2	769.8	0.3216	0.0207	0.0642	-3996.490817	2.13699	True	ok
173477at33090	8	c_grandiflora	4..3	0.106	440.7	132.3	0.044	0.0059	0.133	-973.082238	1.40487	True	ok
173477at33090	8		4..5	0.091	440.7	132.3	0.044	0.005	0.1146	-973.082238	1.40487	False	ok
173477at33090	8	a_halleri	5..1	0.05	440.7	132.3	0.044	0.0028	0.0631	-973.082238	1.40487	True	ok
173477at33090	8	a_thaliana	5..2	0.052	440.7	132.3	0.0001	0.0	0.0747	-973.082238	1.40487	True	omega_boundary
174213at33090	9	c_grandiflora	4..3	0.093	577.8	157.2	0.226	0.0178	0.0788	-1338.413097	1.46225	True	ok
174213at33090	9		4..5	0.124	577.8	157.2	0.226	0.0239	0.1058	-1338.413097	1.46225	False	ok
174213at33090	9	a_halleri	5..1	0.05	577.8	157.2	0.226	0.0096	0.0427	-1338.413097	1.46225	True	ok
174213at33090	9	a_thaliana	5..2	0.102	577.8	157.2	0.0788	0.0097	0.123	-1338.413097	1.46225	True	ok
174767at33090	10	c_grandiflora	4..3	0.068	508.2	178.8	0.0834	0.0058	0.07	-1192.508305	1.73393	True	ok
174767at33090	10		4..5	0.114	508.2	178.8	0.0834	0.0098	0.1178	-1192.508305	1.73393	False	ok
174767at33090	10	a_halleri	5..1	0.051	508.2	178.8	0.0834	0.0044	0.0527	-1192.508305	1.73393	True	ok
174767at33090	10	a_thaliana	5..2	0.054	508.2	178.8	0.031	0.002	0.0637	-1192.508305	1.73393	True	ok
175583at33090	11	c_grandiflora	4..3	0.139	465.0	147.0	0.2618	0.0277	0.1058	-1149.446615	1.27005	True	ok
175583at33090	11		4..5	0.078	465.0	147.0	0.2618	0.0155	0.059	-1149.446615	1.27005	False	ok
175583at33090	11	a_halleri	5..1	0.047	465.0	147.0	0.2618	0.0094	0.0357	-1149.446615	1.27005	True	ok
175583at33090	11	a_thaliana	5..2	0.078	465.0	147.0	0.3397	0.0177	0.0522	-1149.446615	1.27005	True	ok
175792at33090	12	c_grandiflora	4..3	0.07	541.6	136.4	0.1368	0.0103	0.0755	-1178.391228	1.22325	True	ok
175792at33090	12		4..5	0.098	541.6	136.4	0.1368	0.0144	0.1054	-1178.391228	1.22325	False	ok
175792at33090	12	a_halleri	5..1	0.042	541.6	136.4	0.1368	0.0062	0.0453	-1178.391228	1.22325	True	ok
175792at33090	12	a_thaliana	5..2	0.086	541.6	136.4	0.0667	0.0075	0.1131	-1178.391228	1.22325	True	ok
176016at33090	13	c_grandiflora	4..3	0.032	386.3	135.7	0.0001	0.0	0.0415	-797.022529	2.51505	True	omega_boundary
176016at33090	13		4..5	0.033	386.3	135.7	0.0001	0.0	0.0426	-797.022529	2.51505	False	omega_boundary
176016at33090	13	a_halleri	5..1	0.035	386.3	135.7	0.0001	0.0	0.0451	-797.022529	2.51505	True	omega_boundary
176016at33090	13	a_thaliana	5..2	0.038	386.3	135.7	0.0001	0.0	0.0489	-797.022529	2.51505	True	omega_boundary
176328at33090	14	c_grandiflora	4..3	0.039	1189.4	400.6	0.1822	0.0061	0.0336	-2822.006686	1.88479	True	ok
176328at33090	14		4..5	0.032	1189.4	400.6	0.1822	0.0051	0.0278	-2822.006686	1.88479	False	ok
176328at33090	14	a_halleri	5..1	0.038	1189.4	400.6	0.1822	0.0059	0.0325	-2822.006686	1.88479	True	ok
176328at33090	14	a_thaliana	5..2	0.186	1189.4	400.6	0.2144	0.0322	0.1503	-2822.006686	1.88479	True	ok
177296at33090	15	c_grandiflora	4..3	0.097	368.1	114.9	0.101	0.0104	0.1026	-853.839123	1.44074	True	ok
177296at33090	15		4..5	0.093	368.1	114.9	0.101	0.0099	0.0983	-853.839123	1.44074	False	ok
177296at33090	15	a_halleri	5..1	0.12	368.1	114.9	0.101	0.0129	0.1274	-853.839123	1.44074	True	ok
177296at33090	15	a_thaliana	5..2	0.044	368.1	114.9	0.0519	0.0028	0.0533	-853.839123	1.44074	True	ok
177720at33090	16	c_grandiflora	4..3	0.117	1584.3	578.7	0.201	0.0189	0.094	-4078.77916	2.56693	True	ok
177720at33090	16		4..5	0.106	1584.3	578.7	0.201	0.0172	0.0854	-4078.77916	2.56693	False	ok
177720at33090	16	a_halleri	5..1	0.071	1584.3	578.7	0.201	0.0114	0.0567	-4078.77916	2.56693	True	ok
177720at33090	16	a_thaliana	5..2	0.093	1584.3	578.7	0.2044	0.0152	0.0743	-4078.77916	2.56693	True	ok
177964at33090	17	c_grandiflora	4..3	0.112	577.5	190.5	0.0832	0.01	0.1206	-1391.234345	1.44128	True	ok
177964at33090	17		4..5	0.11	577.5	190.5	0.0832	0.0098	0.1181	-1391.234345	1.44128	False	ok
177964at33090	17	a_halleri	5..1	0.074	577.5	190.5	0.0832	0.0066	0.0789	-1391.234345	1.44128	True	ok
177964at33090	17	a_thaliana	5..2	0.055	577.5	190.5	0.1329	0.007	0.0525	-1391.234345	1.44128	True	ok
178386at33090	18	c_grandiflora	4..3	0.097	679.9	232.1	0.1877	0.0154	0.0819	-1600.279808	2.28148	True	ok
178386at33090	18		4..5	0.07	679.9	232.1	0.1877	0.0112	0.0595	-1600.279808	2.28148	False	ok
178386at33090	18	a_halleri	5..1	0.067	679.9	232.1	0.1877	0.0106	0.0566	-1600.279808	2.28148	True	ok
178386at33090	18	a_thaliana	5..2	0.04	679.9	232.1	0.0784	0.0034	0.0429	-1600.279808	2.28148	True	ok
179975at33090	19	c_grandiflora	4..3	0.07	610.6	229.4	0.1135	0.0075	0.0661	-1483.542595	1.91479	True	ok
179975at33090	19		4..5	0.073	610.6	229.4	0.1135	0.0078	0.0685	-1483.542595	1.91479	False	ok
179975at33090	19	a_halleri	5..1	0.044	610.6	229.4	0.1135	0.0047	0.0417	-1483.542595	1.91479	True	ok
179975at33090	19	a_thaliana	5..2	0.108	610.6	229.4	0.0419	0.005	0.118	-1483.542595	1.91479	True	ok
180408at33090	20	c_grandiflora	4..3	0.063	595.5	205.5	0.1623	0.009	0.0553	-1383.627762	3.65318	True	ok
180408at33090	20		4..5	0.1	595.5	205.5	0.1623	0.0143	0.0884	-1383.627762	3.65318	False	ok
180408at33090	20	a_halleri	5..1	0.066	595.5	205.5	0.1623	0.0094	0.0581	-1383.627762	3.65318	True	ok
180408at33090	20	a_thaliana	5..2	0.046	595.5	205.5	0.0441	0.0023	0.0529	-1383.627762	3.65318	True	ok
180466at33090	1	c_grandiflora	4..3	0.11	726.2	260.8	0.2459	0.0202	0.0821	-1814.567554	2.61285	True	ok
180466at33090	1		4..5	0.096	726.2	260.8	0.2459	0.0178	0.0722	-1814.567554	2.61285	False	ok
180466at33090	1	a_halleri	5..1	0.064	726.2	260.8	0.2459	0.0117	0.0476	-1814.567554	2.61285	True	ok
180466at33090	1	a_thaliana	5..2	0.068	726.2	260.8	0.1927	0.0107	0.0557	-1814.567554	2.61285	True	ok
180674at33090	2	c_grandiflora	4..3	0.06	672.5	263.5	0.1188	0.0065	0.0544	-1595.55078	3.00387	True	ok
180674at33090	2		4..5	0.128	672.5	263.5	0.1188	0.0139	0.1166	-1595.55078	3.00387	False	ok
180674at33090	2	a_halleri	5..1	0.036	672.5	263.5	0.1188	0.0038	0.0323	-1595.55078	3.00387	True	ok
180674at33090	2	a_thaliana	5..2	0.05	672.5	263.5	0.0589	0.003	0.0513	-1595.55078	3.00387	True	ok
181108at33090	3	c_grandiflora	4..3	0.101	520.4	196.6	0.1021	0.0098	0.0962	-1343.194024	2.33539	True	ok
181108at33090	3		4..5	0.093	520.4	196.6	0.1021	0.0091	0.0893	-1343.194024	2.33539	False	ok
181108at33090	3	a_halleri	5..1	0.092	520.4	196.6	0.1021	0.009	0.0877	-1343.194024	2.33539	True	ok
181108at33090	3	a_thaliana	5..2	0.11	520.4	196.6	0.0692	0.0078	0.1128	-1343.194024	2.33539	True	ok
182493at33090	4	c_grandiflora	4..3	0.166	686.5	264.5	0.1601	0.0225	0.1408	-1875.089652	2.51598	True	ok
182493at33090	4		4..5	0.181	686.5	264.5	0.1601	0.0246	0.1535	-1875.089652	2.51598	False	ok
182493at33090	4	a_halleri	5..1	0.06	686.5	264.5	0.1601	0.0082	0.0509	-1875.089652	2.51598	True	ok
182493at33090	4	a_thaliana	5..2	0.118	686.5	264.5	0.0943	0.0107	0.1138	-1875.089652	2.51598	True	ok
182513at33090	5	c_grandiflora	4..3	0.088	943.5	343.5	0.1382	0.011	0.0799	-2322.561576	2.83233	True	ok
182513at33090	5		4..5	0.077	943.5	343.5	0.1382	0.0096	0.0697	-2322.561576	2.83233	False	ok
182513at33090	5	a_halleri	5..1	0.071	943.5	343.5	0.1382	0.0089	0.0645	-2322.561576	2.83233	True	ok
182513at33090	5	a_thaliana	5..2	0.095	943.5	343.5	0.141	0.012	0.0854	-2322.561576	2.83233	True	ok
183313at33090	6	c_grandiflora	4..3	0.055	761.5	213.5	0.1715	0.0089	0.0518	-1731.015619	1.5375	True	ok
183313at33090	6		4..5	0.077	761.5	213.5	0.1715	0.0124	0.0725	-1731.015619	1.5375	False	ok
183313at33090	6	a_halleri	5..1	0.069	761.5	213.5	0.1715	0.0112	0.0652	-1731.015619	1.5375	True	ok
183313at33090	6	a_thaliana	5..2	0.078	761.5	213.5	0.1556	0.0119	0.0765	-1731.015619	1.5375	True	ok
183396at33090	7	c_grandiflora	4..3	0.129	493.2	142.8	0.1367	0.0178	0.1303	-1168.050724	2.11763	True	ok
183396at33090	7		4..5	0.088	493.2	142.8	0.1367	0.0122	0.0891	-1168.050724	2.11763	False	ok
183396at33090	7	a_halleri	5..1	0.073	493.2	142.8	0.1367	0.01	0.0733	-1168.050724	2.11763	True	ok
183396at33090	7	a_thaliana	5..2	0.085	493.2	142.8	0.11	0.0101	0.0919	-1168.050724	2.11763	True	ok
183719at33090	8	c_grandiflora	4..3	0.036	1086.9	377.1	0.1942	0.0059	0.0303	-2698.26086	1.69289	True	ok
183719at33090	8		4..5	0.125	1086.9	377.1	0.1942	0.0201	0.1034	-2698.26086	1.69289	False	ok
183719at33090	8	a_halleri	5..1	0.095	1086.9	377.1	0.1942	0.0152	0.0784	-2698.26086	1.69289	True	ok
183719at33090	8	a_thaliana	5..2	0.067	1086.9	377.1	0.2828	0.0136	0.0479	-2698.26086	1.69289	True	ok
183931at33090	9	c_grandiflora	4..3	0.046	739.4	202.6	0.0339	0.0021	0.063	-1575.038856	1.78246	True	ok
183931at33090	9		4..5	0.119	739.4	202.6	0.0339	0.0056	0.1644	-1575.038856	1.78246	False	ok
183931at33090	9	a_halleri	5..1	0.041	739.4	202.6	0.0339	0.0019	0.056	-1575.038856	1.78246	True	ok
183931at33090	9	a_thaliana	5..2	0.067	739.4	202.6	0.0138	0.0014	0.0985	-1575.038856	1.78246	True	ok
184405at33090	10	c_grandiflora	4..3	0.128	1105.8	349.2	0.4021	0.0315	0.0783	-3092.12064	1.5736	True	ok
184405at33090	10		4..5	0.139	1105.8	349.2	0.4021	0.034	0.0846	-3092.12064	1.5736	False	ok
184405at33090	10	a_halleri	5..1	0.132	1105.8	349.2	0.4021	0.0325	0.0807	-3092.12064	1.5736	True	ok
184405at33090	10	a_thaliana	5..2	0.159	1105.8	349.2	0.3163	0.0349	0.1103	-3092.12064	1.5736	True	ok
18455at33090	11	c_grandiflora	4..3	0.06	1716.6	557.4	0.1072	0.0066	0.0612	-3836.483998	2.21933	True	ok
18455at33090	11		4..5	0.07	1716.6	557.4	0.1072	0.0077	0.0717	-3836.483998	2.21933	False	ok
18455at33090	11	a_halleri	5..1	0.039	1716.6	557.4	0.1072	0.0043	0.0398	-3836.483998	2.21933	True	ok
18455at33090	11	a_thaliana	5..2	0.059	1716.6	557.4	0.2099	0.0103	0.049	-3836.483998	2.21933	True	ok
185172at33090	12	c_grandiflora	4..3	0.091	425.1	144.9	0.1156	0.0103	0.0891	-970.417496	2.1078	True	ok
185172at33090	12		4..5	0.097	425.1	144.9	0.1156	0.011	0.095	-970.417496	2.1078	False	ok
185172at33090	12	a_halleri	5..1	0.048	425.1	144.9	0.1156	0.0054	0.0468	-970.417496	2.1078	True	ok
185172at33090	12	a_thaliana	5..2	0.039	425.1	144.9	0.0533	0.0024	0.0445	-970.417496	2.1078	True	ok
185214at33090	13	c_grandiflora	4..3	0.039	611.6	228.4	0.176	0.0057	0.0326	-1487.823408	2.09852	True	ok
185214at33090	13		4..5	0.123	611.6	228.4	0.176	0.018	0.1025	-1487.823408	2.09852	False	ok
185214at33090	13	a_halleri	5..1	0.038	611.6	228.4	0.176	0.0056	0.0317	-1487.823408	2.09852	True	ok
185214at33090	13	a_thaliana	5..2	0.073	611.6	228.4	0.1507	0.0097	0.0641	-1487.823408	2.09852	True	ok
1855at33090	14	c_grandiflora	4..3	0.064	4762.2	1609.8	0.2067	0.0108	0.0524	-11415.069119	2.41587	True	ok
1855at33090	14		4..5	0.106	4762.2	1609.8	0.2067	0.0179	0.0865	-11415.069119	2.41587	False	ok
1855at33090	14	a_halleri	5..1	0.058	4762.2	1609.8	0.2067	0.0099	0.0477	-11415.069119	2.41587	True	ok
1855at33090	14	a_thaliana	5..2	0.068	4762.2	1609.8	0.1996	0.0113	0.0565	-11415.069119	2.41587	True	ok
185696at33090	15	c_grandiflora	4..3	0.063	1436.9	426.1	0.1581	0.0095	0.0599	-3553.888001	1.49066	True	ok
185696at33090	15		4..5	0.131	1436.9	426.1	0.1581	0.0197	0.1245	-3553.888001	1.49066	False	ok
185696at33090	15	a_halleri	5..1	0.088	1436.9	426.1	0.1581	0.0133	0.0839	-3553.888001	1.49066	True	ok
185696at33090	15	a_thaliana	5..2	0.123	1436.9	426.1	0.2315	0.0234	0.101	-3553.888001	1.49066	True	ok
185941at33090	16	c_grandiflora	4..3	0.093	537.9	203.1	0.4122	0.0223	0.0542	-1371.065548	2.17393	True	ok
185941at33090	16		4..5	0.047	537.9	203.1	0.4122	0.0113	0.0273	-1371.065548	2.17393	False	ok
185941at33090	16	a_halleri	5..1	0.117	537.9	203.1	0.4122	0.0281	0.0682	-1371.065548	2.17393	True	ok
185941at33090	16	a_thaliana	5..2	0.069	537.9	203.1	0.1092	0.0072	0.0655	-1371.065548	2.17393	True	ok
186340at33090	17	c_grandiflora	4..3	0.106	616.3	244.7	0.2559	0.0193	0.0753	-1630.639252	2.6831	True	ok
186340at33090	17		4..5	0.126	616.3	244.7	0.2559	0.023	0.0899	-1630.639252	2.6831	False	ok
186340at33090	17	a_halleri	5..1	0.082	616.3	244.7	0.2559	0.015	0.0585	-1630.639252	2.6831	True	ok
186340at33090	17	a_thaliana	5..2	0.083	616.3	244.7	0.1605	0.0112	0.0696	-1630.639252	2.6831	True	ok
187462at33090	18	c_grandiflora	4..3	0.081	1060.4	343.6	0.0902	0.0078	0.086	-2443.163115	2.05337	True	ok
187462at33090	18		4..5	0.059	1060.4	343.6	0.0902	0.0057	0.0632	-2443.163115	2.05337	False	ok
187462at33090	18	a_halleri	5..1	0.04	1060.4	343.6	0.0902	0.0039	0.0429	-2443.163115	2.05337	True	ok
187462at33090	18	a_thaliana	5..2	0.106	1060.4	343.6	0.127	0.0132	0.1037	-2443.163115	2.05337	True	ok
187866at33090	19	c_grandiflora	4..3	0.13	290.4	108.6	0.2158	0.0217	0.1006	-783.343664	2.19191	True	ok
187866at33090	19		4..5	0.139	290.4	108.6	0.2158	0.0233	0.1082	-783.343664	2.19191	False	ok
187866at33090	19	a_halleri	5..1	0.058	290.4	108.6	0.2158	0.0097	0.0451	-783.343664	2.19191	True	ok
187866at33090	19	a_thaliana	5..2	0.121	290.4	108.6	0.3211	0.0256	0.0797	-783.343664	2.19191	True	ok
187914at33090	20	c_grandiflora	4..3	0.137	993.3	308.7	0.1549	0.02	0.1289	-2383.46595	2.53293	True	ok
187914at33090	20		4..5	0.111	993.3	308.7	0.1549	0.0161	0.1037	-2383.46595	2.53293	False	ok
187914at33090	20	a_halleri	5..1	0.049	993.3	308.7	0.1549	0.0071	0.0461	-2383.46595	2.53293	True	ok
187914at33090	20	a_thaliana	5..2	0.09	993.3	308.7	0.0914	0.009	0.0981	-2383.46595	2.53293	True	ok
18801at33090	1	c_grandiflora	4..3	0.085	2327.4	801.6	0.1488	0.0115	0.0776	-5736.819645	2.05078	True	ok
18801at33090	1		4..5	0.135	2327.4	801.6	0.1488	0.0182	0.1223	-5736.819645	2.05078	False	ok
18801at33090	1	a_halleri	5..1	0.06	2327.4	801.6	0.1488	0.0081	0.0547	-5736.819645	2.05078	True	ok
18801at33090	1	a_thaliana	5..2	0.081	2327.4	801.6	0.1537	0.0111	0.0725	-5736.819645	2.05078	True	ok
188180at33090	2	c_grandiflora	4..3	0.082	513.2	176.8	0.135	0.0104	0.077	-1241.81193	2.48225	True	ok
188180at33090	2		4..5	0.125	513.2	176.8	0.135	0.0158	0.117	-1241.81193	2.48225	False	ok
188180at33090	2	a_halleri	5..1	0.06	513.2	176.8	0.135	0.0076	0.0564	-1241.81193	2.48225	True	ok
188180at33090	2	a_thaliana	5..2	0.052	513.2	176.8	0.1787	0.008	0.0447	-1241.81193	2.48225	True	ok
188436at33090	3	c_grandiflora	4..3	0.101	511.1	184.9	0.0508	0.0056	0.111	-1214.661288	2.3405	True	ok
188436at33090	3		4..5	0.077	511.1	184.9	0.0508	0.0043	0.0847	-1214.661288	2.3405	False	ok
188436at33090	3	a_halleri	5..1	0.073	511.1	184.9	0.0508	0.0041	0.08	-1214.661288	2.3405	True	ok
188436at33090	3	a_thaliana	5..2	0.054	511.1	184.9	0.0001	0.0	0.0682	-1214.661288	2.3405	True	omega_boundary
188583at33090	4	c_grandiflora	4..3	0.166	894.4	311.6	0.1833	0.0257	0.1403	-2317.51754	1.82141	True	ok
188583at33090	4		4..5	0.104	894.4	311.6	0.1833	0.0162	0.0882	-2317.51754	1.82141	False	ok
188583at33090	4	a_halleri	5..1	0.081	894.4	311.6	0.1833	0.0126	0.0688	-2317.51754	1.82141	True	ok
188583at33090	4	a_thaliana	5..2	0.078	894.4	311.6	0.1951	0.0126	0.0646	-2317.51754	1.82141	True	ok
188938at33090	5	c_grandiflora	4..3	0.128	609.8	221.2	0.1495	0.017	0.1134	-1751.588156	1.6029	True	ok
188938at33090	5		4..5	0.06	609.8	221.2	0.1495	0.008	0.0534	-1751.588156	1.6029	False	ok
188938at33090	5	a_halleri	5..1	0.133	609.8	221.2	0.1495	0.0176	0.1179	-1751.588156	1.6029	True	ok
188938at33090	5	a_thaliana	5..2	0.242	609.8	221.2	0.5034	0.064	0.1272	-1751.588156	1.6029	True	ok
189891at33090	6	c_grandiflora	4..3	0.075	815.2	288.8	0.0776	0.0061	0.0788	-1897.631528	1.8543	True	ok
189891at33090	6		4..5	0.026	815.2	288.8	0.0776	0.0021	0.027	-1897.631528	1.8543	False	ok
189891at33090	6	a_halleri	5..1	0.084	815.2	288.8	0.0776	0.0068	0.0882	-1897.631528	1.8543	True	ok
189891at33090	6	a_thaliana	5..2	0.073	815.2	288.8	0.0447	0.0037	0.0823	-1897.631528	1.8543	True	ok
190390at33090	7	c_grandiflora	4..3	0.083	732.9	245.1	0.3293	0.0184	0.0558	-1882.319959	1.21969	True	ok
190390at33090	7		4..5	0.158	732.9	245.1	0.3293	0.035	0.1062	-1882.319959	1.21969	False	ok
190390at33090	7	a_halleri	5..1	0.053	732.9	245.1	0.3293	0.0117	0.0356	-1882.319959	1.21969	True	ok
190390at33090	7	a_thaliana	5..2	0.102	732.9	245.1	0.1723	0.0154	0.0893	-1882.319959	1.21969	True	ok
191396at33090	8	c_grandiflora	4..3	0.082	884.5	264.5	0.1359	0.0111	0.0813	-2097.487297	1.92657	True	ok
191396at33090	8		4..5	0.087	884.5	264.5	0.1359	0.0118	0.0868	-2097.487297	1.92657	False	ok
191396at33090	8	a_halleri	5..1	0.089	884.5	264.5	0.1359	0.0121	0.0887	-2097.487297	1.92657	True	ok
191396at33090	8	a_thaliana	5..2	0.092	884.5	264.5	0.1181	0.0113	0.0958	-2097.487297	1.92657	True	ok
191581at33090	9	c_grandiflora	4..3	0.073	593.5	198.5	0.1013	0.0076	0.0749	-1400.634646	1.45035	True	ok
191581at33090	9		4..5	0.08	593.5	198.5	0.1013	0.0083	0.0816	-1400.634646	1.45035	False	ok
191581at33090	9	a_halleri	5..1	0.047	593.5	198.5	0.1013	0.0048	0.0478	-1400.634646	1.45035	True	ok
191581at33090	9	a_thaliana	5..2	0.1	593.5	198.5	0.1496	0.0138	0.0919	-1400.634646	1.45035	True	ok
192090at33090	10	c_grandiflora	4..3	0.121	1798.8	517.2	0.176	0.0197	0.1119	-4291.214388	1.56318	True	ok
192090at33090	10		4..5	0.107	1798.8	517.2	0.176	0.0175	0.0994	-4291.214388	1.56318	False	ok
192090at33090	10	a_halleri	5..1	0.067	1798.8	517.2	0.176	0.011	0.0623	-4291.214388	1.56318	True	ok
192090at33090	10	a_thaliana	5..2	0.08	1798.8	517.2	0.1929	0.0137	0.0713	-4291.214388	1.56318	True	ok
192456at33090	11	c_grandiflora	4..3	0.107	475.4	145.6	0.2027	0.0185	0.0914	-1783.424867	1.44621	True	ok
192456at33090	11		4..5	0.104	475.4	145.6	0.2027	0.0181	0.0891	-1783.424867	1.44621	False	ok
192456at33090	11	a_halleri	5..1	0.015	475.4	145.6	0.2027	0.0026	0.0127	-1783.424867	1.44621	True	ok
192456at33090	11	a_thaliana	5..2	50.0	475.4	145.6	0.0107	0.7375	68.6911	-1783.424867	1.44621	True	ok
192750at33090	12	c_grandiflora	4..3	0.012	640.7	196.3	0.0275	0.0004	0.0155	-1354.177122	1.23699	True	ok
192750at33090	12		4..5	0.07	640.7	196.3	0.0275	0.0025	0.0909	-1354.177122	1.23699	False	ok
192750at33090	12	a_halleri	5..1	0.049	640.7	196.3	0.0275	0.0017	0.0635	-1354.177122	1.23699	True	ok
192750at33090	12	a_thaliana	5..2	0.053	640.7	196.3	0.0222	0.0016	0.0703	-1354.177122	1.23699	True	ok
193351at33090	13	c_grandiflora	4..3	0.102	260.5	78.5	0.0635	0.0077	0.1215	-602.195844	1.46344	True	ok
193351at33090	13		4..5	0.013	260.5	78.5	0.0635	0.001	0.0153	-602.195844	1.46344	False	ok
193351at33090	13	a_halleri	5..1	0.088	260.5	78.5	0.0635	0.0066	0.1045	-602.195844	1.46344	True	ok
193351at33090	13	a_thaliana	5..2	0.159	260.5	78.5	0.0616	0.0117	0.1902	-602.195844	1.46344	True	ok
193437at33090	14	c_grandiflora	4..3	0.097	608.7	180.3	0.1563	0.0145	0.0925	-1548.985512	1.30268	True	ok
193437at33090	14		4..5	0.088	608.7	180.3	0.1563	0.0131	0.084	-1548.985512	1.30268	False	ok
193437at33090	14	a_halleri	5..1	0.074	608.7	180.3	0.1563	0.011	0.0706	-1548.985512	1.30268	True	ok
193437at33090	14	a_thaliana	5..2	0.179	608.7	180.3	0.3359	0.0411	0.1225	-1548.985512	1.30268	True	ok
193683at33090	15	c_grandiflora	4..3	0.081	554.5	156.5	0.101	0.0091	0.0905	-1241.978202	1.59181	True	ok
193683at33090	15		4..5	0.113	554.5	156.5	0.101	0.0128	0.1263	-1241.978202	1.59181	False	ok
193683at33090	15	a_halleri	5..1	0.055	554.5	156.5	0.101	0.0062	0.0613	-1241.978202	1.59181	True	ok
193683at33090	15	a_thaliana	5..2	0.096	554.5	156.5	0.0809	0.0091	0.1125	-1241.978202	1.59181	True	ok
193777at33090	16	c_grandiflora	4..3	0.083	714.4	263.6	0.1601	0.0115	0.0719	-1745.566683	1.5589	True	ok
193777at33090	16		4..5	0.072	714.4	263.6	0.1601	0.01	0.0623	-1745.566683	1.5589	False	ok
193777at33090	16	a_halleri	5..1	0.084	714.4	263.6	0.1601	0.0116	0.0724	-1745.566683	1.5589	True	ok
193777at33090	16	a_thaliana	5..2	0.053	714.4	263.6	0.0461	0.0027	0.0584	-1745.566683	1.5589	True	ok
193982at33090	17	c_grandiflora	4..3	0.092	503.5	168.5	0.2479	0.0175	0.0706	-1256.790408	1.66351	True	ok
193982at33090	17		4..5	0.082	503.5	168.5	0.2479	0.0155	0.0624	-1256.790408	1.66351	False	ok
193982at33090	17	a_halleri	5..1	0.081	503.5	168.5	0.2479	0.0153	0.0619	-1256.790408	1.66351	True	ok
193982at33090	17	a_thaliana	5..2	0.09	503.5	168.5	0.2547	0.0173	0.068	-1256.790408	1.66351	True	ok
194002at33090	18	c_grandiflora	4..3	0.076	529.5	163.5	0.2659	0.0153	0.0574	-1280.539304	0.614	True	ok
194002at33090	18		4..5	0.086	529.5	163.5	0.2659	0.0174	0.0653	-1280.539304	0.614	False	ok
194002at33090	18	a_halleri	5..1	0.032	529.5	163.5	0.2659	0.0065	0.0245	-1280.539304	0.614	True	ok
194002at33090	18	a_thaliana	5..2	0.126	529.5	163.5	0.3051	0.0273	0.0894	-1280.539304	0.614	True	ok
194293at33090	19	c_grandiflora	4..3	0.117	758.3	243.7	0.2591	0.0231	0.089	-2028.564926	1.11117	True	ok
194293at33090	19		4..5	0.096	758.3	243.7	0.2591	0.019	0.0732	-2028.564926	1.11117	False	ok
194293at33090	19	a_halleri	5..1	0.056	758.3	243.7	0.2591	0.0111	0.0427	-2028.564926	1.11117	True	ok
194293at33090	19	a_thaliana	5..2	0.184	758.3	243.7	0.4583	0.0477	0.1041	-2028.564926	1.11117	True	ok
194372at33090	20	c_grandiflora	4..3	0.089	344.1	108.9	0.1462	0.0123	0.0843	-841.929343	1.48563	True	ok
194372at33090	20		4..5	0.086	344.1	108.9	0.1462	0.0119	0.0816	-841.929343	1.48563	False	ok
194372at33090	20	a_halleri	5..1	0.078	344.1	108.9	0.1462	0.0108	0.0741	-841.929343	1.48563	True	ok
194372at33090	20	a_thaliana	5..2	0.141	344.1	108.9	0.022	0.004	0.1826	-841.929343	1.48563	True	ok
194467at33090	1	c_grandiflora	4..3	0.053	569.8	243.2	0.1941	0.0078	0.0403	-1444.731915	2.88352	True	ok
194467at33090	1		4..5	0.125	569.8	243.2	0.1941	0.0186	0.096	-1444.731915	2.88352	False	ok
194467at33090	1	a_halleri	5..1	0.03	569.8	243.2	0.1941	0.0045	0.0233	-1444.731915	2.88352	True	ok
194467at33090	1	a_thaliana	5..2	0.089	569.8	243.2	0.084	0.007	0.083	-1444.731915	2.88352	True	ok
195185at33090	2	c_grandiflora	4..3	0.093	631.1	211.9	0.0918	0.0089	0.0966	-1594.552676	1.40268	True	ok
195185at33090	2		4..5	0.13	631.1	211.9	0.0918	0.0125	0.1357	-1594.552676	1.40268	False	ok
195185at33090	2	a_halleri	5..1	0.099	631.1	211.9	0.0918	0.0095	0.1035	-1594.552676	1.40268	True	ok
195185at33090	2	a_thaliana	5..2	0.122	631.1	211.9	0.1196	0.0143	0.1195	-1594.552676	1.40268	True	ok
195354at33090	3	c_grandiflora	4..3	0.096	464.4	162.6	0.1542	0.0132	0.0856	-1144.849062	1.37344	True	ok
195354at33090	3		4..5	0.049	464.4	162.6	0.1542	0.0067	0.0438	-1144.849062	1.37344	False	ok
195354at33090	3	a_halleri	5..1	0.087	464.4	162.6	0.1542	0.0119	0.0772	-1144.849062	1.37344	True	ok
195354at33090	3	a_thaliana	5..2	0.082	464.4	162.6	0.1755	0.0124	0.0706	-1144.849062	1.37344	True	ok
195527at33090	4	c_grandiflora	4..3	0.087	942.8	317.2	0.1339	0.0111	0.0826	-2217.410058	2.23521	True	ok
195527at33090	4		4..5	0.099	942.8	317.2	0.1339	0.0126	0.0938	-2217.410058	2.23521	False	ok
195527at33090	4	a_halleri	5..1	0.036	942.8	317.2	0.1339	0.0045	0.0339	-2217.410058	2.23521	True	ok
195527at33090	4	a_thaliana	5..2	0.074	942.8	317.2	0.0814	0.0064	0.0784	-2217.410058	2.23521	True	ok
195843at33090	5	c_grandiflora	4..3	0.053	526.8	163.2	0.0941	0.0054	0.0574	-1241.782083	1.66254	True	ok
195843at33090	5		4..5	0.132	526.8	163.2	0.0941	0.0135	0.1432	-1241.782083	1.66254	False	ok
195843at33090	5	a_halleri	5..1	0.101	526.8	163.2	0.0941	0.0103	0.109	-1241.782083	1.66254	True	ok
195843at33090	5	a_thaliana	5..2	0.059	526.8	163.2	0.1827	0.0096	0.0526	-1241.782083	1.66254	True	ok
196198at33090	6	c_grandiflora	4..3	0.166	387.2	161.8	0.2197	0.0271	0.1232	-1016.455774	2.23201	True	ok
196198at33090	6		4..5	0.116	387.2	161.8	0.2197	0.0189	0.0862	-1016.455774	2.23201	False	ok
196198at33090	6	a_halleri	5..1	0.029	387.2	161.8	0.2197	0.0047	0.0215	-1016.455774	2.23201	True	ok
196198at33090	6	a_thaliana	5..2	0.059	387.2	161.8	0.1629	0.0078	0.0478	-1016.455774	2.23201	True	ok
196324at33090	7	c_grandiflora	4..3	0.12	639.9	182.1	0.2146	0.0221	0.103	-1628.909675	1.8987	True	ok
196324at33090	7		4..5	0.15	639.9	182.1	0.2146	0.0276	0.1288	-1628.909675	1.8987	False	ok
196324at33090	7	a_halleri	5..1	0.078	639.9	182.1	0.2146	0.0144	0.0673	-1628.909675	1.8987	True	ok
196324at33090	7	a_thaliana	5..2	0.147	639.9	182.1	0.1276	0.0194	0.1523	-1628.909675	1.8987	True	ok
196325at33090	8	c_grandiflora	4..3	0.064	762.0	267.0	0.0881	0.0058	0.0661	-1833.544933	1.87537	True	ok
196325at33090	8		4..5	0.109	762.0	267.0	0.0881	0.0098	0.1116	-1833.544933	1.87537	False	ok
196325at33090	8	a_halleri	5..1	0.082	762.0	267.0	0.0881	0.0075	0.0846	-1833.544933	1.87537	True	ok
196325at33090	8	a_thaliana	5..2	0.06	762.0	267.0	0.2086	0.01	0.0481	-1833.544933	1.87537	True	ok
196410at33090	9	c_grandiflora	4..3	0.141	525.5	137.5	0.0772	0.0135	0.1746	-1345.161117	1.24351	True	ok
196410at33090	9		4..5	0.109	525.5	137.5	0.0772	0.0104	0.1351	-1345.161117	1.24351	False	ok
196410at33090	9	a_halleri	5..1	0.059	525.5	137.5	0.0772	0.0057	0.0733	-1345.161117	1.24351	True	ok
196410at33090	9	a_thaliana	5..2	0.296	525.5	137.5	0.217	0.0565	0.2603	-1345.161117	1.24351	True	ok
196443at33090	10	c_grandiflora	4..3	0.077	471.0	192.0	0.2189	0.0126	0.0577	-1192.408366	3.49523	True	ok
196443at33090	10		4..5	0.062	471.0	192.0	0.2189	0.0101	0.0463	-1192.408366	3.49523	False	ok
196443at33090	10	a_halleri	5..1	0.072	471.0	192.0	0.2189	0.0118	0.0539	-1192.408366	3.49523	True	ok
196443at33090	10	a_thaliana	5..2	0.079	471.0	192.0	0.2538	0.0141	0.0557	-1192.408366	3.49523	True	ok
196490at33090	11	c_grandiflora	4..3	0.104	771.1	281.9	0.2191	0.0178	0.0813	-1960.971426	1.8346	True	ok
196490at33090	11		4..5	0.071	771.1	281.9	0.2191	0.0121	0.0552	-1960.971426	1.8346	False	ok
196490at33090	11	a_halleri	5..1	0.076	771.1	281.9	0.2191	0.013	0.0595	-1960.971426	1.8346	True	ok
196490at33090	11	a_thaliana	5..2	0.082	771.1	281.9	0.1887	0.0127	0.0675	-1960.971426	1.8346	True	ok
196512at33090	12	c_grandiflora	4..3	0.115	1112.5	348.5	0.0758	0.0098	0.1294	-2733.486584	2.21305	True	ok
196512at33090	12		4..5	0.098	1112.5	348.5	0.0758	0.0084	0.1105	-2733.486584	2.21305	False	ok
196512at33090	12	a_halleri	5..1	0.089	1112.5	348.5	0.0758	0.0076	0.1006	-2733.486584	2.21305	True	ok
196512at33090	12	a_thaliana	5..2	0.109	1112.5	348.5	0.1188	0.0131	0.1103	-2733.486584	2.21305	True	ok
196850at33090	13	c_grandiflora	4..3	0.112	479.1	165.9	0.1031	0.0115	0.1118	-1162.207928	1.40322	True	ok
196850at33090	13		4..5	0.045	479.1	165.9	0.1031	0.0046	0.0446	-1162.207928	1.40322	False	ok
196850at33090	13	a_halleri	5..1	0.028	479.1	165.9	0.1031	0.0029	0.0282	-1162.207928	1.40322	True	ok
196850at33090	13	a_thaliana	5..2	0.139	479.1	165.9	0.1738	0.0208	0.1196	-1162.207928	1.40322	True	ok
196873at33090	14	c_grandiflora	4..3	0.148	418.8	151.2	0.3213	0.0316	0.0983	-1084.474005	1.79217	True	ok
196873at33090	14		4..5	0.147	418.8	151.2	0.3213	0.0314	0.0977	-1084.474005	1.79217	False	ok
196873at33090	14	a_halleri	5..1	0.081	418.8	151.2	0.3213	0.0174	0.0541	-1084.474005	1.79217	True	ok
196873at33090	14	a_thaliana	5..2	0.02	418.8	151.2	0.4277	0.0048	0.0113	-1084.474005	1.79217	True	ok
196991at33090	15	c_grandiflora	4..3	0.167	647.7	147.3	0.0996	0.0208	0.2094	-1425.46926	0.91024	True	ok
196991at33090	15		4..5	0.101	647.7	147.3	0.0996	0.0126	0.1268	-1425.46926	0.91024	False	ok
196991at33090	15	a_halleri	5..1	0.029	647.7	147.3	0.0996	0.0036	0.0362	-1425.46926	0.91024	True	ok
196991at33090	15	a_thaliana	5..2	0.102	647.7	147.3	0.0834	0.0112	0.1341	-1425.46926	0.91024	True	ok
197780at33090	16	c_grandiflora	4..3	0.142	779.9	261.1	0.1874	0.0227	0.1209	-2019.789307	1.55561	True	ok
197780at33090	16		4..5	0.106	779.9	261.1	0.1874	0.0169	0.0903	-2019.789307	1.55561	False	ok
197780at33090	16	a_halleri	5..1	0.077	779.9	261.1	0.1874	0.0123	0.0657	-2019.789307	1.55561	True	ok
197780at33090	16	a_thaliana	5..2	0.1	779.9	261.1	0.2051	0.0168	0.082	-2019.789307	1.55561	True	ok
197838at33090	17	c_grandiflora	4..3	0.105	397.4	127.6	0.2796	0.0215	0.0769	-985.05473	1.54938	True	ok
197838at33090	17		4..5	0.128	397.4	127.6	0.2796	0.0261	0.0935	-985.05473	1.54938	False	ok
197838at33090	17	a_halleri	5..1	0.038	397.4	127.6	0.2796	0.0077	0.0276	-985.05473	1.54938	True	ok
197838at33090	17	a_thaliana	5..2	0.099	397.4	127.6	0.1755	0.0154	0.0877	-985.05473	1.54938	True	ok
198012at33090	18	c_grandiflora	4..3	0.085	335.8	123.2	0.0773	0.0068	0.0873	-815.014201	2.81189	True	ok
198012at33090	18		4..5	0.092	335.8	123.2	0.0773	0.0073	0.0944	-815.014201	2.81189	False	ok
198012at33090	18	a_halleri	5..1	0.089	335.8	123.2	0.0773	0.0071	0.0918	-815.014201	2.81189	True	ok
198012at33090	18	a_thaliana	5..2	0.104	335.8	123.2	0.0538	0.0061	0.1126	-815.014201	2.81189	True	ok
198570at33090	19	c_grandiflora	4..3	0.103	751.3	229.7	0.1122	0.0121	0.1074	-1750.941723	1.49226	True	ok
198570at33090	19		4..5	0.063	751.3	229.7	0.1122	0.0074	0.0659	-1750.941723	1.49226	False	ok
198570at33090	19	a_halleri	5..1	0.058	751.3	229.7	0.1122	0.0068	0.0604	-1750.941723	1.49226	True	ok
198570at33090	19	a_thaliana	5..2	0.07	751.3	229.7	0.2405	0.0134	0.0558	-1750.941723	1.49226	True	ok
199163at33090	20	c_grandiflora	4..3	0.102	846.6	314.4	0.2265	0.0176	0.0778	-2212.170242	2.34718	True	ok
199163at33090	20		4..5	0.08	846.6	314.4	0.2265	0.0139	0.0615	-2212.170242	2.34718	False	ok
199163at33090	20	a_halleri	5..1	0.1	846.6	314.4	0.2265	0.0173	0.0763	-2212.170242	2.34718	True	ok
199163at33090	20	a_thaliana	5..2	0.116	846.6	314.4	0.4025	0.0277	0.0688	-2212.170242	2.34718	True	ok
199618at33090	1	c_grandiflora	4..3	0.078	994.7	298.3	0.1187	0.0096	0.0804	-2454.155972	1.6591	True	ok
199618at33090	1		4..5	0.117	994.7	298.3	0.1187	0.0144	0.121	-2454.155972	1.6591	False	ok
199618at33090	1	a_halleri	5..1	0.097	994.7	298.3	0.1187	0.0119	0.1	-2454.155972	1.6591	True	ok
199618at33090	1	a_thaliana	5..2	0.121	994.7	298.3	0.0914	0.0123	0.1344	-2454.155972	1.6591	True	ok
199795at33090	2	c_grandiflora	4..3	0.055	482.2	183.8	0.2325	0.0096	0.0414	-1265.1663	2.63039	True	ok
199795at33090	2		4..5	0.106	482.2	183.8	0.2325	0.0186	0.0798	-1265.1663	2.63039	False	ok
199795at33090	2	a_halleri	5..1	0.122	482.2	183.8	0.2325	0.0212	0.0914	-1265.1663	2.63039	True	ok
199795at33090	2	a_thaliana	5..2	0.108	482.2	183.8	0.1294	0.0126	0.0972	-1265.1663	2.63039	True	ok
200316at33090	3	c_grandiflora	4..3	0.089	1032.0	360.0	0.1837	0.0139	0.0755	-2551.92856	1.91173	True	ok
200316at33090	3		4..5	0.109	1032.0	360.0	0.1837	0.0169	0.0922	-2551.92856	1.91173	False	ok
200316at33090	3	a_halleri	5..1	0.037	1032.0	360.0	0.1837	0.0057	0.0311	-2551.92856	1.91173	True	ok
200316at33090	3	a_thaliana	5..2	0.113	1032.0	360.0	0.1252	0.0134	0.1073	-2551.92856	1.91173	True	ok
200488at33090	4	c_grandiflora	4..3	0.089	968.9	306.1	0.2551	0.0174	0.0683	-2324.640577	1.50537	True	ok
200488at33090	4		4..5	0.095	968.9	306.1	0.2551	0.0186	0.0731	-2324.640577	1.50537	False	ok
200488at33090	4	a_halleri	5..1	0.076	968.9	306.1	0.2551	0.015	0.0586	-2324.640577	1.50537	True	ok
200488at33090	4	a_thaliana	5..2	0.052	968.9	306.1	0.1432	0.0072	0.0501	-2324.640577	1.50537	True	ok
200499at33090	5	c_grandiflora	4..3	0.091	853.2	310.8	0.1454	0.0118	0.0813	-2141.691989	1.61725	True	ok
200499at33090	5		4..5	0.121	853.2	310.8	0.1454	0.0157	0.1077	-2141.691989	1.61725	False	ok
200499at33090	5	a_halleri	5..1	0.048	853.2	310.8	0.1454	0.0062	0.0425	-2141.691989	1.61725	True	ok
200499at33090	5	a_thaliana	5..2	0.107	853.2	310.8	0.1025	0.0107	0.1046	-2141.691989	1.61725	True	ok
200687at33090	6	c_grandiflora	4..3	0.08	536.1	171.9	0.0716	0.0064	0.0894	-1338.926311	1.48211	True	ok
200687at33090	6		4..5	0.148	536.1	171.9	0.0716	0.0119	0.1665	-1338.926311	1.48211	False	ok
200687at33090	6	a_halleri	5..1	0.059	536.1	171.9	0.0716	0.0047	0.066	-1338.926311	1.48211	True	ok
200687at33090	6	a_thaliana	5..2	0.183	536.1	171.9	0.0722	0.0148	0.2055	-1338.926311	1.48211	True	ok
201861at33090	7	c_grandiflora	4..3	0.084	481.4	178.6	0.0442	0.0041	0.0929	-1105.931525	2.51	True	ok
201861at33090	7		4..5	0.071	481.4	178.6	0.0442	0.0035	0.0785	-1105.931525	2.51	False	ok
201861at33090	7	a_halleri	5..1	0.025	481.4	178.6	0.0442	0.0012	0.0272	-1105.931525	2.51	True	ok
201861at33090	7	a_thaliana	5..2	0.071	481.4	178.6	0.1196	0.0079	0.0658	-1105.931525	2.51	True	ok
203023at33090	8	c_grandiflora	4..3	0.136	427.0	137.0	0.0945	0.0136	0.144	-1064.602558	1.70877	True	ok
203023at33090	8		4..5	0.119	427.0	137.0	0.0945	0.0119	0.1258	-1064.602558	1.70877	False	ok
203023at33090	8	a_halleri	5..1	0.115	427.0	137.0	0.0945	0.0116	0.1223	-1064.602558	1.70877	True	ok
203023at33090	8	a_thaliana	5..2	0.079	427.0	137.0	0.1416	0.0106	0.0752	-1064.602558	1.70877	True	ok
203383at33090	9	c_grandiflora	4..3	0.087	823.4	232.6	0.1059	0.0101	0.0956	-1999.395783	1.43798	True	ok
203383at33090	9		4..5	0.154	823.4	232.6	0.1059	0.0179	0.1691	-1999.395783	1.43798	False	ok
203383at33090	9	a_halleri	5..1	0.052	823.4	232.6	0.1059	0.0061	0.0577	-1999.395783	1.43798	True	ok
203383at33090	9	a_thaliana	5..2	0.124	823.4	232.6	0.1472	0.0182	0.1237	-1999.395783	1.43798	True	ok
203818at33090	10	c_grandiflora	4..3	0.129	427.6	145.4	0.1188	0.015	0.1259	-1021.617911	1.93566	True	ok
203818at33090	10		4..5	0.091	427.6	145.4	0.1188	0.0105	0.0881	-1021.617911	1.93566	False	ok
203818at33090	10	a_halleri	5..1	0.027	427.6	145.4	0.1188	0.0031	0.0264	-1021.617911	1.93566	True	ok
203818at33090	10	a_thaliana	5..2	0.077	427.6	145.4	0.0879	0.0071	0.0803	-1021.617911	1.93566	True	ok
204117at33090	11	c_grandiflora	4..3	0.089	718.6	235.4	0.2938	0.0187	0.0635	-1960.596928	1.1898	True	ok
204117at33090	11		4..5	0.115	718.6	235.4	0.2938	0.0241	0.0821	-1960.596928	1.1898	False	ok
204117at33090	11	a_halleri	5..1	0.182	718.6	235.4	0.2938	0.0381	0.1297	-1960.596928	1.1898	True	ok
204117at33090	11	a_thaliana	5..2	0.129	718.6	235.4	0.1029	0.0137	0.1327	-1960.596928	1.1898	True	ok
204880at33090	12	c_grandiflora	4..3	0.1	609.2	230.8	0.1799	0.0148	0.0824	-1560.827723	2.47415	True	ok
204880at33090	12		4..5	0.111	609.2	230.8	0.1799	0.0164	0.0913	-1560.827723	2.47415	False	ok
204880at33090	12	a_halleri	5..1	0.068	609.2	230.8	0.1799	0.0101	0.0559	-1560.827723	2.47415	True	ok
204880at33090	12	a_thaliana	5..2	0.101	609.2	230.8	0.149	0.0131	0.088	-1560.827723	2.47415	True	ok
205308at33090	13	c_grandiflora	4..3	0.085	636.0	186.0	0.1438	0.012	0.0838	-1505.143823	1.51411	True	ok
205308at33090	13		4..5	0.113	636.0	186.0	0.1438	0.0161	0.1117	-1505.143823	1.51411	False	ok
205308at33090	13	a_halleri	5..1	0.041	636.0	186.0	0.1438	0.0059	0.0409	-1505.143823	1.51411	True	ok
205308at33090	13	a_thaliana	5..2	0.106	636.0	186.0	0.2542	0.0212	0.0832	-1505.143823	1.51411	True	ok
206164at33090	14	c_grandiflora	4..3	0.094	394.0	149.0	0.053	0.0053	0.1001	-917.044891	2.05782	True	ok
206164at33090	14		4..5	0.021	394.0	149.0	0.053	0.0012	0.0225	-917.044891	2.05782	False	ok
206164at33090	14	a_halleri	5..1	0.064	394.0	149.0	0.053	0.0036	0.0677	-917.044891	2.05782	True	ok
206164at33090	14	a_thaliana	5..2	0.071	394.0	149.0	0.0693	0.005	0.0726	-917.044891	2.05782	True	ok
206170at33090	15	c_grandiflora	4..3	0.106	514.5	181.5	0.1128	0.0115	0.1022	-1288.31834	1.63402	True	ok
206170at33090	15		4..5	0.074	514.5	181.5	0.1128	0.0081	0.0715	-1288.31834	1.63402	False	ok
206170at33090	15	a_halleri	5..1	0.071	514.5	181.5	0.1128	0.0078	0.069	-1288.31834	1.63402	True	ok
206170at33090	15	a_thaliana	5..2	0.132	514.5	181.5	0.0864	0.0117	0.1354	-1288.31834	1.63402	True	ok
207179at33090	16	c_grandiflora	4..3	0.095	859.7	286.3	0.0704	0.0074	0.1046	-2348.253629	1.38232	True	ok
207179at33090	16		4..5	0.067	859.7	286.3	0.0704	0.0052	0.0737	-2348.253629	1.38232	False	ok
207179at33090	16	a_halleri	5..1	0.035	859.7	286.3	0.0704	0.0027	0.039	-2348.253629	1.38232	True	ok
207179at33090	16	a_thaliana	5..2	0.372	859.7	286.3	0.3559	0.0853	0.2397	-2348.253629	1.38232	True	ok
208706at33090	17	c_grandiflora	4..3	0.095	624.9	191.1	0.1057	0.0106	0.1004	-1472.62653	1.12887	True	ok
208706at33090	17		4..5	0.093	624.9	191.1	0.1057	0.0104	0.098	-1472.62653	1.12887	False	ok
208706at33090	17	a_halleri	5..1	0.061	624.9	191.1	0.1057	0.0068	0.0646	-1472.62653	1.12887	True	ok
208706at33090	17	a_thaliana	5..2	0.07	624.9	191.1	0.1814	0.0114	0.0627	-1472.62653	1.12887	True	ok
208707at33090	18	c_grandiflora	4..3	0.153	315.0	114.0	0.2835	0.0306	0.1079	-870.96159	1.9099	True	ok
208707at33090	18		4..5	0.147	315.0	114.0	0.2835	0.0292	0.1031	-870.96159	1.9099	False	ok
208707at33090	18	a_halleri	5..1	0.102	315.0	114.0	0.2835	0.0203	0.0715	-870.96159	1.9099	True	ok
208707at33090	18	a_thaliana	5..2	0.124	315.0	114.0	0.0724	0.0094	0.1295	-870.96159	1.9099	True	ok
208849at33090	19	c_grandiflora	4..3	0.081	253.4	82.6	0.1131	0.0092	0.0811	-637.823036	1.28693	True	ok
208849at33090	19		4..5	0.131	253.4	82.6	0.1131	0.0149	0.1314	-637.823036	1.28693	False	ok
208849at33090	19	a_halleri	5..1	0.07	253.4	82.6	0.1131	0.008	0.0703	-637.823036	1.28693	True	ok
208849at33090	19	a_thaliana	5..2	0.108	253.4	82.6	0.162	0.0159	0.0982	-637.823036	1.28693	True	ok
209015at33090	20	c_grandiflora	4..3	0.122	588.6	173.4	0.076	0.0108	0.1424	-1351.02793	1.62138	True	ok
209015at33090	20		4..5	0.077	588.6	173.4	0.076	0.0068	0.0898	-1351.02793	1.62138	False	ok
209015at33090	20	a_halleri	5..1	0.048	588.6	173.4	0.076	0.0042	0.0559	-1351.02793	1.62138	True	ok
209015at33090	20	a_thaliana	5..2	0.1	588.6	173.4	0.0667	0.008	0.1194	-1351.02793	1.62138	True	ok
209301at33090	1	c_grandiflora	4..3	0.129	816.5	263.5	0.213	0.0225	0.1058	-1998.518953	1.54358	True	ok
209301at33090	1		4..5	0.09	816.5	263.5	0.213	0.0159	0.0745	-1998.518953	1.54358	False	ok
209301at33090	1	a_halleri	5..1	0.066	816.5	263.5	0.213	0.0116	0.0546	-1998.518953	1.54358	True	ok
209301at33090	1	a_thaliana	5..2	0.064	816.5	263.5	0.2653	0.0128	0.0481	-1998.518953	1.54358	True	ok
209302at33090	2	c_grandiflora	4..3	0.171	588.8	215.2	0.3089	0.0356	0.1152	-1559.619946	1.96634	True	ok
209302at33090	2		4..5	0.11	588.8	215.2	0.3089	0.0229	0.074	-1559.619946	1.96634	False	ok
209302at33090	2	a_halleri	5..1	0.079	588.8	215.2	0.3089	0.0165	0.0535	-1559.619946	1.96634	True	ok
209302at33090	2	a_thaliana	5..2	0.07	588.8	215.2	0.1119	0.0075	0.0671	-1559.619946	1.96634	True	ok
209516at33090	3	c_grandiflora	4..3	0.103	562.4	163.6	0.1133	0.0124	0.1094	-1281.857051	1.00757	True	ok
209516at33090	3		4..5	0.064	562.4	163.6	0.1133	0.0077	0.068	-1281.857051	1.00757	False	ok
209516at33090	3	a_halleri	5..1	0.048	562.4	163.6	0.1133	0.0058	0.0516	-1281.857051	1.00757	True	ok
209516at33090	3	a_thaliana	5..2	0.066	562.4	163.6	0.1198	0.0083	0.0692	-1281.857051	1.00757	True	ok
210493at33090	4	c_grandiflora	4..3	0.106	348.2	71.8	0.0312	0.0056	0.1787	-712.281443	0.62056	True	ok
210493at33090	4		4..5	0.092	348.2	71.8	0.0312	0.0048	0.1553	-712.281443	0.62056	False	ok
210493at33090	4	a_halleri	5..1	0.021	348.2	71.8	0.0312	0.0011	0.0355	-712.281443	0.62056	True	ok
210493at33090	4	a_thaliana	5..2	0.112	348.2	71.8	0.0303	0.0058	0.1899	-712.281443	0.62056	True	ok
210551at33090	5	c_grandiflora	4..3	0.102	566.7	189.3	0.1386	0.0133	0.0958	-1368.952679	1.84031	True	ok
210551at33090	5		4..5	0.088	566.7	189.3	0.1386	0.0114	0.0825	-1368.952679	1.84031	False	ok
210551at33090	5	a_halleri	5..1	0.052	566.7	189.3	0.1386	0.0068	0.0488	-1368.952679	1.84031	True	ok
210551at33090	5	a_thaliana	5..2	0.09	566.7	189.3	0.1431	0.0121	0.0842	-1368.952679	1.84031	True	ok
210851at33090	6	c_grandiflora	4..3	0.138	432.6	152.4	0.1322	0.0169	0.1279	-1101.934158	3.6284	True	ok
210851at33090	6		4..5	0.159	432.6	152.4	0.1322	0.0195	0.1478	-1101.934158	3.6284	False	ok
210851at33090	6	a_halleri	5..1	0.095	432.6	152.4	0.1322	0.0116	0.088	-1101.934158	3.6284	True	ok
210851at33090	6	a_thaliana	5..2	0.064	432.6	152.4	0.1639	0.0091	0.0556	-1101.934158	3.6284	True	ok
21163at33090	7	c_grandiflora	4..3	0.103	2195.1	678.9	0.2369	0.0195	0.0823	-5194.417934	1.60723	True	ok
21163at33090	7		4..5	0.047	2195.1	678.9	0.2369	0.0088	0.0373	-5194.417934	1.60723	False	ok
21163at33090	7	a_halleri	5..1	0.067	2195.1	678.9	0.2369	0.0126	0.0533	-5194.417934	1.60723	True	ok
21163at33090	7	a_thaliana	5..2	0.085	2195.1	678.9	0.1812	0.0136	0.0753	-5194.417934	1.60723	True	ok
211645at33090	8	c_grandiflora	4..3	0.102	453.8	134.2	0.0951	0.0108	0.1132	-1044.446799	2.18332	True	ok
211645at33090	8		4..5	0.123	453.8	134.2	0.0951	0.0129	0.1358	-1044.446799	2.18332	False	ok
211645at33090	8	a_halleri	5..1	0.053	453.8	134.2	0.0951	0.0056	0.059	-1044.446799	2.18332	True	ok
211645at33090	8	a_thaliana	5..2	0.064	453.8	134.2	0.0983	0.0069	0.0701	-1044.446799	2.18332	True	ok
212331at33090	9	c_grandiflora	4..3	0.103	793.7	319.3	0.1013	0.0097	0.0955	-1976.430962	2.4413	True	ok
212331at33090	9		4..5	0.089	793.7	319.3	0.1013	0.0083	0.0824	-1976.430962	2.4413	False	ok
212331at33090	9	a_halleri	5..1	0.068	793.7	319.3	0.1013	0.0064	0.0633	-1976.430962	2.4413	True	ok
212331at33090	9	a_thaliana	5..2	0.066	793.7	319.3	0.0784	0.005	0.0643	-1976.430962	2.4413	True	ok
212845at33090	10	c_grandiflora	4..3	0.126	597.2	239.8	0.1062	0.0123	0.116	-1645.445973	2.61665	True	ok
212845at33090	10		4..5	0.143	597.2	239.8	0.1062	0.0139	0.1313	-1645.445973	2.61665	False	ok
212845at33090	10	a_halleri	5..1	0.097	597.2	239.8	0.1062	0.0095	0.0893	-1645.445973	2.61665	True	ok
212845at33090	10	a_thaliana	5..2	0.121	597.2	239.8	0.2511	0.0218	0.0866	-1645.445973	2.61665	True	ok
213827at33090	11	c_grandiflora	4..3	0.111	483.7	185.3	0.1667	0.0155	0.0931	-1298.933934	2.12394	True	ok
213827at33090	11		4..5	0.144	483.7	185.3	0.1667	0.0201	0.1208	-1298.933934	2.12394	False	ok
213827at33090	11	a_halleri	5..1	0.088	483.7	185.3	0.1667	0.0123	0.074	-1298.933934	2.12394	True	ok
213827at33090	11	a_thaliana	5..2	0.11	483.7	185.3	0.1725	0.0158	0.0915	-1298.933934	2.12394	True	ok
213828at33090	12	c_grandiflora	4..3	0.173	415.4	169.6	0.1126	0.0175	0.1554	-1115.534647	2.271	True	ok
213828at33090	12		4..5	0.097	415.4	169.6	0.1126	0.0098	0.0873	-1115.534647	2.271	False	ok
213828at33090	12	a_halleri	5..1	0.078	415.4	169.6	0.1126	0.0079	0.07	-1115.534647	2.271	True	ok
213828at33090	12	a_thaliana	5..2	0.124	415.4	169.6	0.0377	0.0049	0.1306	-1115.534647	2.271	True	ok
214313at33090	13	c_grandiflora	4..3	0.129	424.1	91.9	0.1255	0.0192	0.1531	-1001.007596	1.22835	True	ok
214313at33090	13		4..5	0.129	424.1	91.9	0.1255	0.0192	0.1532	-1001.007596	1.22835	False	ok
214313at33090	13	a_halleri	5..1	0.133	424.1	91.9	0.1255	0.0199	0.1582	-1001.007596	1.22835	True	ok
214313at33090	13	a_thaliana	5..2	0.09	424.1	91.9	0.2489	0.0195	0.0784	-1001.007596	1.22835	True	ok
215062at33090	14	c_grandiflora	4..3	0.126	492.0	162.0	0.1435	0.0169	0.1178	-1253.043276	1.59909	True	ok
215062at33090	14		4..5	0.091	492.0	162.0	0.1435	0.0122	0.0849	-1253.043276	1.59909	False	ok
215062at33090	14	a_halleri	5..1	0.137	492.0	162.0	0.1435	0.0184	0.128	-1253.043276	1.59909	True	ok
215062at33090	14	a_thaliana	5..2	0.094	492.0	162.0	0.2763	0.019	0.0687	-1253.043276	1.59909	True	ok
215487at33090	15	c_grandiflora	4..3	0.126	294.3	113.7	0.105	0.0124	0.1182	-817.609904	1.74415	True	ok
215487at33090	15		4..5	0.146	294.3	113.7	0.105	0.0144	0.1376	-817.609904	1.74415	False	ok
215487at33090	15	a_halleri	5..1	0.117	294.3	113.7	0.105	0.0115	0.1096	-817.609904	1.74415	True	ok
215487at33090	15	a_thaliana	5..2	0.143	294.3	113.7	0.6659	0.0418	0.0627	-817.609904	1.74415	True	ok
215817at33090	16	c_grandiflora	4..3	0.114	864.7	281.3	0.0789	0.0099	0.125	-2037.388563	1.43376	True	ok
215817at33090	16		4..5	0.105	864.7	281.3	0.0789	0.0091	0.1152	-2037.388563	1.43376	False	ok
215817at33090	16	a_halleri	5..1	0.038	864.7	281.3	0.0789	0.0033	0.0418	-2037.388563	1.43376	True	ok
215817at33090	16	a_thaliana	5..2	0.085	864.7	281.3	0.1089	0.0095	0.087	-2037.388563	1.43376	True	ok
216228at33090	17	c_grandiflora	4..3	0.092	551.6	204.4	0.1119	0.0097	0.0871	-1380.560703	1.72203	True	ok
216228at33090	17		4..5	0.065	551.6	204.4	0.1119	0.0069	0.0615	-1380.560703	1.72203	False	ok
216228at33090	17	a_halleri	5..1	0.09	551.6	204.4	0.1119	0.0096	0.0857	-1380.560703	1.72203	True	ok
216228at33090	17	a_thaliana	5..2	0.089	551.6	204.4	0.1641	0.0125	0.0763	-1380.560703	1.72203	True	ok
216601at33090	18	c_grandiflora	4..3	0.139	459.2	134.8	0.1465	0.0199	0.1359	-1108.577131	1.90862	True	ok
216601at33090	18		4..5	0.051	459.2	134.8	0.1465	0.0073	0.05	-1108.577131	1.90862	False	ok
216601at33090	18	a_halleri	5..1	0.08	459.2	134.8	0.1465	0.0114	0.078	-1108.577131	1.90862	True	ok
216601at33090	18	a_thaliana	5..2	0.092	459.2	134.8	0.2341	0.0177	0.0755	-1108.577131	1.90862	True	ok
217014at33090	19	c_grandiflora	4..3	0.136	651.6	236.4	0.2062	0.0224	0.1088	-1780.942815	2.24992	True	ok
217014at33090	19		4..5	0.141	651.6	236.4	0.2062	0.0231	0.1122	-1780.942815	2.24992	False	ok
217014at33090	19	a_halleri	5..1	0.09	651.6	236.4	0.2062	0.0148	0.0718	-1780.942815	2.24992	True	ok
217014at33090	19	a_thaliana	5..2	0.121	651.6	236.4	0.2884	0.0244	0.0845	-1780.942815	2.24992	True	ok
21751at33090	20	c_grandiflora	4..3	0.062	2308.1	892.9	0.1723	0.0088	0.0509	-5460.738317	3.04573	True	ok
21751at33090	20		4..5	0.081	2308.1	892.9	0.1723	0.0116	0.0672	-5460.738317	3.04573	False	ok
21751at33090	20	a_halleri	5..1	0.043	2308.1	892.9	0.1723	0.0062	0.0357	-5460.738317	3.04573	True	ok
21751at33090	20	a_thaliana	5..2	0.05	2308.1	892.9	0.1441	0.0063	0.0437	-5460.738317	3.04573	True	ok
21857at33090	1	c_grandiflora	4..3	0.139	1660.7	550.3	0.1573	0.0199	0.1266	-4015.900863	2.31188	True	ok
21857at33090	1		4..5	0.068	1660.7	550.3	0.1573	0.0098	0.0622	-4015.900863	2.31188	False	ok
21857at33090	1	a_halleri	5..1	0.059	1660.7	550.3	0.1573	0.0085	0.0538	-4015.900863	2.31188	True	ok
21857at33090	1	a_thaliana	5..2	0.071	1660.7	550.3	0.1803	0.011	0.0612	-4015.900863	2.31188	True	ok
218947at33090	2	c_grandiflora	4..3	0.096	272.8	84.2	0.075	0.0082	0.1095	-639.882655	2.23963	True	ok
218947at33090	2		4..5	0.172	272.8	84.2	0.075	0.0147	0.1954	-639.882655	2.23963	False	ok
218947at33090	2	a_halleri	5..1	0.088	272.8	84.2	0.075	0.0075	0.0998	-639.882655	2.23963	True	ok
218947at33090	2	a_thaliana	5..2	0.067	272.8	84.2	0.0452	0.0037	0.0825	-639.882655	2.23963	True	ok
219128at33090	3	c_grandiflora	4..3	0.115	252.9	89.1	0.0893	0.0105	0.1178	-649.542978	2.66062	True	ok
219128at33090	3		4..5	0.134	252.9	89.1	0.0893	0.0122	0.1368	-649.542978	2.66062	False	ok
219128at33090	3	a_halleri	5..1	0.068	252.9	89.1	0.0893	0.0062	0.069	-649.542978	2.66062	True	ok
219128at33090	3	a_thaliana	5..2	0.119	252.9	89.1	0.2132	0.0203	0.095	-649.542978	2.66062	True	ok
219839at33090	4	c_grandiflora	4..3	0.051	378.1	131.9	0.0815	0.0043	0.053	-879.793851	1.79105	True	ok
219839at33090	4		4..5	0.089	378.1	131.9	0.0815	0.0076	0.0931	-879.793851	1.79105	False	ok
219839at33090	4	a_halleri	5..1	0.049	378.1	131.9	0.0815	0.0042	0.0515	-879.793851	1.79105	True	ok
219839at33090	4	a_thaliana	5..2	0.067	378.1	131.9	0.0001	0.0	0.0861	-879.793851	1.79105	True	omega_boundary
220316at33090	5	c_grandiflora	4..3	0.122	561.2	194.8	0.2101	0.0206	0.0979	-1418.88246	2.08815	True	ok
220316at33090	5		4..5	0.077	561.2	194.8	0.2101	0.013	0.0617	-1418.88246	2.08815	False	ok
220316at33090	5	a_halleri	5..1	0.077	561.2	194.8	0.2101	0.0131	0.0624	-1418.88246	2.08815	True	ok
220316at33090	5	a_thaliana	5..2	0.09	561.2	194.8	0.1572	0.0125	0.0798	-1418.88246	2.08815	True	ok
220587at33090	6	c_grandiflora	4..3	0.094	632.9	207.1	0.2195	0.0167	0.076	-1570.001426	1.82854	True	ok
220587at33090	6		4..5	0.136	632.9	207.1	0.2195	0.0242	0.1101	-1570.001426	1.82854	False	ok
220587at33090	6	a_halleri	5..1	0.079	632.9	207.1	0.2195	0.014	0.0636	-1570.001426	1.82854	True	ok
220587at33090	6	a_thaliana	5..2	0.066	632.9	207.1	0.0993	0.0068	0.0685	-1570.001426	1.82854	True	ok
220589at33090	7	c_grandiflora	4..3	0.093	1082.8	375.2	0.2286	0.0166	0.0728	-2895.242366	2.62659	True	ok
220589at33090	7		4..5	0.158	1082.8	375.2	0.2286	0.0281	0.1231	-2895.242366	2.62659	False	ok
220589at33090	7	a_halleri	5..1	0.087	1082.8	375.2	0.2286	0.0155	0.0677	-2895.242366	2.62659	True	ok
220589at33090	7	a_thaliana	5..2	0.127	1082.8	375.2	0.3469	0.0284	0.0819	-2895.242366	2.62659	True	ok
22109at33090	8	c_grandiflora	4..3	0.091	1591.4	553.6	0.1141	0.0101	0.0885	-3940.112494	2.18872	True	ok
22109at33090	8		4..5	0.132	1591.4	553.6	0.1141	0.0147	0.1289	-3940.112494	2.18872	False	ok
22109at33090	8	a_halleri	5..1	0.071	1591.4	553.6	0.1141	0.0079	0.0693	-3940.112494	2.18872	True	ok
22109at33090	8	a_thaliana	5..2	0.081	1591.4	553.6	0.1255	0.0096	0.0765	-3940.112494	2.18872	True	ok
223902at33090	9	c_grandiflora	4..3	0.122	326.5	111.5	0.1117	0.0134	0.1201	-792.87535	2.71001	True	ok
223902at33090	9		4..5	0.158	326.5	111.5	0.1117	0.0174	0.1555	-792.87535	2.71001	False	ok
223902at33090	9	a_halleri	5..1	0.097	326.5	111.5	0.1117	0.0107	0.0959	-792.87535	2.71001	True	ok
223902at33090	9	a_thaliana	5..2	0.053	326.5	111.5	0.1169	0.0061	0.0518	-792.87535	2.71001	True	ok
225336at33090	10	c_grandiflora	4..3	0.152	483.5	182.5	0.2102	0.025	0.119	-1314.525632	1.65634	True	ok
225336at33090	10		4..5	0.119	483.5	182.5	0.2102	0.0195	0.0928	-1314.525632	1.65634	False	ok
225336at33090	10	a_halleri	5..1	0.048	483.5	182.5	0.2102	0.0079	0.0377	-1314.525632	1.65634	True	ok
225336at33090	10	a_thaliana	5..2	0.133	483.5	182.5	0.1778	0.0195	0.1097	-1314.525632	1.65634	True	ok
22618at33090	11	c_grandiflora	4..3	0.093	1797.7	629.3	0.2213	0.0163	0.0736	-4262.250959	2.65448	True	ok
22618at33090	11		4..5	0.04	1797.7	629.3	0.2213	0.007	0.0314	-4262.250959	2.65448	False	ok
22618at33090	11	a_halleri	5..1	0.041	1797.7	629.3	0.2213	0.0072	0.0324	-4262.250959	2.65448	True	ok
22618at33090	11	a_thaliana	5..2	0.088	1797.7	629.3	0.1679	0.0128	0.0762	-4262.250959	2.65448	True	ok
227848at33090	12	c_grandiflora	4..3	0.07	571.3	184.7	0.1625	0.0103	0.0633	-1321.281522	1.46564	True	ok
227848at33090	12		4..5	0.117	571.3	184.7	0.1625	0.0173	0.1066	-1321.281522	1.46564	False	ok
227848at33090	12	a_halleri	5..1	0.08	571.3	184.7	0.1625	0.0119	0.073	-1321.281522	1.46564	True	ok
227848at33090	12	a_thaliana	5..2	0.046	571.3	184.7	0.2666	0.0091	0.0342	-1321.281522	1.46564	True	ok
228201at33090	13	c_grandiflora	4..3	0.036	738.4	269.6	0.2295	0.0063	0.0273	-1921.716397	1.73865	True	ok
228201at33090	13		4..5	0.123	738.4	269.6	0.2295	0.0215	0.0938	-1921.716397	1.73865	False	ok
228201at33090	13	a_halleri	5..1	0.074	738.4	269.6	0.2295	0.0129	0.0563	-1921.716397	1.73865	True	ok
228201at33090	13	a_thaliana	5..2	0.158	738.4	269.6	0.2116	0.0264	0.125	-1921.716397	1.73865	True	ok
22958at33090	14	c_grandiflora	4..3	0.058	2049.8	680.2	0.103	0.0061	0.0588	-4635.000948	1.7242	True	ok
22958at33090	14		4..5	0.099	2049.8	680.2	0.103	0.0104	0.1006	-4635.000948	1.7242	False	ok
22958at33090	14	a_halleri	5..1	0.05	2049.8	680.2	0.103	0.0052	0.0507	-4635.000948	1.7242	True	ok
22958at33090	14	a_thaliana	5..2	0.044	2049.8	680.2	0.1772	0.0068	0.0385	-4635.000948	1.7242	True	ok
229764at33090	15	c_grandiflora	4..3	0.088	841.8	301.2	0.1247	0.0103	0.083	-2089.854177	1.77956	True	ok
229764at33090	15		4..5	0.073	841.8	301.2	0.1247	0.0085	0.0682	-2089.854177	1.77956	False	ok
229764at33090	15	a_halleri	5..1	0.079	841.8	301.2	0.1247	0.0093	0.0743	-2089.854177	1.77956	True	ok
229764at33090	15	a_thaliana	5..2	0.091	841.8	301.2	0.1492	0.0122	0.0816	-2089.854177	1.77956	True	ok
229778at33090	16	c_grandiflora	4..3	0.161	383.0	166.0	0.2007	0.0243	0.1213	-1116.041566	2.16028	True	ok
229778at33090	16		4..5	0.213	383.0	166.0	0.2007	0.0322	0.1607	-1116.041566	2.16028	False	ok
229778at33090	16	a_halleri	5..1	0.072	383.0	166.0	0.2007	0.0109	0.0545	-1116.041566	2.16028	True	ok
229778at33090	16	a_thaliana	5..2	0.126	383.0	166.0	0.1822	0.0178	0.0979	-1116.041566	2.16028	True	ok
229782at33090	17	c_grandiflora	4..3	0.184	369.7	125.3	0.4613	0.0475	0.1029	-1074.305804	1.80024	True	ok
229782at33090	17		4..5	0.214	369.7	125.3	0.4613	0.0551	0.1194	-1074.305804	1.80024	False	ok
229782at33090	17	a_halleri	5..1	0.122	369.7	125.3	0.4613	0.0315	0.0683	-1074.305804	1.80024	True	ok
229782at33090	17	a_thaliana	5..2	0.103	369.7	125.3	0.5688	0.0288	0.0506	-1074.305804	1.80024	True	ok
230103at33090	18	c_grandiflora	4..3	0.112	1070.0	361.0	0.1006	0.0115	0.1139	-2546.600418	1.60192	True	ok
230103at33090	18		4..5	0.076	1070.0	361.0	0.1006	0.0077	0.0769	-2546.600418	1.60192	False	ok
230103at33090	18	a_halleri	5..1	0.047	1070.0	361.0	0.1006	0.0048	0.0476	-2546.600418	1.60192	True	ok
230103at33090	18	a_thaliana	5..2	0.065	1070.0	361.0	0.2781	0.013	0.0468	-2546.600418	1.60192	True	ok
231151at33090	19	c_grandiflora	4..3	0.083	699.2	230.8	0.262	0.0162	0.0618	-1666.446423	2.31261	True	ok
231151at33090	19		4..5	0.085	699.2	230.8	0.262	0.0166	0.0634	-1666.446423	2.31261	False	ok
231151at33090	19	a_halleri	5..1	0.054	699.2	230.8	0.262	0.0106	0.0406	-1666.446423	2.31261	True	ok
231151at33090	19	a_thaliana	5..2	0.079	699.2	230.8	0.2216	0.0141	0.0636	-1666.446423	2.31261	True	ok
231707at33090	20	c_grandiflora	4..3	0.119	607.3	208.7	0.1636	0.0172	0.1049	-1482.357324	1.80425	True	ok
231707at33090	20		4..5	0.076	607.3	208.7	0.1636	0.0109	0.0669	-1482.357324	1.80425	False	ok
231707at33090	20	a_halleri	5..1	0.064	607.3	208.7	0.1636	0.0093	0.0568	-1482.357324	1.80425	True	ok
231707at33090	20	a_thaliana	5..2	0.083	607.3	208.7	0.0324	0.0032	0.0988	-1482.357324	1.80425	True	ok
233744at33090	1	c_grandiflora	4..3	0.165	390.6	143.4	0.2131	0.0276	0.1294	-1008.037604	2.61183	True	ok
233744at33090	1		4..5	0.097	390.6	143.4	0.2131	0.0163	0.0764	-1008.037604	2.61183	False	ok
233744at33090	1	a_halleri	5..1	0.046	390.6	143.4	0.2131	0.0078	0.0364	-1008.037604	2.61183	True	ok
233744at33090	1	a_thaliana	5..2	0.094	390.6	143.4	0.1613	0.0131	0.0814	-1008.037604	2.61183	True	ok
23444at33090	2	c_grandiflora	4..3	0.039	1679.7	507.3	0.1635	0.006	0.0365	-3849.892732	2.28332	True	ok
23444at33090	2		4..5	0.105	1679.7	507.3	0.1635	0.0159	0.0975	-3849.892732	2.28332	False	ok
23444at33090	2	a_halleri	5..1	0.062	1679.7	507.3	0.1635	0.0095	0.0582	-3849.892732	2.28332	True	ok
23444at33090	2	a_thaliana	5..2	0.068	1679.7	507.3	0.262	0.0136	0.052	-3849.892732	2.28332	True	ok
23853at33090	3	c_grandiflora	4..3	0.095	2009.2	720.8	0.1291	0.0113	0.0878	-4789.152028	2.47985	True	ok
23853at33090	3		4..5	0.054	2009.2	720.8	0.1291	0.0065	0.0501	-4789.152028	2.47985	False	ok
23853at33090	3	a_halleri	5..1	0.048	2009.2	720.8	0.1291	0.0057	0.0445	-4789.152028	2.47985	True	ok
23853at33090	3	a_thaliana	5..2	0.077	2009.2	720.8	0.1966	0.0123	0.0626	-4789.152028	2.47985	True	ok
24838at33090	4	c_grandiflora	4..3	0.096	2099.3	675.7	0.1682	0.0146	0.0866	-4913.484941	1.97767	True	ok
24838at33090	4		4..5	0.077	2099.3	675.7	0.1682	0.0117	0.0694	-4913.484941	1.97767	False	ok
24838at33090	4	a_halleri	5..1	0.05	2099.3	675.7	0.1682	0.0076	0.0452	-4913.484941	1.97767	True	ok
24838at33090	4	a_thaliana	5..2	0.07	2099.3	675.7	0.1225	0.0084	0.0689	-4913.484941	1.97767	True	ok
24at33090	5	c_grandiflora	4..3	0.056	11341.6	3868.4	0.1457	0.0075	0.0512	-25928.827827	2.15176	True	ok
24at33090	5		4..5	0.11	11341.6	3868.4	0.1457	0.0147	0.1009	-25928.827827	2.15176	False	ok
24at33090	5	a_halleri	5..1	0.032	11341.6	3868.4	0.1457	0.0043	0.0294	-25928.827827	2.15176	True	ok
24at33090	5	a_thaliana	5..2	0.039	11341.6	3868.4	0.1785	0.006	0.0335	-25928.827827	2.15176	True	ok
25435at33090	6	c_grandiflora	4..3	0.078	2172.2	656.8	0.1584	0.0116	0.0732	-5053.690842	1.63031	True	ok
25435at33090	6		4..5	0.103	2172.2	656.8	0.1584	0.0154	0.0972	-5053.690842	1.63031	False	ok
25435at33090	6	a_halleri	5..1	0.048	2172.2	656.8	0.1584	0.0072	0.0454	-5053.690842	1.63031	True	ok
25435at33090	6	a_thaliana	5..2	0.073	2172.2	656.8	0.1653	0.0112	0.0675	-5053.690842	1.63031	True	ok
255at33090	7	c_grandiflora	4..3	0.128	5732.8	1980.2	0.1037	0.0133	0.1279	-13074.673831	2.24895	True	ok
255at33090	7		4..5	0.053	5732.8	1980.2	0.1037	0.0054	0.0525	-13074.673831	2.24895	False	ok
255at33090	7	a_halleri	5..1	0.028	5732.8	1980.2	0.1037	0.0029	0.0279	-13074.673831	2.24895	True	ok
255at33090	7	a_thaliana	5..2	0.046	5732.8	1980.2	0.0759	0.0037	0.0493	-13074.673831	2.24895	True	ok
26868at33090	8	c_grandiflora	4..3	0.105	1553.8	540.2	0.2038	0.0175	0.0859	-3942.095488	2.48631	True	ok
26868at33090	8		4..5	0.095	1553.8	540.2	0.2038	0.0157	0.0772	-3942.095488	2.48631	False	ok
26868at33090	8	a_halleri	5..1	0.073	1553.8	540.2	0.2038	0.0121	0.0595	-3942.095488	2.48631	True	ok
26868at33090	8	a_thaliana	5..2	0.096	1553.8	540.2	0.2888	0.0196	0.0678	-3942.095488	2.48631	True	ok
27237at33090	9	c_grandiflora	4..3	0.074	1793.6	615.4	0.1713	0.011	0.064	-4201.05967	1.9277	True	ok
27237at33090	9		4..5	0.069	1793.6	615.4	0.1713	0.0103	0.0599	-4201.05967	1.9277	False	ok
27237at33090	9	a_halleri	5..1	0.047	1793.6	615.4	0.1713	0.007	0.0411	-4201.05967	1.9277	True	ok
27237at33090	9	a_thaliana	5..2	0.066	1793.6	615.4	0.1431	0.0087	0.0611	-4201.05967	1.9277	True	ok
27607at33090	10	c_grandiflora	4..3	0.11	1532.3	555.7	0.0553	0.0066	0.1194	-3445.302709	2.23436	True	ok
27607at33090	10		4..5	0.019	1532.3	555.7	0.0553	0.0011	0.0205	-3445.302709	2.23436	False	ok
27607at33090	10	a_halleri	5..1	0.037	1532.3	555.7	0.0553	0.0022	0.0407	-3445.302709	2.23436	True	ok
27607at33090	10	a_thaliana	5..2	0.042	1532.3	555.7	0.0714	0.0032	0.0444	-3445.302709	2.23436	True	ok
28920at33090	11	c_grandiflora	4..3	0.096	1787.7	606.3	0.1225	0.0114	0.0929	-4152.114729	2.10594	True	ok
28920at33090	11		4..5	0.061	1787.7	606.3	0.1225	0.0072	0.0591	-4152.114729	2.10594	False	ok
28920at33090	11	a_halleri	5..1	0.045	1787.7	606.3	0.1225	0.0054	0.0438	-4152.114729	2.10594	True	ok
28920at33090	11	a_thaliana	5..2	0.062	1787.7	606.3	0.1704	0.0092	0.054	-4152.114729	2.10594	True	ok
31855at33090	12	c_grandiflora	4..3	0.07	1560.1	602.9	0.1595	0.0095	0.0596	-3841.857143	1.87543	True	ok
31855at33090	12		4..5	0.059	1560.1	602.9	0.1595	0.0079	0.0496	-3841.857143	1.87543	False	ok
31855at33090	12	a_halleri	5..1	0.055	1560.1	602.9	0.1595	0.0075	0.0469	-3841.857143	1.87543	True	ok
31855at33090	12	a_thaliana	5..2	0.092	1560.1	602.9	0.1724	0.0131	0.0757	-3841.857143	1.87543	True	ok
32730at33090	13	c_grandiflora	4..3	0.081	1391.5	396.5	0.0946	0.0087	0.0918	-3089.509292	1.47921	True	ok
32730at33090	13		4..5	0.092	1391.5	396.5	0.0946	0.0099	0.1042	-3089.509292	1.47921	False	ok
32730at33090	13	a_halleri	5..1	0.066	1391.5	396.5	0.0946	0.0071	0.0749	-3089.509292	1.47921	True	ok
32730at33090	13	a_thaliana	5..2	0.043	1391.5	396.5	0.0695	0.0036	0.0515	-3089.509292	1.47921	True	ok
32923at33090	14	c_grandiflora	4..3	0.094	1564.9	505.1	0.3364	0.0212	0.0631	-3793.093222	1.94863	True	ok
32923at33090	14		4..5	0.131	1564.9	505.1	0.3364	0.0295	0.0878	-3793.093222	1.94863	False	ok
32923at33090	14	a_halleri	5..1	0.044	1564.9	505.1	0.3364	0.01	0.0297	-3793.093222	1.94863	True	ok
32923at33090	14	a_thaliana	5..2	0.066	1564.9	505.1	0.0786	0.0057	0.0729	-3793.093222	1.94863	True	ok
33264at33090	15	c_grandiflora	4..3	0.088	1347.4	467.6	0.191	0.014	0.0732	-3391.768181	2.83111	True	ok
33264at33090	15		4..5	0.11	1347.4	467.6	0.191	0.0175	0.0917	-3391.768181	2.83111	False	ok
33264at33090	15	a_halleri	5..1	0.086	1347.4	467.6	0.191	0.0138	0.0721	-3391.768181	2.83111	True	ok
33264at33090	15	a_thaliana	5..2	0.09	1347.4	467.6	0.1212	0.0105	0.0865	-3391.768181	2.83111	True	ok
34517at33090	16	c_grandiflora	4..3	0.094	1766.4	714.6	0.0785	0.0071	0.0909	-4386.813893	2.4952	True	ok
34517at33090	16		4..5	0.076	1766.4	714.6	0.0785	0.0058	0.0737	-4386.813893	2.4952	False	ok
34517at33090	16	a_halleri	5..1	0.058	1766.4	714.6	0.0785	0.0044	0.0561	-4386.813893	2.4952	True	ok
34517at33090	16	a_thaliana	5..2	0.077	1766.4	714.6	0.1491	0.0097	0.0652	-4386.813893	2.4952	True	ok
35499at33090	17	c_grandiflora	4..3	0.05	1560.2	560.8	0.1525	0.0068	0.0446	-3585.962737	3.6873	True	ok
35499at33090	17		4..5	0.072	1560.2	560.8	0.1525	0.0098	0.0639	-3585.962737	3.6873	False	ok
35499at33090	17	a_halleri	5..1	0.054	1560.2	560.8	0.1525	0.0072	0.0475	-3585.962737	3.6873	True	ok
35499at33090	17	a_thaliana	5..2	0.05	1560.2	560.8	0.0917	0.0046	0.0497	-3585.962737	3.6873	True	ok
35887at33090	18	c_grandiflora	4..3	0.134	1940.7	600.3	0.3046	0.029	0.0952	-4863.982803	1.81563	True	ok
35887at33090	18		4..5	0.132	1940.7	600.3	0.3046	0.0285	0.0936	-4863.982803	1.81563	False	ok
35887at33090	18	a_halleri	5..1	0.057	1940.7	600.3	0.3046	0.0124	0.0406	-4863.982803	1.81563	True	ok
35887at33090	18	a_thaliana	5..2	0.077	1940.7	600.3	0.5545	0.0215	0.0387	-4863.982803	1.81563	True	ok
36284at33090	19	c_grandiflora	4..3	0.066	1709.2	609.8	0.0625	0.0044	0.0709	-3942.694663	2.0476	True	ok
36284at33090	19		4..5	0.059	1709.2	609.8	0.0625	0.004	0.0636	-3942.694663	2.0476	False	ok
36284at33090	19	a_halleri	5..1	0.043	1709.2	609.8	0.0625	0.0029	0.0463	-3942.694663	2.0476	True	ok
36284at33090	19	a_thaliana	5..2	0.076	1709.2	609.8	0.0743	0.0059	0.0799	-3942.694663	2.0476	True	ok
37663at33090	20	c_grandiflora	4..3	0.084	1452.7	551.3	0.1272	0.0097	0.0764	-3568.928567	2.47806	True	ok
37663at33090	20		4..5	0.115	1452.7	551.3	0.1272	0.0133	0.1046	-3568.928567	2.47806	False	ok
37663at33090	20	a_halleri	5..1	0.052	1452.7	551.3	0.1272	0.006	0.0475	-3568.928567	2.47806	True	ok
37663at33090	20	a_thaliana	5..2	0.071	1452.7	551.3	0.1655	0.0099	0.0596	-3568.928567	2.47806	True	ok
37699at33090	1	c_grandiflora	4..3	0.083	1881.6	593.4	0.2216	0.015	0.0677	-4764.044772	1.96497	True	ok
37699at33090	1		4..5	0.099	1881.6	593.4	0.2216	0.0179	0.0807	-4764.044772	1.96497	False	ok
37699at33090	1	a_halleri	5..1	0.064	1881.6	593.4	0.2216	0.0117	0.0526	-4764.044772	1.96497	True	ok
37699at33090	1	a_thaliana	5..2	0.156	1881.6	593.4	0.7484	0.0483	0.0645	-4764.044772	1.96497	True	ok
39913at33090	2	c_grandiflora	4..3	0.071	1628.6	594.4	0.061	0.0047	0.0763	-3693.088157	2.50472	True	ok
39913at33090	2		4..5	0.083	1628.6	594.4	0.061	0.0054	0.089	-3693.088157	2.50472	False	ok
39913at33090	2	a_halleri	5..1	0.026	1628.6	594.4	0.061	0.0017	0.0276	-3693.088157	2.50472	True	ok
39913at33090	2	a_thaliana	5..2	0.055	1628.6	594.4	0.0765	0.0044	0.0571	-3693.088157	2.50472	True	ok
4034at33090	3	c_grandiflora	4..3	0.073	3101.7	1044.3	0.1839	0.0114	0.0622	-7359.061913	2.34186	True	ok
4034at33090	3		4..5	0.116	3101.7	1044.3	0.1839	0.0183	0.0997	-7359.061913	2.34186	False	ok
4034at33090	3	a_halleri	5..1	0.044	3101.7	1044.3	0.1839	0.007	0.0379	-7359.061913	2.34186	True	ok
4034at33090	3	a_thaliana	5..2	0.061	3101.7	1044.3	0.1787	0.0094	0.0525	-7359.061913	2.34186	True	ok
40630at33090	4	c_grandiflora	4..3	0.102	1761.7	599.3	0.1306	0.0127	0.0972	-4042.649488	2.38273	True	ok
40630at33090	4		4..5	0.055	1761.7	599.3	0.1306	0.0069	0.0526	-4042.649488	2.38273	False	ok
40630at33090	4	a_halleri	5..1	0.052	1761.7	599.3	0.1306	0.0065	0.0495	-4042.649488	2.38273	True	ok
40630at33090	4	a_thaliana	5..2	0.053	1761.7	599.3	0.2447	0.0099	0.0405	-4042.649488	2.38273	True	ok
41146at33090	5	c_grandiflora	4..3	0.121	1403.9	468.1	0.1219	0.0144	0.1179	-3369.761791	2.20353	True	ok
41146at33090	5		4..5	0.093	1403.9	468.1	0.1219	0.0111	0.0908	-3369.761791	2.20353	False	ok
41146at33090	5	a_halleri	5..1	0.062	1403.9	468.1	0.1219	0.0074	0.0603	-3369.761791	2.20353	True	ok
41146at33090	5	a_thaliana	5..2	0.053	1403.9	468.1	0.1583	0.0076	0.0477	-3369.761791	2.20353	True	ok
4115at33090	6	c_grandiflora	4..3	0.016	2478.8	839.2	0.1828	0.0025	0.0136	-5620.913953	2.72901	True	ok
4115at33090	6		4..5	0.097	2478.8	839.2	0.1828	0.0152	0.0833	-5620.913953	2.72901	False	ok
4115at33090	6	a_halleri	5..1	0.048	2478.8	839.2	0.1828	0.0075	0.041	-5620.913953	2.72901	True	ok
4115at33090	6	a_thaliana	5..2	0.059	2478.8	839.2	0.1305	0.0073	0.0563	-5620.913953	2.72901	True	ok
41244at33090	7	c_grandiflora	4..3	0.1	1295.5	462.5	0.0955	0.0095	0.0998	-3089.100145	2.2623	True	ok
41244at33090	7		4..5	0.078	1295.5	462.5	0.0955	0.0074	0.0776	-3089.100145	2.2623	False	ok
41244at33090	7	a_halleri	5..1	0.056	1295.5	462.5	0.0955	0.0053	0.056	-3089.100145	2.2623	True	ok
41244at33090	7	a_thaliana	5..2	0.056	1295.5	462.5	0.1415	0.0071	0.0504	-3089.100145	2.2623	True	ok
42407at33090	8	c_grandiflora	4..3	0.084	1288.1	373.9	0.2138	0.0153	0.0716	-3026.108299	1.71587	True	ok
42407at33090	8		4..5	0.069	1288.1	373.9	0.2138	0.0125	0.0585	-3026.108299	1.71587	False	ok
42407at33090	8	a_halleri	5..1	0.049	1288.1	373.9	0.2138	0.0089	0.0414	-3026.108299	1.71587	True	ok
42407at33090	8	a_thaliana	5..2	0.121	1288.1	373.9	0.2261	0.0228	0.1009	-3026.108299	1.71587	True	ok
43683at33090	9	c_grandiflora	4..3	0.115	1473.0	495.0	0.2091	0.0197	0.0941	-3567.585965	1.98319	True	ok
43683at33090	9		4..5	0.085	1473.0	495.0	0.2091	0.0145	0.0694	-3567.585965	1.98319	False	ok
43683at33090	9	a_halleri	5..1	0.049	1473.0	495.0	0.2091	0.0084	0.0401	-3567.585965	1.98319	True	ok
43683at33090	9	a_thaliana	5..2	0.071	1473.0	495.0	0.134	0.009	0.0672	-3567.585965	1.98319	True	ok
43957at33090	10	c_grandiflora	4..3	0.1	2026.4	670.6	0.1315	0.0127	0.0963	-5007.644389	1.76837	True	ok
43957at33090	10		4..5	0.1	2026.4	670.6	0.1315	0.0126	0.0957	-5007.644389	1.76837	False	ok
43957at33090	10	a_halleri	5..1	0.059	2026.4	670.6	0.1315	0.0075	0.0568	-5007.644389	1.76837	True	ok
43957at33090	10	a_thaliana	5..2	0.1	2026.4	670.6	0.208	0.0171	0.0825	-5007.644389	1.76837	True	ok
44063at33090	11	c_grandiflora	4..3	0.072	1304.6	411.4	0.1465	0.0101	0.0687	-3110.787546	1.34917	True	ok
44063at33090	11		4..5	0.086	1304.6	411.4	0.1465	0.012	0.0819	-3110.787546	1.34917	False	ok
44063at33090	11	a_halleri	5..1	0.072	1304.6	411.4	0.1465	0.0101	0.0686	-3110.787546	1.34917	True	ok
44063at33090	11	a_thaliana	5..2	0.077	1304.6	411.4	0.1533	0.011	0.072	-3110.787546	1.34917	True	ok
44526at33090	12	c_grandiflora	4..3	0.087	1442.8	483.2	0.1607	0.0125	0.078	-3525.294544	1.77305	True	ok
44526at33090	12		4..5	0.115	1442.8	483.2	0.1607	0.0166	0.1034	-3525.294544	1.77305	False	ok
44526at33090	12	a_halleri	5..1	0.052	1442.8	483.2	0.1607	0.0075	0.0465	-3525.294544	1.77305	True	ok
44526at33090	12	a_thaliana	5..2	0.09	1442.8	483.2	0.1132	0.0101	0.0889	-3525.294544	1.77305	True	ok
46307at33090	13	c_grandiflora	4..3	0.07	1310.6	450.4	0.0714	0.0054	0.0758	-3092.001709	2.04278	True	ok
46307at33090	13		4..5	0.128	1310.6	450.4	0.0714	0.0099	0.138	-3092.001709	2.04278	False	ok
46307at33090	13	a_halleri	5..1	0.053	1310.6	450.4	0.0714	0.0041	0.0576	-3092.001709	2.04278	True	ok
46307at33090	13	a_thaliana	5..2	0.07	1310.6	450.4	0.0594	0.0046	0.0778	-3092.001709	2.04278	True	ok
48027at33090	14	c_grandiflora	4..3	0.101	1279.0	431.0	0.0763	0.0083	0.1085	-2970.904495	2.26001	True	ok
48027at33090	14		4..5	0.069	1279.0	431.0	0.0763	0.0057	0.0747	-2970.904495	2.26001	False	ok
48027at33090	14	a_halleri	5..1	0.057	1279.0	431.0	0.0763	0.0047	0.0616	-2970.904495	2.26001	True	ok
48027at33090	14	a_thaliana	5..2	0.065	1279.0	431.0	0.0492	0.0037	0.0755	-2970.904495	2.26001	True	ok
48290at33090	15	c_grandiflora	4..3	0.09	1454.4	480.6	0.1362	0.0116	0.0853	-3725.163052	2.16795	True	ok
48290at33090	15		4..5	0.045	1454.4	480.6	0.1362	0.0058	0.0424	-3725.163052	2.16795	False	ok
48290at33090	15	a_halleri	5..1	0.102	1454.4	480.6	0.1362	0.0132	0.0967	-3725.163052	2.16795	True	ok
48290at33090	15	a_thaliana	5..2	0.181	1454.4	480.6	0.2246	0.0324	0.1443	-3725.163052	2.16795	True	ok
48645at33090	16	c_grandiflora	4..3	0.045	1364.1	420.9	0.1097	0.0051	0.0465	-2993.276614	2.44212	True	ok
48645at33090	16		4..5	0.082	1364.1	420.9	0.1097	0.0094	0.0859	-2993.276614	2.44212	False	ok
48645at33090	16	a_halleri	5..1	0.033	1364.1	420.9	0.1097	0.0038	0.0349	-2993.276614	2.44212	True	ok
48645at33090	16	a_thaliana	5..2	0.069	1364.1	420.9	0.0761	0.006	0.0787	-2993.276614	2.44212	True	ok
49092at33090	17	c_grandiflora	4..3	0.066	1241.6	426.4	0.0386	0.003	0.0769	-2755.595727	1.8947	True	ok
49092at33090	17		4..5	0.057	1241.6	426.4	0.0386	0.0026	0.0669	-2755.595727	1.8947	False	ok
49092at33090	17	a_halleri	5..1	0.056	1241.6	426.4	0.0386	0.0025	0.0659	-2755.595727	1.8947	True	ok
49092at33090	17	a_thaliana	5..2	0.048	1241.6	426.4	0.0132	0.0008	0.0606	-2755.595727	1.8947	True	ok
50512at33090	18	c_grandiflora	4..3	0.137	1181.5	339.5	0.2181	0.0253	0.116	-3036.331224	2.29915	True	ok
50512at33090	18		4..5	0.132	1181.5	339.5	0.2181	0.0245	0.1125	-3036.331224	2.29915	False	ok
50512at33090	18	a_halleri	5..1	0.128	1181.5	339.5	0.2181	0.0237	0.1087	-3036.331224	2.29915	True	ok
50512at33090	18	a_thaliana	5..2	0.103	1181.5	339.5	0.166	0.0161	0.0972	-3036.331224	2.29915	True	ok
50528at33090	19	c_grandiflora	4..3	0.099	1243.1	370.9	0.115	0.0119	0.1036	-2993.325618	1.66932	True	ok
50528at33090	19		4..5	0.109	1243.1	370.9	0.115	0.0131	0.1137	-2993.325618	1.66932	False	ok
50528at33090	19	a_halleri	5..1	0.081	1243.1	370.9	0.115	0.0098	0.085	-2993.325618	1.66932	True	ok
50528at33090	19	a_thaliana	5..2	0.102	1243.1	370.9	0.0738	0.0088	0.1187	-2993.325618	1.66932	True	ok
51214at33090	20	c_grandiflora	4..3	0.093	1391.2	438.8	0.0836	0.0085	0.1019	-3233.570485	1.82407	True	ok
51214at33090	20		4..5	0.066	1391.2	438.8	0.0836	0.006	0.0724	-3233.570485	1.82407	False	ok
51214at33090	20	a_halleri	5..1	0.046	1391.2	438.8	0.0836	0.0042	0.0502	-3233.570485	1.82407	True	ok
51214at33090	20	a_thaliana	5..2	0.087	1391.2	438.8	0.2457	0.0167	0.0679	-3233.570485	1.82407	True	ok
51262at33090	1	c_grandiflora	4..3	0.149	1564.0	545.0	0.2314	0.0267	0.1152	-3828.557257	2.83446	True	ok
51262at33090	1		4..5	0.083	1564.0	545.0	0.2314	0.0149	0.0643	-3828.557257	2.83446	False	ok
51262at33090	1	a_halleri	5..1	0.047	1564.0	545.0	0.2314	0.0085	0.0366	-3828.557257	2.83446	True	ok
51262at33090	1	a_thaliana	5..2	0.052	1564.0	545.0	0.2602	0.0099	0.0381	-3828.557257	2.83446	True	ok
52795at33090	2	c_grandiflora	4..3	0.073	1335.6	467.4	0.1091	0.0079	0.0721	-3162.346451	2.28184	True	ok
52795at33090	2		4..5	0.075	1335.6	467.4	0.1091	0.008	0.0732	-3162.346451	2.28184	False	ok
52795at33090	2	a_halleri	5..1	0.058	1335.6	467.4	0.1091	0.0062	0.0569	-3162.346451	2.28184	True	ok
52795at33090	2	a_thaliana	5..2	0.075	1335.6	467.4	0.1163	0.0084	0.072	-3162.346451	2.28184	True	ok
5305at33090	3	c_grandiflora	4..3	0.185	2394.8	695.2	0.0871	0.0183	0.2105	-9117.234519	1.57771	True	ok
5305at33090	3		4..5	0.0	2394.8	695.2	0.0871	0.0	0.0	-9117.234519	1.57771	False	ds_floor
5305at33090	3	a_halleri	5..1	10.214	2394.8	695.2	0.0871	1.0141	11.6406	-9117.234519	1.57771	True	ok
5305at33090	3	a_thaliana	5..2	0.072	2394.8	695.2	999.0	0.0311	0.0	-9117.234519	1.57771	True	omega_boundary
53416at33090	4	c_grandiflora	4..3	0.126	1075.9	439.1	0.1984	0.0193	0.0973	-2955.05522	2.2825	True	ok
53416at33090	4		4..5	0.107	1075.9	439.1	0.1984	0.0165	0.083	-2955.05522	2.2825	False	ok
53416at33090	4	a_halleri	5..1	0.096	1075.9	439.1	0.1984	0.0148	0.0744	-2955.05522	2.2825	True	ok
53416at33090	4	a_thaliana	5..2	0.117	1075.9	439.1	0.2348	0.02	0.0853	-2955.05522	2.2825	True	ok
53527at33090	5	c_grandiflora	4..3	0.125	2158.9	697.1	0.0986	0.0129	0.1308	-4945.900812	1.86279	True	ok
53527at33090	5		4..5	0.036	2158.9	697.1	0.0986	0.0037	0.0376	-4945.900812	1.86279	False	ok
53527at33090	5	a_halleri	5..1	0.044	2158.9	697.1	0.0986	0.0046	0.0464	-4945.900812	1.86279	True	ok
53527at33090	5	a_thaliana	5..2	0.063	2158.9	697.1	0.1192	0.0075	0.0633	-4945.900812	1.86279	True	ok
58672at33090	6	c_grandiflora	4..3	0.148	1018.9	349.1	0.0928	0.0141	0.1523	-2443.673535	1.93231	True	ok
58672at33090	6		4..5	0.054	1018.9	349.1	0.0928	0.0052	0.0555	-2443.673535	1.93231	False	ok
58672at33090	6	a_halleri	5..1	0.087	1018.9	349.1	0.0928	0.0083	0.0898	-2443.673535	1.93231	True	ok
58672at33090	6	a_thaliana	5..2	0.053	1018.9	349.1	0.052	0.0032	0.0607	-2443.673535	1.93231	True	ok
5927at33090	7	c_grandiflora	4..3	0.128	2922.3	1052.7	0.233	0.0228	0.0979	-7487.284555	2.2073	True	ok
5927at33090	7		4..5	0.098	2922.3	1052.7	0.233	0.0175	0.075	-7487.284555	2.2073	False	ok
5927at33090	7	a_halleri	5..1	0.058	2922.3	1052.7	0.233	0.0103	0.0441	-7487.284555	2.2073	True	ok
5927at33090	7	a_thaliana	5..2	0.088	2922.3	1052.7	0.211	0.0148	0.07	-7487.284555	2.2073	True	ok
60262at33090	8	c_grandiflora	4..3	0.063	1034.2	339.8	0.0141	0.0011	0.0808	-2271.635225	1.71027	True	ok
60262at33090	8		4..5	0.062	1034.2	339.8	0.0141	0.0011	0.0805	-2271.635225	1.71027	False	ok
60262at33090	8	a_halleri	5..1	0.056	1034.2	339.8	0.0141	0.001	0.0729	-2271.635225	1.71027	True	ok
60262at33090	8	a_thaliana	5..2	0.063	1034.2	339.8	0.0069	0.0006	0.0829	-2271.635225	1.71027	True	ok
62262at33090	9	c_grandiflora	4..3	0.067	1034.9	360.1	0.2153	0.0115	0.0532	-2542.669275	1.96264	True	ok
62262at33090	9		4..5	0.111	1034.9	360.1	0.2153	0.0191	0.0885	-2542.669275	1.96264	False	ok
62262at33090	9	a_halleri	5..1	0.044	1034.9	360.1	0.2153	0.0075	0.0348	-2542.669275	1.96264	True	ok
62262at33090	9	a_thaliana	5..2	0.085	1034.9	360.1	0.448	0.0215	0.0479	-2542.669275	1.96264	True	ok
63411at33090	10	c_grandiflora	4..3	0.092	1159.2	421.8	0.1266	0.0108	0.0856	-2847.342204	1.57225	True	ok
63411at33090	10		4..5	0.084	1159.2	421.8	0.1266	0.0099	0.0781	-2847.342204	1.57225	False	ok
63411at33090	10	a_halleri	5..1	0.08	1159.2	421.8	0.1266	0.0094	0.0746	-2847.342204	1.57225	True	ok
63411at33090	10	a_thaliana	5..2	0.07	1159.2	421.8	0.0479	0.0037	0.077	-2847.342204	1.57225	True	ok
63853at33090	11	c_grandiflora	4..3	0.125	1067.6	348.4	0.092	0.0122	0.1323	-2562.335122	1.4318	True	ok
63853at33090	11		4..5	0.091	1067.6	348.4	0.092	0.0088	0.0957	-2562.335122	1.4318	False	ok
63853at33090	11	a_halleri	5..1	0.06	1067.6	348.4	0.092	0.0058	0.063	-2562.335122	1.4318	True	ok
63853at33090	11	a_thaliana	5..2	0.073	1067.6	348.4	0.0556	0.0047	0.0846	-2562.335122	1.4318	True	ok
64272at33090	12	c_grandiflora	4..3	0.09	2067.2	611.8	0.2208	0.0166	0.0751	-4939.045776	1.70585	True	ok
64272at33090	12		4..5	0.13	2067.2	611.8	0.2208	0.024	0.1087	-4939.045776	1.70585	False	ok
64272at33090	12	a_halleri	5..1	0.059	2067.2	611.8	0.2208	0.011	0.0497	-4939.045776	1.70585	True	ok
64272at33090	12	a_thaliana	5..2	0.086	2067.2	611.8	0.1855	0.0143	0.0772	-4939.045776	1.70585	True	ok
6512at33090	13	c_grandiflora	4..3	0.105	2628.6	839.4	0.2011	0.0178	0.0887	-6336.438742	2.47692	True	ok
6512at33090	13		4..5	0.095	2628.6	839.4	0.2011	0.0161	0.08	-6336.438742	2.47692	False	ok
6512at33090	13	a_halleri	5..1	0.063	2628.6	839.4	0.2011	0.0107	0.053	-6336.438742	2.47692	True	ok
6512at33090	13	a_thaliana	5..2	0.08	2628.6	839.4	0.2702	0.0161	0.0597	-6336.438742	2.47692	True	ok
65263at33090	14	c_grandiflora	4..3	0.139	1355.1	411.9	0.1502	0.02	0.1334	-3335.386163	1.3754	True	ok
65263at33090	14		4..5	0.095	1355.1	411.9	0.1502	0.0136	0.0905	-3335.386163	1.3754	False	ok
65263at33090	14	a_halleri	5..1	0.057	1355.1	411.9	0.1502	0.0082	0.0544	-3335.386163	1.3754	True	ok
65263at33090	14	a_thaliana	5..2	0.097	1355.1	411.9	0.3144	0.0213	0.0678	-3335.386163	1.3754	True	ok
67132at33090	15	c_grandiflora	4..3	0.056	1513.7	496.3	0.0631	0.004	0.0639	-3309.417742	2.09281	True	ok
67132at33090	15		4..5	0.096	1513.7	496.3	0.0631	0.0068	0.1085	-3309.417742	2.09281	False	ok
67132at33090	15	a_halleri	5..1	0.029	1513.7	496.3	0.0631	0.0021	0.0331	-3309.417742	2.09281	True	ok
67132at33090	15	a_thaliana	5..2	0.039	1513.7	496.3	0.0915	0.0038	0.0413	-3309.417742	2.09281	True	ok
67389at33090	16	c_grandiflora	4..3	0.089	1223.4	381.6	0.0869	0.0085	0.098	-2861.111928	1.44249	True	ok
67389at33090	16		4..5	0.116	1223.4	381.6	0.0869	0.011	0.1272	-2861.111928	1.44249	False	ok
67389at33090	16	a_halleri	5..1	0.039	1223.4	381.6	0.0869	0.0038	0.0433	-2861.111928	1.44249	True	ok
67389at33090	16	a_thaliana	5..2	0.079	1223.4	381.6	0.0851	0.0074	0.0871	-2861.111928	1.44249	True	ok
68169at33090	17	c_grandiflora	4..3	0.047	1774.1	655.9	0.2297	0.0083	0.036	-4306.042189	2.1779	True	ok
68169at33090	17		4..5	0.075	1774.1	655.9	0.2297	0.0131	0.0569	-4306.042189	2.1779	False	ok
68169at33090	17	a_halleri	5..1	0.056	1774.1	655.9	0.2297	0.0098	0.0429	-4306.042189	2.1779	True	ok
68169at33090	17	a_thaliana	5..2	0.083	1774.1	655.9	0.2182	0.0141	0.0646	-4306.042189	2.1779	True	ok
6843at33090	18	c_grandiflora	4..3	0.041	1803.0	609.0	0.1429	0.0055	0.0384	-4137.632443	2.27169	True	ok
6843at33090	18		4..5	0.089	1803.0	609.0	0.1429	0.0118	0.0826	-4137.632443	2.27169	False	ok
6843at33090	18	a_halleri	5..1	0.048	1803.0	609.0	0.1429	0.0064	0.0445	-4137.632443	2.27169	True	ok
6843at33090	18	a_thaliana	5..2	0.072	1803.0	609.0	0.079	0.0061	0.0776	-4137.632443	2.27169	True	ok
68537at33090	19	c_grandiflora	4..3	0.082	1018.1	373.9	0.1277	0.0097	0.0759	-2402.610893	2.90553	True	ok
68537at33090	19		4..5	0.065	1018.1	373.9	0.1277	0.0077	0.0601	-2402.610893	2.90553	False	ok
68537at33090	19	a_halleri	5..1	0.065	1018.1	373.9	0.1277	0.0076	0.0597	-2402.610893	2.90553	True	ok
68537at33090	19	a_thaliana	5..2	0.045	1018.1	373.9	0.2848	0.009	0.0317	-2402.610893	2.90553	True	ok
68957at33090	20	c_grandiflora	4..3	0.051	1267.1	442.9	0.1499	0.0069	0.046	-2974.744334	1.72304	True	ok
68957at33090	20		4..5	0.09	1267.1	442.9	0.1499	0.0122	0.0814	-2974.744334	1.72304	False	ok
68957at33090	20	a_halleri	5..1	0.042	1267.1	442.9	0.1499	0.0056	0.0377	-2974.744334	1.72304	True	ok
68957at33090	20	a_thaliana	5..2	0.071	1267.1	442.9	0.0981	0.007	0.0714	-2974.744334	1.72304	True	ok
69073at33090	1	c_grandiflora	4..3	0.043	1041.5	371.5	0.1263	0.005	0.04	-2502.183694	2.57587	True	ok
69073at33090	1		4..5	0.098	1041.5	371.5	0.1263	0.0116	0.092	-2502.183694	2.57587	False	ok
69073at33090	1	a_halleri	5..1	0.074	1041.5	371.5	0.1263	0.0087	0.0691	-2502.183694	2.57587	True	ok
69073at33090	1	a_thaliana	5..2	0.079	1041.5	371.5	0.1456	0.0104	0.0716	-2502.183694	2.57587	True	ok
69137at33090	2	c_grandiflora	4..3	0.073	1263.1	383.9	0.1047	0.0081	0.0774	-2830.788582	1.59882	True	ok
69137at33090	2		4..5	0.062	1263.1	383.9	0.1047	0.0069	0.0659	-2830.788582	1.59882	False	ok
69137at33090	2	a_halleri	5..1	0.059	1263.1	383.9	0.1047	0.0066	0.0627	-2830.788582	1.59882	True	ok
69137at33090	2	a_thaliana	5..2	0.059	1263.1	383.9	0.2271	0.0109	0.0482	-2830.788582	1.59882	True	ok
69505at33090	3	c_grandiflora	4..3	0.153	1094.6	288.4	0.1932	0.0273	0.1415	-2757.94136	1.38257	True	ok
69505at33090	3		4..5	0.089	1094.6	288.4	0.1932	0.0158	0.0819	-2757.94136	1.38257	False	ok
69505at33090	3	a_halleri	5..1	0.118	1094.6	288.4	0.1932	0.0211	0.1091	-2757.94136	1.38257	True	ok
69505at33090	3	a_thaliana	5..2	0.11	1094.6	288.4	0.2451	0.0224	0.0914	-2757.94136	1.38257	True	ok
70613at33090	4	c_grandiflora	4..3	0.1	1026.7	353.3	0.0865	0.009	0.104	-2405.668874	3.10051	True	ok
70613at33090	4		4..5	0.046	1026.7	353.3	0.0865	0.0042	0.0483	-2405.668874	3.10051	False	ok
70613at33090	4	a_halleri	5..1	0.041	1026.7	353.3	0.0865	0.0037	0.0427	-2405.668874	3.10051	True	ok
70613at33090	4	a_thaliana	5..2	0.098	1026.7	353.3	0.1606	0.014	0.0872	-2405.668874	3.10051	True	ok
71620at33090	5	c_grandiflora	4..3	0.058	1035.2	326.8	0.0582	0.004	0.0683	-2336.850903	1.89861	True	ok
71620at33090	5		4..5	0.073	1035.2	326.8	0.0582	0.005	0.0858	-2336.850903	1.89861	False	ok
71620at33090	5	a_halleri	5..1	0.055	1035.2	326.8	0.0582	0.0037	0.0643	-2336.850903	1.89861	True	ok
71620at33090	5	a_thaliana	5..2	0.077	1035.2	326.8	0.0954	0.0079	0.0823	-2336.850903	1.89861	True	ok
72992at33090	6	c_grandiflora	4..3	0.068	1302.2	386.8	0.0916	0.0069	0.0756	-2999.024469	2.06523	True	ok
72992at33090	6		4..5	0.094	1302.2	386.8	0.0916	0.0096	0.105	-2999.024469	2.06523	False	ok
72992at33090	6	a_halleri	5..1	0.07	1302.2	386.8	0.0916	0.0072	0.0783	-2999.024469	2.06523	True	ok
72992at33090	6	a_thaliana	5..2	0.11	1302.2	386.8	0.0795	0.01	0.1263	-2999.024469	2.06523	True	ok
7366at33090	7	c_grandiflora	4..3	0.074	2496.7	725.3	0.0834	0.0071	0.0853	-5468.318969	1.7278	True	ok
7366at33090	7		4..5	0.108	2496.7	725.3	0.0834	0.0103	0.124	-5468.318969	1.7278	False	ok
7366at33090	7	a_halleri	5..1	0.036	2496.7	725.3	0.0834	0.0035	0.0418	-5468.318969	1.7278	True	ok
7366at33090	7	a_thaliana	5..2	0.057	2496.7	725.3	0.1223	0.0073	0.0596	-5468.318969	1.7278	True	ok
74230at33090	8	c_grandiflora	4..3	0.049	1071.1	332.9	0.098	0.0051	0.0522	-2563.000814	2.40812	True	ok
74230at33090	8		4..5	0.106	1071.1	332.9	0.098	0.0111	0.1134	-2563.000814	2.40812	False	ok
74230at33090	8	a_halleri	5..1	0.101	1071.1	332.9	0.098	0.0106	0.1084	-2563.000814	2.40812	True	ok
74230at33090	8	a_thaliana	5..2	0.099	1071.1	332.9	0.2256	0.0181	0.0804	-2563.000814	2.40812	True	ok
74742at33090	9	c_grandiflora	4..3	0.146	1042.2	358.8	0.2212	0.0256	0.116	-2567.649605	1.96717	True	ok
74742at33090	9		4..5	0.059	1042.2	358.8	0.2212	0.0104	0.0471	-2567.649605	1.96717	False	ok
74742at33090	9	a_halleri	5..1	0.043	1042.2	358.8	0.2212	0.0076	0.0344	-2567.649605	1.96717	True	ok
74742at33090	9	a_thaliana	5..2	0.095	1042.2	358.8	0.1396	0.0122	0.0877	-2567.649605	1.96717	True	ok
76849at33090	10	c_grandiflora	4..3	0.115	1312.4	454.6	0.1458	0.0153	0.1049	-3187.089734	2.01403	True	ok
76849at33090	10		4..5	0.075	1312.4	454.6	0.1458	0.01	0.0684	-3187.089734	2.01403	False	ok
76849at33090	10	a_halleri	5..1	0.054	1312.4	454.6	0.1458	0.0072	0.0497	-3187.089734	2.01403	True	ok
76849at33090	10	a_thaliana	5..2	0.085	1312.4	454.6	0.0951	0.0082	0.086	-3187.089734	2.01403	True	ok
79950at33090	11	c_grandiflora	4..3	0.072	976.6	337.4	0.3221	0.0155	0.0481	-2572.143231	2.86051	True	ok
79950at33090	11		4..5	0.151	976.6	337.4	0.3221	0.0326	0.1012	-2572.143231	2.86051	False	ok
79950at33090	11	a_halleri	5..1	0.076	976.6	337.4	0.3221	0.0164	0.051	-2572.143231	2.86051	True	ok
79950at33090	11	a_thaliana	5..2	0.134	976.6	337.4	0.2138	0.023	0.1074	-2572.143231	2.86051	True	ok
8072at33090	12	c_grandiflora	4..3	0.028	2133.4	740.6	0.1044	0.0029	0.0278	-4771.724321	2.382	True	ok
8072at33090	12		4..5	0.1	2133.4	740.6	0.1044	0.0104	0.0995	-4771.724321	2.382	False	ok
8072at33090	12	a_halleri	5..1	0.024	2133.4	740.6	0.1044	0.0025	0.0242	-4771.724321	2.382	True	ok
8072at33090	12	a_thaliana	5..2	0.057	2133.4	740.6	0.2598	0.0109	0.0421	-4771.724321	2.382	True	ok
83749at33090	13	c_grandiflora	4..3	0.075	1029.6	350.4	0.1264	0.009	0.0714	-2373.585913	2.21823	True	ok
83749at33090	13		4..5	0.067	1029.6	350.4	0.1264	0.0081	0.0643	-2373.585913	2.21823	False	ok
83749at33090	13	a_halleri	5..1	0.041	1029.6	350.4	0.1264	0.005	0.0392	-2373.585913	2.21823	True	ok
83749at33090	13	a_thaliana	5..2	0.07	1029.6	350.4	0.1301	0.0087	0.0667	-2373.585913	2.21823	True	ok
84264at33090	14	c_grandiflora	4..3	0.075	1727.6	567.4	0.3469	0.0169	0.0489	-4425.36797	2.49963	True	ok
84264at33090	14		4..5	0.157	1727.6	567.4	0.3469	0.0358	0.1031	-4425.36797	2.49963	False	ok
84264at33090	14	a_halleri	5..1	0.069	1727.6	567.4	0.3469	0.0158	0.0455	-4425.36797	2.49963	True	ok
84264at33090	14	a_thaliana	5..2	0.115	1727.6	567.4	0.3571	0.0266	0.0744	-4425.36797	2.49963	True	ok
87347at33090	15	c_grandiflora	4..3	0.05	2141.9	714.1	0.1913	0.0082	0.0427	-5157.633492	2.12369	True	ok
87347at33090	15		4..5	0.118	2141.9	714.1	0.1913	0.019	0.0996	-5157.633492	2.12369	False	ok
87347at33090	15	a_halleri	5..1	0.061	2141.9	714.1	0.1913	0.0099	0.0516	-5157.633492	2.12369	True	ok
87347at33090	15	a_thaliana	5..2	0.083	2141.9	714.1	0.2101	0.0142	0.0676	-5157.633492	2.12369	True	ok
87734at33090	16	c_grandiflora	4..3	0.077	1035.3	362.7	0.2177	0.0133	0.061	-2558.432147	1.59767	True	ok
87734at33090	16		4..5	0.12	1035.3	362.7	0.2177	0.0206	0.0948	-2558.432147	1.59767	False	ok
87734at33090	16	a_halleri	5..1	0.056	1035.3	362.7	0.2177	0.0096	0.0442	-2558.432147	1.59767	True	ok
87734at33090	16	a_thaliana	5..2	0.078	1035.3	362.7	0.1175	0.0088	0.0753	-2558.432147	1.59767	True	ok
88295at33090	17	c_grandiflora	4..3	0.071	1008.8	356.2	0.0338	0.0028	0.0828	-2394.877665	2.13051	True	ok
88295at33090	17		4..5	0.075	1008.8	356.2	0.0338	0.0029	0.0869	-2394.877665	2.13051	False	ok
88295at33090	17	a_halleri	5..1	0.06	1008.8	356.2	0.0338	0.0024	0.0703	-2394.877665	2.13051	True	ok
88295at33090	17	a_thaliana	5..2	0.092	1008.8	356.2	0.1135	0.0101	0.0894	-2394.877665	2.13051	True	ok
88687at33090	18	c_grandiflora	4..3	0.087	988.3	322.7	0.1771	0.0135	0.0762	-2277.135901	1.88707	True	ok
88687at33090	18		4..5	0.085	988.3	322.7	0.1771	0.0133	0.075	-2277.135901	1.88707	False	ok
88687at33090	18	a_halleri	5..1	0.032	988.3	322.7	0.1771	0.005	0.0285	-2277.135901	1.88707	True	ok
88687at33090	18	a_thaliana	5..2	0.058	988.3	322.7	0.2159	0.0102	0.0475	-2277.135901	1.88707	True	ok
88771at33090	19	c_grandiflora	4..3	0.126	1233.1	431.9	0.1259	0.015	0.1188	-2994.622314	1.46682	True	ok
88771at33090	19		4..5	0.029	1233.1	431.9	0.1259	0.0034	0.0271	-2994.622314	1.46682	False	ok
88771at33090	19	a_halleri	5..1	0.053	1233.1	431.9	0.1259	0.0063	0.0503	-2994.622314	1.46682	True	ok
88771at33090	19	a_thaliana	5..2	0.089	1233.1	431.9	0.2065	0.0148	0.0716	-2994.622314	1.46682	True	ok
89796at33090	20	c_grandiflora	4..3	0.059	1484.1	555.9	0.0711	0.0043	0.0602	-3587.844727	2.42138	True	ok
89796at33090	20		4..5	0.077	1484.1	555.9	0.0711	0.0056	0.0788	-3587.844727	2.42138	False	ok
89796at33090	20	a_halleri	5..1	0.082	1484.1	555.9	0.0711	0.006	0.0844	-3587.844727	2.42138	True	ok
89796at33090	20	a_thaliana	5..2	0.077	1484.1	555.9	0.0688	0.0055	0.0794	-3587.844727	2.42138	True	ok
90301at33090	1	c_grandiflora	4..3	0.084	1024.3	361.7	0.0868	0.0074	0.0856	-2444.377811	1.82148	True	ok
90301at33090	1		4..5	0.118	1024.3	361.7	0.0868	0.0105	0.1214	-2444.377811	1.82148	False	ok
90301at33090	1	a_halleri	5..1	0.037	1024.3	361.7	0.0868	0.0033	0.0383	-2444.377811	1.82148	True	ok
90301at33090	1	a_thaliana	5..2	0.084	1024.3	361.7	0.094	0.0079	0.0843	-2444.377811	1.82148	True	ok
9044at33090	2	c_grandiflora	4..3	0.085	2350.1	814.9	0.1246	0.01	0.0806	-5764.219624	2.32829	True	ok
9044at33090	2		4..5	0.123	2350.1	814.9	0.1246	0.0146	0.117	-5764.219624	2.32829	False	ok
9044at33090	2	a_halleri	5..1	0.058	2350.1	814.9	0.1246	0.0068	0.0548	-5764.219624	2.32829	True	ok
9044at33090	2	a_thaliana	5..2	0.09	2350.1	814.9	0.0819	0.0077	0.0938	-5764.219624	2.32829	True	ok
9058at33090	3	c_grandiflora	4..3	0.1	3281.2	1029.8	0.3287	0.0225	0.0684	-7782.569608	2.51953	True	ok
9058at33090	3		4..5	0.095	3281.2	1029.8	0.3287	0.0214	0.0651	-7782.569608	2.51953	False	ok
9058at33090	3	a_halleri	5..1	0.049	3281.2	1029.8	0.3287	0.0109	0.0331	-7782.569608	2.51953	True	ok
9058at33090	3	a_thaliana	5..2	0.073	3281.2	1029.8	0.2792	0.0151	0.0539	-7782.569608	2.51953	True	ok
90872at33090	4	c_grandiflora	4..3	0.115	1030.9	331.1	0.1317	0.0148	0.1123	-2442.06083	1.71048	True	ok
90872at33090	4		4..5	0.072	1030.9	331.1	0.1317	0.0092	0.0702	-2442.06083	1.71048	False	ok
90872at33090	4	a_halleri	5..1	0.063	1030.9	331.1	0.1317	0.0081	0.0617	-2442.06083	1.71048	True	ok
90872at33090	4	a_thaliana	5..2	0.069	1030.9	331.1	0.1434	0.0094	0.0656	-2442.06083	1.71048	True	ok
92579at33090	5	c_grandiflora	4..3	0.09	857.2	351.8	0.1674	0.0123	0.0736	-2203.180327	2.34264	True	ok
92579at33090	5		4..5	0.088	857.2	351.8	0.1674	0.0119	0.0712	-2203.180327	2.34264	False	ok
92579at33090	5	a_halleri	5..1	0.056	857.2	351.8	0.1674	0.0076	0.0455	-2203.180327	2.34264	True	ok
92579at33090	5	a_thaliana	5..2	0.087	857.2	351.8	0.2555	0.0157	0.0616	-2203.180327	2.34264	True	ok
95807at33090	6	c_grandiflora	4..3	0.065	955.4	340.6	0.3659	0.015	0.0409	-2478.712102	1.9237	True	ok
95807at33090	6		4..5	0.129	955.4	340.6	0.3659	0.0294	0.0804	-2478.712102	1.9237	False	ok
95807at33090	6	a_halleri	5..1	0.074	955.4	340.6	0.3659	0.017	0.0465	-2478.712102	1.9237	True	ok
95807at33090	6	a_thaliana	5..2	0.097	955.4	340.6	0.2707	0.0189	0.0699	-2478.712102	1.9237	True	ok
96953at33090	7	c_grandiflora	4..3	0.184	883.8	274.2	0.1839	0.0298	0.1622	-2295.028241	1.44646	True	ok
96953at33090	7		4..5	0.134	883.8	274.2	0.1839	0.0218	0.1184	-2295.028241	1.44646	False	ok
96953at33090	7	a_halleri	5..1	0.1	883.8	274.2	0.1839	0.0163	0.0883	-2295.028241	1.44646	True	ok
96953at33090	7	a_thaliana	5..2	0.071	883.8	274.2	0.1556	0.0104	0.0667	-2295.028241	1.44646	True	ok
97593at33090	8	c_grandiflora	4..3	0.072	915.9	323.1	0.1847	0.0111	0.0603	-2236.441245	1.77115	True	ok
97593at33090	8		4..5	0.076	915.9	323.1	0.1847	0.0119	0.0642	-2236.441245	1.77115	False	ok
97593at33090	8	a_halleri	5..1	0.065	915.9	323.1	0.1847	0.0101	0.0548	-2236.441245	1.77115	True	ok
97593at33090	8	a_thaliana	5..2	0.076	915.9	323.1	0.3134	0.016	0.0512	-2236.441245	1.77115	True	ok
9849at33090	9	c_grandiflora	4..3	0.155	2398.8	823.2	0.282	0.0312	0.1107	-6266.180246	2.44262	True	ok
9849at33090	9		4..5	0.101	2398.8	823.2	0.282	0.0204	0.0722	-6266.180246	2.44262	False	ok
9849at33090	9	a_halleri	5..1	0.062	2398.8	823.2	0.282	0.0125	0.0444	-6266.180246	2.44262	True	ok
9849at33090	9	a_thaliana	5..2	0.114	2398.8	823.2	0.3423	0.0255	0.0745	-6266.180246	2.44262	True	ok
